回号,抽せん日,当選番号,ストレート,ボックス,セット（ストレート）,セット（ボックス）,ミニ,販売実績額
0001,1994/10/07,191,42,275.0,18.0,181.0,92,49263000.0
0002,1994/10/14,988,23,77.0,8.0,42.0,73,50632400.0
0003,1994/10/21,194,126,1038.0,126.0,511.0,203,69384200.0
0004,1994/10/28,105,173,844.0,218.0,422.0,152,62531800.0
0005,1994/11/04,592,33,680.0,43.0,474.0,105,55831400.0
0006,1994/11/11,792,49,722.0,29.0,442.0,130,53863400.0
0007,1994/11/18,708,42,284.0,56.0,186.0,121,49586600.0
0008,1994/11/25,234,132,658.0,137.0,317.0,152,47050600.0
0009,1994/12/02,243,61,670.0,43.0,458.0,118,46031800.0
0010,1994/12/09,340,28,389.0,31.0,275.0,55,47894400.0
0011,1994/12/16,326,150,948.0,176.0,546.0,244,50786200.0
0012,1994/12/23,247,169,925.0,154.0,552.0,156,48340200.0
0013,1994/12/30,229,62,118.0,64.0,89.0,138,43237400.0
0014,1995/01/06,743,104,1265.0,98.0,761.0,218,92934400.0
0015,1995/01/10,019,215,1786.0,259.0,1259.0,557,113596600.0
0016,1995/01/13,179,212,1546.0,235.0,1005.0,358,127373800.0
0017,1995/01/17,475,119,999.0,115.0,647.0,251,106380000.0
0018,1995/01/20,291,176,1913.0,198.0,1601.0,218,107932200.0
0019,1995/01/24,852,179,2952.0,194.0,1935.0,412,108162400.0
0020,1995/01/27,502,139,1424.0,211.0,953.0,203,104937400.0
0021,1995/01/31,558,57,124.0,61.0,70.0,337,102479200.0
0022,1995/02/03,951,138,2277.0,202.0,1696.0,512,161906200.0
0023,1995/02/07,912,259,3009.0,344.0,2250.0,975,171516600.0
0024,1995/02/10,039,180,1648.0,226.0,1296.0,633,164372800.0
0025,1995/02/14,458,198,1114.0,231.0,762.0,736,161399000.0
0026,1995/02/17,984,85,824.0,99.0,790.0,476,166250800.0
0027,1995/02/21,917,290,1964.0,410.0,1470.0,1197,169786600.0
0028,1995/02/24,789,242,1316.0,399.0,806.0,509,163109000.0
0029,1995/02/28,589,248,1342.0,337.0,1092.0,507,164867400.0
0030,1995/03/03,725,497,3409.0,615.0,2421.0,1398,189835600.0
0031,1995/03/07,073,132,2255.0,179.0,1970.0,772,179564600.0
0032,1995/03/10,547,192,1630.0,256.0,1333.0,929,174307000.0
0033,1995/03/14,063,153,2078.0,158.0,1931.0,895,184795800.0
0034,1995/03/17,634,220,1783.0,275.0,1641.0,841,168892000.0
0035,1995/03/21,333,1006,,,,483,153684200.0
0036,1995/03/24,405,220,1107.0,290.0,850.0,427,149055000.0
0037,1995/03/28,168,219,1529.0,290.0,1314.0,711,158197600.0
0038,1995/03/31,389,188,924.0,303.0,906.0,680,152747400.0
0039,1995/04/04,587,273,2519.0,265.0,1881.0,724,277784000.0
0040,1995/04/07,304,396,3009.0,492.0,2582.0,746,335755600.0
0041,1995/04/11,048,521,3511.0,664.0,2578.0,1724,346423400.0
0042,1995/04/14,228,810,1213.0,869.0,683.0,2293,331115600.0
0043,1995/04/18,922,413,994.0,527.0,1037.0,1151,343312000.0
0044,1995/04/21,697,169,1417.0,281.0,1502.0,784,342692800.0
0045,1995/04/25,970,162,1900.0,196.0,2176.0,669,348878600.0
0046,1995/04/28,298,580,4024.0,1007.0,4417.0,1352,383688400.0
0047,1995/05/02,989,574,667.0,575.0,946.0,2216,382528000.0
0048,1995/05/05,202,246,633.0,328.0,605.0,690,258253800.0
0049,1995/05/09,476,404,2776.0,477.0,2348.0,1106,381974600.0
0050,1995/05/12,042,373,3562.0,458.0,3935.0,1795,370793800.0
0051,1995/05/16,802,416,3369.0,664.0,3568.0,1232,343509400.0
0052,1995/05/19,717,523,753.0,574.0,511.0,2124,344753800.0
0053,1995/05/23,889,394,701.0,434.0,833.0,2612,351225400.0
0054,1995/05/26,226,850,1641.0,1194.0,1153.0,2743,361084200.0
0055,1995/05/30,728,610,3482.0,1144.0,3444.0,2834,358863200.0
0056,1995/06/02,929,756,1275.0,974.0,1360.0,2444,362652400.0
0057,1995/06/06,836,283,2888.0,421.0,2743.0,2007,337736400.0
0058,1995/06/09,383,395,792.0,391.0,778.0,1102,338286800.0
0059,1995/06/13,410,659,2505.0,830.0,2662.0,1137,341527800.0
0060,1995/06/16,980,324,2581.0,490.0,3454.0,635,338964000.0
0061,1995/06/20,542,345,3092.0,396.0,3364.0,1417,335307200.0
0062,1995/06/23,725,769,4336.0,1067.0,4007.0,2375,342250600.0
0063,1995/06/27,251,619,4101.0,665.0,4880.0,1608,345627200.0
0064,1995/06/30,260,298,2648.0,354.0,2952.0,908,349845200.0
0065,1995/07/04,588,392,627.0,349.0,609.0,1198,350391600.0
0066,1995/07/07,512,838,4545.0,1069.0,4417.0,1893,380609000.0
0067,1995/07/11,512,954,5525.0,1071.0,5432.0,1868,341511600.0
0068,1995/07/14,750,283,1865.0,301.0,2066.0,714,325138200.0
0069,1995/07/18,902,684,3014.0,901.0,3795.0,1405,337300800.0
0070,1995/07/21,963,352,3045.0,459.0,3126.0,1001,321154800.0
0071,1995/07/25,661,349,611.0,309.0,738.0,832,310930000.0
0072,1995/07/28,879,297,2146.0,291.0,2547.0,1188,308891400.0
0073,1995/08/01,452,402,3190.0,392.0,3328.0,1281,312056800.0
0074,1995/08/04,174,332,4194.0,353.0,4832.0,958,304321200.0
0075,1995/08/08,283,373,2712.0,483.0,3440.0,982,286708200.0
0076,1995/08/11,238,858,3199.0,746.0,3629.0,1484,281855600.0
0077,1995/08/15,972,339,2720.0,415.0,3350.0,1009,245258200.0
0078,1995/08/18,241,406,2956.0,438.0,3713.0,960,268148000.0
0079,1995/08/22,310,657,2219.0,795.0,2423.0,844,266013200.0
0080,1995/08/25,882,423,974.0,415.0,1372.0,1493,267216400.0
0081,1995/08/29,269,421,2715.0,565.0,2787.0,788,279610600.0
0082,1995/09/01,144,229,648.0,206.0,793.0,613,278704000.0
0083,1995/09/05,174,489,4748.0,486.0,4970.0,748,300822800.0
0084,1995/09/08,882,392,1313.0,450.0,1682.0,1456,282298200.0
0085,1995/09/12,307,461,2058.0,613.0,2039.0,558,285672800.0
0086,1995/09/15,864,258,1577.0,309.0,1656.0,748,250451400.0
0087,1995/09/19,370,294,2119.0,336.0,2629.0,468,267045400.0
0088,1995/09/22,739,232,1644.0,294.0,1725.0,793,278959600.0
0089,1995/09/26,697,291,1351.0,326.0,1678.0,964,309908600.0
0090,1995/09/29,689,703,2137.0,895.0,2837.0,3256,330952200.0
0091,1995/10/03,168,492,2491.0,637.0,2685.0,1448,319622200.0
0092,1995/10/06,957,292,2194.0,343.0,2305.0,1229,317476800.0
0093,1995/10/10,910,750,3019.0,727.0,2764.0,1175,287432200.0
0094,1995/10/13,933,187,564.0,173.0,684.0,684,293755400.0
0095,1995/10/17,306,515,2441.0,654.0,2710.0,778,304125200.0
0096,1995/10/20,944,208,423.0,221.0,491.0,981,303427400.0
0097,1995/10/24,988,1266,1152.0,979.0,1233.0,1647,311098000.0
0098,1995/10/27,562,403,2668.0,466.0,3250.0,1312,327597200.0
0099,1995/10/31,571,393,2648.0,447.0,2939.0,829,315088000.0
0100,1995/11/03,899,453,921.0,370.0,1874.0,1222,295364800.0
0101,1995/11/07,945,342,1661.0,373.0,2117.0,1231,310844600.0
0102,1995/11/10,560,262,1064.0,245.0,1498.0,532,303043200.0
0103,1995/11/14,824,543,3062.0,779.0,3577.0,1810,306191200.0
0104,1995/11/17,610,497,1537.0,585.0,1875.0,1092,298895800.0
0105,1995/11/21,619,465,2028.0,638.0,2560.0,1211,291413000.0
0106,1995/11/24,086,232,1705.0,227.0,2207.0,1141,292800800.0
0107,1995/11/28,082,510,3052.0,465.0,3925.0,2182,314895800.0
0108,1995/12/01,254,460,2714.0,492.0,3363.0,1085,318552000.0
0109,1995/12/05,191,234,818.0,254.0,1212.0,851,328348400.0
0110,1995/12/08,385,751,3231.0,770.0,3390.0,1167,333192400.0
0111,1995/12/12,056,322,1560.0,382.0,1880.0,1382,344839000.0
0112,1995/12/15,167,465,2059.0,626.0,2714.0,1567,346170600.0
0113,1995/12/19,744,272,446.0,254.0,655.0,1577,363904400.0
0114,1995/12/22,205,546,2706.0,721.0,3006.0,987,357861000.0
0115,1995/12/26,770,246,440.0,208.0,545.0,819,336490800.0
0116,1995/12/29,366,439,677.0,430.0,773.0,1642,358395000.0
0117,1996/01/05,952,512,3180.0,634.0,4280.0,1527,325406200.0
0118,1996/01/09,635,552,2693.0,552.0,2929.0,1839,339025400.0
0119,1996/01/12,952,641,3532.0,785.0,4447.0,1201,341004600.0
0120,1996/01/16,650,372,1888.0,438.0,2696.0,782,329817200.0
0121,1996/01/19,439,406,1626.0,493.0,2222.0,1237,350084800.0
0122,1996/01/23,458,522,2175.0,612.0,2609.0,1904,355970800.0
0123,1996/01/26,513,778,4010.0,885.0,4250.0,1799,357017000.0
0124,1996/01/30,863,625,3546.0,715.0,3871.0,1447,357243200.0
0125,1996/02/02,409,438,1780.0,619.0,2158.0,1011,339289200.0
0126,1996/02/06,318,1032,3206.0,1173.0,3462.0,1736,342465600.0
0127,1996/02/09,217,910,3270.0,1033.0,4263.0,1289,323980400.0
0128,1996/02/13,855,351,464.0,271.0,701.0,1449,296991800.0
0129,1996/02/16,620,558,1914.0,645.0,2568.0,1390,311874800.0
0130,1996/02/20,559,329,387.0,303.0,758.0,1180,305066400.0
0131,1996/02/23,820,594,2079.0,722.0,2797.0,915,324587200.0
0132,1996/02/27,016,243,1694.0,326.0,2566.0,1525,331162200.0
0133,1996/03/01,926,708,2808.0,1016.0,3803.0,1807,331617400.0
0134,1996/03/05,603,569,2783.0,670.0,3692.0,1025,322203400.0
0135,1996/03/08,454,307,492.0,264.0,788.0,1066,309542400.0
0136,1996/03/12,295,409,3323.0,556.0,5212.0,1123,317533800.0
0137,1996/03/15,819,614,1744.0,804.0,2987.0,1335,308481000.0
0138,1996/03/19,995,252,405.0,326.0,690.0,614,311956600.0
0139,1996/03/22,356,659,2296.0,702.0,2995.0,1703,301687800.0
0140,1996/03/26,054,245,1717.0,321.0,2749.0,1202,317878800.0
0141,1996/03/29,783,458,1646.0,440.0,2349.0,1111,319980200.0
0142,1996/04/02,077,309,486.0,247.0,714.0,1495,318248200.0
0143,1996/04/05,694,279,2008.0,394.0,3126.0,1120,316894800.0
0144,1996/04/09,594,387,2109.0,484.0,3753.0,967,321011000.0
0145,1996/04/12,125,870,3089.0,1103.0,4547.0,2076,312637800.0
0146,1996/04/16,766,287,336.0,271.0,611.0,1305,301169600.0
0147,1996/04/19,464,361,536.0,352.0,856.0,1176,312406200.0
0148,1996/04/23,489,583,1582.0,735.0,2561.0,2317,326783600.0
0149,1996/04/26,003,217,417.0,276.0,643.0,848,326984200.0
0150,1996/04/30,538,626,2887.0,743.0,3570.0,1546,301214400.0
0151,1996/05/03,332,472,733.0,430.0,950.0,1428,283235200.0
0152,1996/05/07,224,774,1150.0,786.0,1113.0,1614,297276000.0
0153,1996/05/10,750,322,1521.0,340.0,2136.0,1149,304683000.0
0154,1996/05/14,791,299,1828.0,341.0,2492.0,1157,315675800.0
0155,1996/05/17,126,725,2317.0,975.0,3172.0,1527,309504000.0
0156,1996/05/21,991,480,623.0,430.0,972.0,844,301006800.0
0157,1996/05/24,570,346,1446.0,350.0,2048.0,921,301527200.0
0158,1996/05/28,604,439,1550.0,534.0,2095.0,889,311973400.0
0159,1996/05/31,259,836,4145.0,1130.0,5646.0,1383,301020800.0
0160,1996/06/04,839,293,1646.0,481.0,3061.0,1104,297781800.0
0161,1996/06/07,284,545,2502.0,715.0,3514.0,1033,299444800.0
0162,1996/06/11,516,556,1949.0,720.0,2805.0,1375,285549400.0
0163,1996/06/14,648,499,1696.0,511.0,2312.0,1631,275896800.0
0164,1996/06/18,198,239,1377.0,349.0,2543.0,784,267209400.0
0165,1996/06/21,563,496,1945.0,516.0,2851.0,1244,278647800.0
0166,1996/06/25,331,649,744.0,644.0,889.0,1417,283153400.0
0167,1996/06/28,233,431,674.0,364.0,839.0,1334,295322000.0
0168,1996/07/02,107,657,2612.0,806.0,3275.0,1174,313449800.0
0169,1996/07/05,351,519,3295.0,623.0,4241.0,1070,292615800.0
0170,1996/07/09,574,369,1620.0,489.0,2561.0,922,291536400.0
0171,1996/07/12,679,304,1280.0,430.0,2239.0,815,293582000.0
0172,1996/07/16,355,438,479.0,392.0,730.0,1420,282699000.0
0173,1996/07/19,581,303,1808.0,424.0,2928.0,920,264896400.0
0174,1996/07/23,967,230,985.0,277.0,1583.0,806,259952200.0
0175,1996/07/26,683,359,1881.0,523.0,2929.0,780,268539200.0
0176,1996/07/30,203,373,1390.0,517.0,2356.0,893,261303800.0
0177,1996/08/02,845,392,1483.0,511.0,2483.0,1178,255904000.0
0178,1996/08/06,464,369,459.0,319.0,701.0,908,251821400.0
0179,1996/08/09,168,382,1883.0,621.0,3077.0,1056,256603000.0
0180,1996/08/13,632,356,1871.0,392.0,2857.0,1026,242359400.0
0181,1996/08/16,890,289,1115.0,395.0,2065.0,844,230032200.0
0182,1996/08/20,439,342,1073.0,378.0,1888.0,1086,252869200.0
0183,1996/08/23,589,453,1250.0,714.0,2305.0,1833,260813600.0
0184,1996/08/27,492,287,1939.0,343.0,3349.0,786,270480800.0
0185,1996/08/30,882,572,1018.0,621.0,1386.0,1135,269225600.0
0186,1996/09/03,439,458,1496.0,546.0,2107.0,1266,283017600.0
0187,1996/09/06,975,291,1705.0,344.0,2493.0,847,285648800.0
0188,1996/09/10,254,593,2462.0,914.0,3621.0,1478,268563800.0
0189,1996/09/13,199,262,513.0,218.0,908.0,1054,260009600.0
0190,1996/09/17,170,196,1223.0,246.0,2459.0,677,247382600.0
0191,1996/09/20,424,419,486.0,429.0,666.0,1128,256994400.0
0192,1996/09/24,021,264,1402.0,253.0,2245.0,1021,238962000.0
0193,1996/09/27,656,258,389.0,287.0,690.0,1436,265906000.0
0194,1996/10/01,812,483,1999.0,715.0,2853.0,1482,270585000.0
0195,1996/10/04,819,432,1836.0,627.0,2919.0,1259,271174200.0
0196,1996/10/08,907,404,1259.0,679.0,1956.0,991,263733000.0
0197,1996/10/11,728,607,1725.0,821.0,2355.0,1496,264986800.0
0198,1996/10/15,374,520,1774.0,597.0,2352.0,936,263869000.0
0199,1996/10/18,269,519,2183.0,672.0,3232.0,1051,267035400.0
0200,1996/10/22,411,408,762.0,441.0,987.0,1423,275114200.0
0201,1996/10/25,176,377,1693.0,459.0,2525.0,643,267644600.0
0202,1996/10/29,676,251,388.0,217.0,639.0,620,272763600.0
0203,1996/11/01,093,288,1424.0,351.0,2470.0,1268,279059800.0
0204,1996/11/05,211,535,1314.0,466.0,1492.0,794,257646600.0
0205,1996/11/08,531,637,2821.0,764.0,3488.0,903,255226200.0
0206,1996/11/12,938,228,1490.0,332.0,3075.0,1049,251064000.0
0207,1996/11/15,413,489,1596.0,550.0,2166.0,1120,250016400.0
0208,1996/11/19,781,336,1813.0,471.0,3094.0,957,250125000.0
0209,1996/11/22,920,475,1763.0,617.0,2808.0,919,247841800.0
0210,1996/11/26,192,346,2481.0,458.0,4376.0,895,256011000.0
0211,1996/11/29,022,221,514.0,229.0,1061.0,1096,254403600.0
0212,1996/12/03,151,242,753.0,291.0,1211.0,1516,259577200.0
0213,1996/12/06,502,413,1888.0,664.0,2660.0,783,254165600.0
0214,1996/12/10,870,268,1002.0,290.0,1684.0,805,266532600.0
0215,1996/12/13,215,910,3512.0,1144.0,5081.0,1449,277185800.0
0216,1996/12/17,337,495,573.0,447.0,738.0,1184,279527400.0
0217,1996/12/20,712,822,3467.0,1092.0,4687.0,1493,278428000.0
0218,1996/12/24,594,294,1386.0,413.0,2698.0,898,255043000.0
0219,1996/12/27,260,299,1548.0,351.0,2522.0,959,281935000.0
0220,1997/01/07,112,1028,1501.0,919.0,1545.0,1654,310583600.0
0221,1997/01/10,514,600,1810.0,814.0,2615.0,1256,258705600.0
0222,1997/01/14,227,661,821.0,690.0,793.0,1511,265169200.0
0223,1997/01/17,333,1580,,,,1003,253468800.0
0224,1997/01/21,466,294,509.0,299.0,741.0,969,253225400.0
0225,1997/01/24,751,389,1984.0,373.0,2867.0,906,253551600.0
0226,1997/01/28,952,648,2807.0,889.0,4173.0,1252,268857000.0
0227,1997/01/31,188,315,595.0,335.0,914.0,1211,258266600.0
0228,1997/02/04,014,297,1421.0,326.0,2399.0,1155,256514200.0
0229,1997/02/07,409,383,1056.0,570.0,1758.0,1069,254476800.0
0230,1997/02/11,383,282,478.0,349.0,653.0,816,232690000.0
0231,1997/02/14,523,586,2153.0,743.0,3222.0,1717,252229200.0
0232,1997/02/18,945,326,1349.0,382.0,2226.0,1820,250161600.0
0233,1997/02/21,065,290,1246.0,326.0,2665.0,1094,247259800.0
0234,1997/02/25,317,687,2325.0,829.0,3029.0,1480,260466000.0
0235,1997/02/28,582,534,2759.0,641.0,4088.0,1098,256631000.0
0236,1997/03/04,830,408,1438.0,542.0,2242.0,1234,255569400.0
0237,1997/03/07,648,400,1339.0,444.0,1828.0,969,252711600.0
0238,1997/03/11,414,609,861.0,778.0,1010.0,1353,251765000.0
0239,1997/03/14,741,580,3037.0,737.0,4757.0,1055,248762400.0
0240,1997/03/18,229,657,791.0,952.0,1000.0,1237,243153600.0
0241,1997/03/21,400,185,256.0,204.0,347.0,1933,219584200.0
0242,1997/03/25,066,309,465.0,270.0,695.0,867,231664400.0
0243,1997/03/28,608,280,1002.0,413.0,1552.0,609,233958400.0
0244,1997/04/01,140,352,2454.0,257.0,3343.0,728,239303200.0
0245,1997/04/04,827,337,1167.0,457.0,1999.0,1043,228053400.0
0246,1997/04/08,593,494,1855.0,621.0,3297.0,1009,222730800.0
0247,1997/04/11,537,368,2253.0,396.0,2922.0,828,216726800.0
0248,1997/04/15,193,397,1687.0,491.0,2756.0,510,227869000.0
0249,1997/04/18,624,432,2238.0,588.0,3058.0,1066,226421000.0
0250,1997/04/22,180,235,1379.0,331.0,2481.0,602,228102400.0
0251,1997/04/25,227,483,621.0,524.0,1062.0,1060,224247400.0
0252,1997/04/29,004,199,230.0,179.0,330.0,614,210227600.0
0253,1997/05/02,616,372,660.0,491.0,885.0,1183,233336000.0
0254,1997/05/06,238,367,1690.0,454.0,2796.0,980,216038200.0
0255,1997/05/09,770,424,558.0,338.0,691.0,1122,217578200.0
0256,1997/05/13,088,307,538.0,315.0,744.0,1091,221629800.0
0257,1997/05/16,935,363,1368.0,476.0,2170.0,902,217392000.0
0258,1997/05/20,447,430,483.0,504.0,663.0,900,214233200.0
0259,1997/05/23,216,521,1993.0,744.0,2979.0,895,215143000.0
0260,1997/05/27,061,167,1266.0,270.0,2087.0,739,220455800.0
0261,1997/05/30,596,293,987.0,464.0,1710.0,1281,217541400.0
0262,1997/06/03,042,227,1357.0,241.0,2084.0,789,221754200.0
0263,1997/06/06,839,348,1212.0,633.0,2049.0,1300,219513200.0
0264,1997/06/10,362,379,1708.0,387.0,2723.0,675,208760200.0
0265,1997/06/13,928,484,1368.0,596.0,2423.0,1141,209480600.0
0266,1997/06/17,972,157,1234.0,243.0,2182.0,854,208428400.0
0267,1997/06/20,093,197,957.0,281.0,1659.0,687,193816800.0
0268,1997/06/24,024,350,1261.0,384.0,1735.0,1370,217208800.0
0269,1997/06/27,782,221,1278.0,328.0,2210.0,920,219947800.0
0270,1997/07/01,793,288,1279.0,375.0,1986.0,779,231586000.0
0271,1997/07/04,823,486,1904.0,610.0,2744.0,1175,222907000.0
0272,1997/07/08,783,314,1285.0,384.0,2238.0,888,216840800.0
0273,1997/07/11,526,451,1418.0,615.0,2284.0,1095,216766600.0
0274,1997/07/15,854,241,1091.0,361.0,1942.0,1239,221227600.0
0275,1997/07/18,806,191,906.0,298.0,1413.0,783,218231600.0
0276,1997/07/22,385,425,1739.0,565.0,2661.0,666,206343400.0
0277,1997/07/25,632,276,1754.0,362.0,2917.0,855,207712000.0
0278,1997/07/29,877,222,286.0,194.0,624.0,1021,217212000.0
0279,1997/08/01,891,298,1649.0,412.0,3243.0,827,211360800.0
0280,1997/08/05,326,707,1705.0,693.0,2142.0,1235,207223400.0
0281,1997/08/08,907,223,915.0,362.0,1425.0,611,210500000.0
0282,1997/08/12,743,245,1245.0,360.0,2122.0,886,196139000.0
0283,1997/08/15,940,128,806.0,204.0,1575.0,538,182008200.0
0284,1997/08/19,588,265,359.0,285.0,537.0,1028,196342000.0
0285,1997/08/22,760,208,730.0,263.0,1448.0,571,201449200.0
0286,1997/08/26,272,306,603.0,340.0,1059.0,802,220770400.0
0287,1997/08/29,925,573,1936.0,882.0,3252.0,1220,217796000.0
0288,1997/09/02,144,374,603.0,364.0,968.0,1831,227069600.0
0289,1997/09/05,838,218,509.0,255.0,869.0,1080,220330600.0
0290,1997/09/09,167,234,1137.0,289.0,1891.0,872,223891600.0
0291,1997/09/12,085,185,1128.0,284.0,1827.0,625,218720000.0
0292,1997/09/16,737,180,320.0,214.0,525.0,885,200556200.0
0293,1997/09/19,663,289,603.0,420.0,918.0,1115,221323400.0
0294,1997/09/23,107,381,1177.0,517.0,1550.0,702,209448200.0
0295,1997/09/26,075,272,1075.0,325.0,1848.0,663,218317600.0
0296,1997/09/30,880,398,510.0,337.0,636.0,560,237865600.0
0297,1997/10/03,144,297,613.0,306.0,998.0,937,232276200.0
0298,1997/10/06,104,955,2032.0,1067.0,1812.0,656,203033800.0
0299,1997/10/08,155,252,576.0,240.0,864.0,1060,192981000.0
0300,1997/10/10,126,462,1579.0,574.0,1790.0,1126,190918200.0
0301,1997/10/13,330,536,745.0,547.0,893.0,652,203129800.0
0302,1997/10/15,001,317,395.0,291.0,526.0,906,188253200.0
0303,1997/10/17,497,195,932.0,293.0,1738.0,557,200806200.0
0304,1997/10/20,399,210,386.0,292.0,610.0,1063,195549600.0
0305,1997/10/22,367,219,951.0,383.0,1361.0,608,186221400.0
0306,1997/10/24,748,268,900.0,292.0,1675.0,895,200510000.0
0307,1997/10/27,690,212,911.0,283.0,1616.0,613,197275400.0
0308,1997/10/29,519,328,1156.0,500.0,1723.0,1161,188736000.0
0309,1997/10/31,777,1397,,,,973,189664800.0
0310,1997/11/03,575,205,355.0,225.0,527.0,495,161474800.0
0311,1997/11/05,104,388,1050.0,507.0,1450.0,537,183204400.0
0312,1997/11/07,068,176,798.0,273.0,1448.0,775,190862800.0
0313,1997/11/10,069,269,835.0,240.0,1305.0,579,190715000.0
0314,1997/11/12,242,286,581.0,331.0,913.0,855,183834400.0
0315,1997/11/14,137,312,1510.0,461.0,2261.0,933,185185200.0
0316,1997/11/17,218,379,1390.0,525.0,2142.0,995,178203800.0
0317,1997/11/19,190,270,1154.0,309.0,2117.0,569,167495600.0
0318,1997/11/21,537,242,1607.0,350.0,2250.0,599,173078600.0
0319,1997/11/24,395,137,978.0,254.0,1711.0,391,151585000.0
0320,1997/11/26,598,165,546.0,234.0,1104.0,500,167409200.0
0321,1997/11/28,429,427,1230.0,646.0,2126.0,1103,191423200.0
0322,1997/12/01,064,196,968.0,257.0,1621.0,761,187364800.0
0323,1997/12/03,375,431,1700.0,447.0,2175.0,577,176811600.0
0324,1997/12/05,805,217,971.0,313.0,1625.0,765,182565400.0
0325,1997/12/08,531,396,1982.0,467.0,2647.0,710,184674800.0
0326,1997/12/10,930,300,1170.0,393.0,2024.0,497,178210200.0
0327,1997/12/12,980,207,845.0,287.0,1679.0,487,186770600.0
0328,1997/12/15,736,210,1116.0,291.0,1600.0,961,198682800.0
0329,1997/12/17,543,150,810.0,180.0,1418.0,748,184624800.0
0330,1997/12/19,179,265,1287.0,372.0,2165.0,746,200556800.0
0331,1997/12/22,196,241,1063.0,330.0,1913.0,613,203813000.0
0332,1997/12/24,167,299,1037.0,474.0,1628.0,828,192399800.0
0333,1997/12/26,238,363,1744.0,665.0,2843.0,1053,209161800.0
0334,1997/12/29,480,223,1067.0,307.0,1900.0,684,212725000.0
0335,1998/01/05,950,261,1361.0,459.0,2509.0,757,200584400.0
0336,1998/01/07,551,309,473.0,300.0,690.0,728,186876400.0
0337,1998/01/09,632,294,1506.0,346.0,2568.0,696,186451800.0
0338,1998/01/12,704,294,1190.0,462.0,1904.0,646,198661800.0
0339,1998/01/14,152,240,1997.0,311.0,3081.0,686,189316000.0
0340,1998/01/16,992,168,283.0,252.0,568.0,524,178599200.0
0341,1998/01/19,259,418,2409.0,786.0,4149.0,774,197954800.0
0342,1998/01/21,686,157,212.0,204.0,453.0,670,182924600.0
0343,1998/01/23,997,189,283.0,235.0,434.0,596,193476600.0
0344,1998/01/26,035,341,1377.0,427.0,2361.0,1287,210604400.0
0345,1998/01/28,513,393,1935.0,521.0,2687.0,1088,185388200.0
0346,1998/01/30,000,767,,,,1091,196920200.0
0347,1998/02/02,718,289,984.0,398.0,1554.0,900,199719000.0
0348,1998/02/04,394,217,831.0,329.0,1616.0,677,184491200.0
0349,1998/02/06,431,198,1122.0,259.0,1997.0,770,192472600.0
0350,1998/02/09,638,280,1398.0,427.0,2287.0,907,194783400.0
0351,1998/02/11,417,397,1625.0,609.0,2415.0,807,165343200.0
0352,1998/02/13,038,256,998.0,361.0,2066.0,745,186609600.0
0353,1998/02/16,996,247,237.0,240.0,518.0,599,190660600.0
0354,1998/02/18,750,243,856.0,323.0,1582.0,544,173356800.0
0355,1998/02/20,487,167,668.0,245.0,1219.0,611,184213400.0
0356,1998/02/23,852,302,1949.0,437.0,3389.0,813,188622200.0
0357,1998/02/25,756,157,661.0,203.0,1126.0,722,170254400.0
0358,1998/02/27,469,290,1112.0,469.0,1869.0,994,193182000.0
0359,1998/03/02,277,259,405.0,264.0,633.0,738,195980600.0
0360,1998/03/04,965,192,1030.0,250.0,1771.0,697,188675000.0
0361,1998/03/06,965,197,965.0,222.0,1585.0,565,193194400.0
0362,1998/03/09,640,205,853.0,263.0,1408.0,729,204872200.0
0363,1998/03/11,458,296,1141.0,553.0,1778.0,1037,192591800.0
0364,1998/03/13,908,235,994.0,322.0,1931.0,642,199340000.0
0365,1998/03/16,887,220,241.0,241.0,515.0,626,208840200.0
0366,1998/03/18,841,209,1148.0,337.0,2100.0,814,189545600.0
0367,1998/03/20,778,382,278.0,305.0,428.0,1123,187149000.0
0368,1998/03/23,805,213,890.0,338.0,1508.0,556,194217200.0
0369,1998/03/25,135,480,2294.0,616.0,3504.0,1083,189583000.0
0370,1998/03/27,091,173,1107.0,291.0,2120.0,698,192682600.0
0371,1998/03/30,798,190,1158.0,297.0,1919.0,797,199807600.0
0372,1998/04/01,202,252,363.0,280.0,583.0,479,182894800.0
0373,1998/04/03,417,479,1573.0,659.0,2534.0,959,189873600.0
0374,1998/04/06,409,311,983.0,425.0,1537.0,616,185168600.0
0375,1998/04/08,994,331,299.0,362.0,494.0,545,173568800.0
0376,1998/04/10,274,219,1148.0,290.0,2084.0,620,175792000.0
0377,1998/04/13,155,238,480.0,224.0,749.0,998,179039800.0
0378,1998/04/15,075,223,1055.0,292.0,1928.0,632,168302200.0
0379,1998/04/17,649,230,855.0,306.0,1544.0,1065,179118800.0
0380,1998/04/20,820,328,972.0,425.0,1551.0,1223,183851000.0
0381,1998/04/22,885,231,269.0,304.0,458.0,633,165314600.0
0382,1998/04/24,606,260,314.0,274.0,449.0,589,176004000.0
0383,1998/04/27,081,146,910.0,209.0,1722.0,548,183281400.0
0384,1998/04/29,690,158,771.0,230.0,1469.0,625,154420400.0
0385,1998/05/01,332,295,446.0,288.0,681.0,837,180136200.0
0386,1998/05/04,578,177,708.0,258.0,1212.0,577,150349200.0
0387,1998/05/06,396,216,1057.0,294.0,2111.0,498,159371400.0
0388,1998/05/08,227,463,455.0,592.0,598.0,1032,172629800.0
0389,1998/05/11,275,312,1772.0,384.0,2602.0,718,182136800.0
0390,1998/05/13,956,205,936.0,288.0,1916.0,875,172509200.0
0391,1998/05/15,066,223,286.0,182.0,631.0,941,185257200.0
0392,1998/05/18,426,396,1557.0,502.0,2005.0,930,183570400.0
0393,1998/05/20,029,235,986.0,319.0,1913.0,582,169131600.0
0394,1998/05/22,729,357,1168.0,570.0,2124.0,587,175237200.0
0395,1998/05/25,440,311,373.0,337.0,588.0,614,180849400.0
0396,1998/05/27,963,256,1416.0,360.0,2269.0,845,173217000.0
0397,1998/05/29,345,274,656.0,354.0,996.0,763,173144400.0
0398,1998/06/01,274,277,1482.0,418.0,2205.0,702,185425800.0
0399,1998/06/03,816,329,1001.0,519.0,1829.0,846,169541400.0
0400,1998/06/05,596,295,1118.0,464.0,2041.0,599,181571600.0
0401,1998/06/08,354,195,899.0,182.0,1243.0,709,180689400.0
0402,1998/06/10,058,231,904.0,297.0,1750.0,662,172513600.0
0403,1998/06/12,431,184,996.0,238.0,1673.0,910,184947200.0
0404,1998/06/15,109,418,1197.0,581.0,1756.0,729,191579000.0
0405,1998/06/17,891,228,1021.0,330.0,2271.0,532,175533400.0
0406,1998/06/19,222,1209,,,,883,180467800.0
0407,1998/06/22,042,224,1062.0,286.0,1874.0,716,184198400.0
0408,1998/06/24,237,319,1223.0,422.0,2229.0,1001,177778600.0
0409,1998/06/26,400,177,258.0,186.0,467.0,542,189181800.0
0410,1998/06/29,866,170,256.0,155.0,513.0,803,186394800.0
0411,1998/07/01,636,193,300.0,191.0,474.0,967,186253000.0
0412,1998/07/03,514,451,1186.0,630.0,1924.0,1045,194722800.0
0413,1998/07/06,910,328,1340.0,381.0,1988.0,718,194238000.0
0414,1998/07/08,737,262,416.0,249.0,676.0,742,179448400.0
0415,1998/07/10,834,217,888.0,308.0,1810.0,727,188265400.0
0416,1998/07/13,001,297,359.0,234.0,438.0,536,197152400.0
0417,1998/07/15,371,293,1514.0,371.0,2473.0,648,183028200.0
0418,1998/07/17,429,362,1089.0,553.0,1871.0,881,188233800.0
0419,1998/07/20,723,456,1243.0,499.0,1885.0,909,163780000.0
0420,1998/07/22,427,393,1435.0,520.0,1971.0,923,171377000.0
0421,1998/07/24,402,241,1069.0,317.0,1620.0,492,179474800.0
0422,1998/07/27,495,149,800.0,249.0,1812.0,741,185409200.0
0423,1998/07/29,367,275,1037.0,384.0,1733.0,693,174871600.0
0424,1998/07/31,043,291,909.0,516.0,1523.0,720,180411400.0
0425,1998/08/03,535,233,356.0,224.0,541.0,962,186246000.0
0426,1998/08/05,618,361,1168.0,481.0,2216.0,1079,175799200.0
0427,1998/08/07,159,248,999.0,348.0,1727.0,560,178729000.0
0428,1998/08/10,512,426,1475.0,512.0,2633.0,678,174633800.0
0429,1998/08/12,641,209,939.0,268.0,1839.0,565,162211400.0
0430,1998/08/14,652,191,1077.0,273.0,1993.0,593,157780600.0
0431,1998/08/17,219,278,1035.0,438.0,1888.0,609,166663000.0
0432,1998/08/19,163,317,1185.0,429.0,2065.0,640,156391800.0
0433,1998/08/21,255,238,402.0,276.0,706.0,708,167591000.0
0434,1998/08/24,698,154,626.0,234.0,1171.0,682,174061400.0
0435,1998/08/26,161,194,404.0,193.0,807.0,457,175398200.0
0436,1998/08/28,244,235,386.0,238.0,596.0,774,176302000.0
0437,1998/08/31,727,442,455.0,503.0,561.0,1069,189668400.0
0438,1998/09/02,235,446,1609.0,608.0,2571.0,910,180945200.0
0439,1998/09/04,605,280,967.0,362.0,1710.0,579,185533800.0
0440,1998/09/07,520,294,1018.0,373.0,1525.0,578,185252800.0
0441,1998/09/09,196,192,1061.0,349.0,2020.0,778,171219400.0
0442,1998/09/11,174,225,1629.0,339.0,2863.0,665,176255200.0
0443,1998/09/14,198,243,1148.0,403.0,2161.0,585,181702200.0
0444,1998/09/16,107,283,745.0,425.0,1217.0,511,158679600.0
0445,1998/09/18,087,195,664.0,297.0,1496.0,815,172481400.0
0446,1998/09/21,531,438,1873.0,521.0,2693.0,773,171171200.0
0447,1998/09/23,453,156,747.0,209.0,1314.0,1068,139712800.0
0448,1998/09/25,785,152,724.0,214.0,1358.0,583,166490600.0
0449,1998/09/28,048,215,768.0,273.0,1310.0,819,181734400.0
0450,1998/09/30,033,203,392.0,192.0,672.0,677,172045600.0
0451,1998/10/02,423,295,1188.0,429.0,1729.0,919,178918000.0
0452,1998/10/05,666,1171,,,,726,188464200.0
0453,1998/10/07,102,409,1245.0,494.0,1450.0,587,166015800.0
0454,1998/10/09,713,374,1375.0,396.0,2107.0,907,177303800.0
0455,1998/10/12,612,381,1531.0,512.0,2445.0,818,182277400.0
0456,1998/10/14,887,244,218.0,212.0,360.0,488,161816000.0
0457,1998/10/16,189,294,1200.0,392.0,2187.0,1087,173132600.0
0458,1998/10/19,383,219,292.0,232.0,442.0,545,176640000.0
0459,1998/10/21,620,242,865.0,286.0,1536.0,562,163002600.0
0460,1998/10/23,150,219,1076.0,185.0,2042.0,583,175036000.0
0461,1998/10/26,190,360,1365.0,364.0,2406.0,505,184397200.0
0462,1998/10/28,292,191,439.0,226.0,847.0,582,169826400.0
0463,1998/10/30,994,254,273.0,262.0,550.0,639,176615800.0
0464,1998/11/02,086,155,788.0,196.0,1410.0,514,186670200.0
0465,1998/11/04,095,255,950.0,305.0,2092.0,434,168828000.0
0466,1998/11/06,256,354,1043.0,427.0,1833.0,830,177113600.0
0467,1998/11/09,882,359,426.0,296.0,573.0,692,180510800.0
0468,1998/11/11,687,206,702.0,255.0,1174.0,523,168965000.0
0469,1998/11/13,949,112,163.0,134.0,329.0,676,173561200.0
0470,1998/11/16,577,211,282.0,190.0,591.0,1012,183212200.0
0471,1998/11/18,301,330,1138.0,470.0,2072.0,621,166517000.0
0472,1998/11/20,616,306,371.0,369.0,507.0,785,168227200.0
0473,1998/11/23,407,270,642.0,313.0,1098.0,424,147049000.0
0474,1998/11/25,041,231,995.0,193.0,1847.0,515,163847400.0
0475,1998/11/27,583,243,1347.0,347.0,2329.0,709,177254000.0
0476,1998/11/30,111,1957,,,,842,180628800.0
0477,1998/12/02,498,154,519.0,248.0,1009.0,811,160815800.0
0478,1998/12/04,277,231,386.0,252.0,622.0,571,166322000.0
0479,1998/12/07,962,190,1159.0,319.0,2397.0,755,173221000.0
0480,1998/12/09,335,369,430.0,384.0,536.0,1275,165901200.0
0481,1998/12/11,550,310,478.0,353.0,789.0,781,172523000.0
0482,1998/12/14,818,341,417.0,383.0,583.0,897,183336600.0
0483,1998/12/16,075,232,870.0,330.0,1736.0,603,177059600.0
0484,1998/12/18,899,236,448.0,277.0,906.0,868,179194800.0
0485,1998/12/21,485,277,917.0,454.0,1527.0,724,188286000.0
0486,1998/12/23,932,204,995.0,312.0,2091.0,676,165230600.0
0487,1998/12/25,856,205,1020.0,362.0,1855.0,876,184748000.0
0488,1998/12/28,115,531,570.0,613.0,529.0,1096,189961200.0
0489,1998/12/30,618,259,1116.0,474.0,2123.0,745,163247200.0
0490,1999/01/04,634,187,710.0,311.0,1295.0,587,144344800.0
0491,1999/01/06,995,256,226.0,297.0,364.0,534,168423000.0
0492,1999/01/08,931,184,994.0,282.0,2072.0,602,172577000.0
0493,1999/01/11,385,711,1950.0,787.0,2659.0,666,193912400.0
0494,1999/01/13,153,358,2024.0,378.0,3211.0,826,178143600.0
0495,1999/01/15,827,295,1148.0,510.0,2008.0,1159,170701000.0
0496,1999/01/18,028,219,1078.0,363.0,1806.0,919,192205600.0
0497,1999/01/20,595,250,366.0,396.0,555.0,597,176328600.0
0498,1999/01/22,211,257,855.0,336.0,1118.0,650,184005400.0
0499,1999/01/25,012,404,1517.0,407.0,2125.0,902,192117600.0
0500,1999/01/27,679,217,646.0,295.0,1405.0,539,186551600.0
0501,1999/01/29,640,176,977.0,279.0,1759.0,1792,190219400.0
0502,1999/02/01,929,283,421.0,421.0,598.0,1023,199496000.0
0503,1999/02/03,782,211,804.0,262.0,1599.0,581,177969600.0
0504,1999/02/05,947,190,986.0,322.0,1908.0,871,187115000.0
0505,1999/02/08,480,157,915.0,257.0,1617.0,482,197426000.0
0506,1999/02/10,993,301,307.0,311.0,451.0,722,182118400.0
0507,1999/02/12,172,174,1212.0,279.0,2305.0,784,178738600.0
0508,1999/02/15,295,326,1815.0,581.0,3556.0,843,192018000.0
0509,1999/02/17,831,356,1391.0,471.0,2566.0,788,178418200.0
0510,1999/02/19,253,271,1714.0,358.0,3120.0,830,181195000.0
0511,1999/02/22,914,312,1207.0,506.0,2216.0,837,188809800.0
0512,1999/02/24,947,169,626.0,220.0,1232.0,635,166965600.0
0513,1999/02/26,900,164,311.0,198.0,730.0,860,189710200.0
0514,1999/03/01,122,345,577.0,412.0,904.0,701,192018600.0
0515,1999/03/03,286,212,1206.0,413.0,2250.0,840,180177200.0
0516,1999/03/05,583,258,1575.0,396.0,2831.0,591,181155200.0
0517,1999/03/08,287,166,1129.0,312.0,2174.0,683,184666400.0
0518,1999/03/10,402,221,891.0,364.0,1452.0,471,173509600.0
0519,1999/03/12,658,202,764.0,252.0,1512.0,994,177744400.0
0520,1999/03/15,493,192,863.0,286.0,1786.0,734,175224000.0
0521,1999/03/17,535,189,305.0,207.0,450.0,1184,166570400.0
0522,1999/03/19,073,143,785.0,244.0,1792.0,682,167295000.0
0523,1999/03/22,532,199,1255.0,256.0,2101.0,535,145123400.0
0524,1999/03/24,036,214,765.0,356.0,1476.0,756,164314000.0
0525,1999/03/26,919,340,426.0,394.0,690.0,1007,174244800.0
0526,1999/03/29,357,560,1844.0,661.0,2554.0,893,176893600.0
0527,1999/03/31,593,322,1559.0,529.0,2892.0,670,164113200.0
0528,1999/04/02,743,220,891.0,251.0,1660.0,617,169751000.0
0529,1999/04/05,413,347,1165.0,463.0,1793.0,721,178427800.0
0530,1999/04/07,719,250,1043.0,364.0,2102.0,467,162554200.0
0531,1999/04/09,835,320,1557.0,491.0,2749.0,1162,167637200.0
0532,1999/04/12,277,184,357.0,262.0,571.0,697,171880800.0
0533,1999/04/14,200,156,200.0,158.0,409.0,532,160283200.0
0534,1999/04/16,432,174,1056.0,268.0,1720.0,736,173830200.0
0535,1999/04/19,205,249,931.0,338.0,1531.0,530,174615800.0
0536,1999/04/21,951,208,982.0,303.0,2002.0,910,164184600.0
0537,1999/04/23,998,729,387.0,615.0,476.0,1154,170174200.0
0538,1999/04/26,628,349,1161.0,504.0,1924.0,939,175213800.0
0539,1999/04/28,435,221,1234.0,339.0,2116.0,1169,163106000.0
0540,1999/04/30,154,187,894.0,244.0,1747.0,698,171221800.0
0541,1999/05/03,033,166,363.0,159.0,573.0,635,151023600.0
0542,1999/05/05,614,220,850.0,319.0,1468.0,586,134943200.0
0543,1999/05/07,362,312,1235.0,366.0,2211.0,820,167027800.0
0544,1999/05/10,269,314,1099.0,404.0,1812.0,681,174525600.0
0545,1999/05/12,838,197,331.0,256.0,540.0,1006,160206400.0
0546,1999/05/14,098,156,708.0,329.0,1561.0,722,167494400.0
0547,1999/05/17,806,184,715.0,307.0,1260.0,531,171195600.0
0548,1999/05/19,411,246,374.0,303.0,672.0,549,156202800.0
0549,1999/05/21,450,115,632.0,216.0,1324.0,624,161883800.0
0550,1999/05/24,666,745,,,,803,166708000.0
0551,1999/05/26,300,216,207.0,191.0,412.0,611,162698400.0
0552,1999/05/28,993,340,345.0,375.0,516.0,855,171667600.0
0553,1999/05/31,019,265,1221.0,387.0,2319.0,805,177962400.0
0554,1999/06/02,355,276,455.0,253.0,677.0,786,165975800.0
0555,1999/06/04,602,259,926.0,362.0,1478.0,641,175573200.0
0556,1999/06/07,331,371,422.0,399.0,577.0,846,165170200.0
0557,1999/06/09,443,236,298.0,254.0,404.0,563,155739200.0
0558,1999/06/11,666,959,,,,658,167184600.0
0559,1999/06/14,297,179,896.0,290.0,1814.0,667,165633400.0
0560,1999/06/16,057,166,815.0,216.0,1813.0,600,153706000.0
0561,1999/06/18,190,250,964.0,261.0,2046.0,536,160919400.0
0562,1999/06/21,382,218,1185.0,432.0,2430.0,775,179464600.0
0563,1999/06/23,080,135,255.0,154.0,512.0,412,163933200.0
0564,1999/06/25,732,454,1103.0,714.0,1827.0,1026,170223200.0
0565,1999/06/28,982,248,1076.0,300.0,2299.0,520,183337800.0
0566,1999/06/30,906,199,776.0,330.0,1631.0,526,172046200.0
0567,1999/07/02,433,491,469.0,581.0,558.0,1034,182647400.0
0568,1999/07/05,953,203,1275.0,283.0,2825.0,866,188751400.0
0569,1999/07/07,049,169,748.0,250.0,1507.0,675,175516200.0
0570,1999/07/09,587,278,830.0,338.0,1496.0,768,183574000.0
0571,1999/07/12,798,171,860.0,234.0,1453.0,1160,189403200.0
0572,1999/07/14,731,296,1313.0,419.0,2191.0,803,171898600.0
0573,1999/07/16,597,183,832.0,285.0,1358.0,534,179942400.0
0574,1999/07/19,910,328,1398.0,565.0,2463.0,679,184246600.0
0575,1999/07/21,939,245,406.0,308.0,737.0,788,158861800.0
0576,1999/07/23,487,180,605.0,276.0,1199.0,657,170701000.0
0577,1999/07/26,228,333,416.0,466.0,535.0,940,175324200.0
0578,1999/07/28,398,299,907.0,422.0,2043.0,1054,160486200.0
0579,1999/07/30,588,234,230.0,277.0,443.0,916,163320200.0
0580,1999/08/02,385,466,1763.0,801.0,3021.0,908,168576800.0
0581,1999/08/04,160,177,725.0,177.0,1528.0,404,154805000.0
0582,1999/08/06,315,498,1700.0,623.0,2763.0,662,162218200.0
0583,1999/08/09,850,240,1003.0,291.0,2267.0,560,155388000.0
0584,1999/08/11,085,157,710.0,207.0,1532.0,550,147532200.0
0585,1999/08/13,365,258,1237.0,376.0,2560.0,492,149955200.0
0586,1999/08/16,207,253,798.0,389.0,1503.0,493,152980000.0
0587,1999/08/18,569,156,630.0,256.0,1603.0,378,143904400.0
0588,1999/08/20,652,194,834.0,221.0,1612.0,801,156073000.0
0589,1999/08/23,485,226,833.0,343.0,1615.0,785,165562800.0
0590,1999/08/25,947,298,769.0,376.0,1538.0,600,161794200.0
0591,1999/08/27,046,159,644.0,233.0,1237.0,1284,168231400.0
0592,1999/08/30,036,246,971.0,345.0,1727.0,828,173272000.0
0593,1999/09/01,829,343,980.0,510.0,1874.0,793,159578800.0
0594,1999/09/03,130,239,913.0,299.0,1704.0,564,169482800.0
0595,1999/09/06,162,184,1116.0,263.0,2230.0,478,171238400.0
0596,1999/09/08,193,352,1000.0,461.0,1916.0,1078,154871800.0
0597,1999/09/10,429,256,926.0,443.0,1780.0,593,159187800.0
0598,1999/09/13,306,250,954.0,301.0,1608.0,371,164016600.0
0599,1999/09/15,554,140,204.0,262.0,391.0,540,134270000.0
0600,1999/09/17,752,307,1389.0,437.0,2324.0,540,158710600.0
0601,1999/09/20,421,249,1182.0,357.0,2045.0,683,162797400.0
0602,1999/09/22,979,162,204.0,134.0,435.0,866,140815600.0
0603,1999/09/24,699,160,190.0,160.0,407.0,831,141119800.0
0604,1999/09/27,939,200,387.0,249.0,663.0,697,158287400.0
0605,1999/09/29,030,214,293.0,227.0,531.0,503,150771000.0
0606,1999/10/01,638,212,1040.0,406.0,1788.0,838,156530000.0
0607,1999/10/04,405,280,673.0,340.0,1045.0,683,157019800.0
0608,1999/10/06,964,206,764.0,275.0,1517.0,700,143886600.0
0609,1999/10/08,178,200,724.0,288.0,1569.0,741,151478600.0
0610,1999/10/11,337,249,284.0,229.0,431.0,741,133034000.0
0611,1999/10/13,801,177,766.0,248.0,1522.0,352,136090400.0
0612,1999/10/15,730,233,860.0,307.0,1554.0,478,148295800.0
0613,1999/10/18,591,155,913.0,314.0,1624.0,697,154865400.0
0614,1999/10/20,369,439,1016.0,683.0,1713.0,531,139450200.0
0615,1999/10/22,142,131,892.0,240.0,1646.0,886,147716000.0
0616,1999/10/25,475,303,663.0,386.0,1302.0,667,156612600.0
0617,1999/10/27,092,147,701.0,202.0,1593.0,570,136853400.0
0618,1999/10/29,279,267,1180.0,421.0,2438.0,494,152661400.0
0619,1999/11/01,567,236,582.0,255.0,840.0,564,153143000.0
0620,1999/11/03,866,160,228.0,173.0,397.0,655,132641000.0
0621,1999/11/05,044,171,221.0,205.0,416.0,910,154067800.0
0622,1999/11/08,639,348,1278.0,460.0,2369.0,920,156645200.0
0623,1999/11/10,308,246,836.0,481.0,1604.0,488,147419800.0
0624,1999/11/12,675,115,654.0,138.0,1112.0,495,151319200.0
0625,1999/11/15,546,223,856.0,281.0,1673.0,774,158572600.0
0626,1999/11/17,588,149,221.0,190.0,311.0,604,147303400.0
0627,1999/11/19,472,200,1117.0,347.0,2023.0,643,159790600.0
0628,1999/11/22,201,230,1058.0,292.0,1582.0,413,160182800.0
0629,1999/11/24,118,328,392.0,442.0,515.0,710,137380600.0
0630,1999/11/26,223,335,431.0,439.0,692.0,1110,156998400.0
0631,1999/11/29,194,230,896.0,392.0,1570.0,674,161542200.0
0632,1999/12/01,182,208,1084.0,289.0,2336.0,705,148344000.0
0633,1999/12/03,446,174,215.0,216.0,354.0,535,154839400.0
0634,1999/12/06,382,236,1059.0,327.0,2116.0,487,162368600.0
0635,1999/12/08,669,252,292.0,388.0,444.0,588,146805800.0
0636,1999/12/10,403,227,604.0,347.0,1198.0,611,157589600.0
0637,1999/12/13,633,237,453.0,281.0,932.0,882,164977800.0
0638,1999/12/15,951,251,939.0,262.0,2011.0,803,156740600.0
0639,1999/12/17,783,205,791.0,318.0,1625.0,678,162958200.0
0640,1999/12/20,908,198,862.0,331.0,1768.0,499,167616000.0
0641,1999/12/22,636,208,321.0,238.0,530.0,764,154567600.0
0642,1999/12/24,433,240,289.0,286.0,480.0,661,156866400.0
0643,1999/12/27,364,326,1222.0,391.0,2208.0,607,170450600.0
0644,1999/12/29,949,252,399.0,305.0,684.0,600,163407400.0
0645,2000/01/05,584,202,820.0,290.0,1636.0,620,177167400.0
0646,2000/01/07,732,222,1085.0,332.0,2250.0,830,163290400.0
0647,2000/01/10,175,229,958.0,303.0,1543.0,604,153544800.0
0648,2000/01/12,044,117,204.0,157.0,409.0,564,150764200.0
0649,2000/01/14,282,242,402.0,233.0,702.0,949,167748200.0
0650,2000/01/17,969,369,444.0,491.0,596.0,1091,173893600.0
0651,2000/01/19,345,282,978.0,427.0,1331.0,675,157712400.0
0652,2000/01/21,258,440,1517.0,754.0,2622.0,786,164012000.0
0653,2000/01/24,037,227,885.0,295.0,1636.0,873,170512800.0
0654,2000/01/26,507,189,775.0,320.0,1657.0,517,158723600.0
0655,2000/01/28,798,249,815.0,369.0,1623.0,1299,166058200.0
0656,2000/01/31,028,162,900.0,269.0,1771.0,981,177471800.0
0657,2000/02/02,959,399,363.0,403.0,616.0,758,170004200.0
0658,2000/02/04,553,202,458.0,271.0,795.0,725,175614400.0
0659,2000/02/07,649,197,931.0,357.0,1613.0,539,182717200.0
0660,2000/02/09,875,213,809.0,262.0,1721.0,624,157443400.0
0661,2000/02/11,081,117,697.0,177.0,1723.0,576,156639800.0
0662,2000/02/14,646,334,417.0,447.0,479.0,799,173734800.0
0663,2000/02/16,070,123,230.0,148.0,449.0,771,156133000.0
0664,2000/02/18,195,291,874.0,371.0,1652.0,760,169563600.0
0665,2000/02/21,297,189,1085.0,370.0,2249.0,471,176243400.0
0666,2000/02/23,277,307,461.0,362.0,745.0,919,160505600.0
0667,2000/02/25,943,196,762.0,351.0,1809.0,595,165366600.0
0668,2000/02/28,157,244,896.0,320.0,1480.0,779,177977600.0
0669,2000/03/01,367,285,747.0,415.0,1399.0,532,164834400.0
0670,2000/03/03,811,254,383.0,283.0,612.0,714,176458400.0
0671,2000/03/06,682,241,1157.0,289.0,1868.0,1343,181400600.0
0672,2000/03/08,916,251,1027.0,394.0,2227.0,952,162061800.0
0673,2000/03/10,385,508,1714.0,974.0,3123.0,758,169133800.0
0674,2000/03/13,478,248,721.0,350.0,1318.0,722,170313600.0
0675,2000/03/15,944,200,290.0,269.0,598.0,855,154770400.0
0676,2000/03/17,830,153,779.0,324.0,1609.0,755,158348600.0
0677,2000/03/20,068,171,549.0,234.0,1142.0,696,145380400.0
0678,2000/03/22,628,246,838.0,392.0,1382.0,765,156208800.0
0679,2000/03/24,261,199,812.0,264.0,1749.0,385,162862000.0
0680,2000/03/27,277,330,458.0,400.0,704.0,637,172663800.0
0681,2000/03/29,503,292,889.0,415.0,1588.0,702,154909600.0
0682,2000/03/31,973,157,915.0,276.0,2102.0,565,164254600.0
0683,2000/04/03,632,300,1241.0,471.0,2270.0,807,169733400.0
0684,2000/04/05,715,245,952.0,401.0,1599.0,638,151421000.0
0685,2000/04/07,947,363,854.0,475.0,1598.0,921,163018000.0
0686,2000/04/10,790,145,594.0,196.0,1422.0,628,163106000.0
0687,2000/04/12,751,202,747.0,187.0,1493.0,494,149990800.0
0688,2000/04/14,232,197,324.0,186.0,545.0,740,162586400.0
0689,2000/04/17,042,252,1054.0,348.0,1994.0,674,170731200.0
0690,2000/04/19,274,297,1164.0,441.0,2024.0,694,154855800.0
0691,2000/04/21,132,200,953.0,220.0,1803.0,666,159686600.0
0692,2000/04/24,548,178,870.0,301.0,1822.0,729,171065800.0
0693,2000/04/26,094,150,721.0,190.0,1676.0,457,156250200.0
0694,2000/04/28,900,180,282.0,217.0,592.0,940,168060000.0
0695,2000/05/01,797,228,225.0,243.0,480.0,531,171783400.0
0696,2000/05/03,003,120,186.0,165.0,310.0,488,145882400.0
0697,2000/05/05,971,133,931.0,223.0,1900.0,508,138946600.0
0698,2000/05/08,907,310,1410.0,539.0,2596.0,513,172378800.0
0699,2000/05/10,278,288,1059.0,504.0,2172.0,496,158888200.0
0700,2000/05/12,232,227,335.0,265.0,544.0,1251,167364600.0
0701,2000/05/15,883,248,323.0,276.0,558.0,830,173752600.0
0702,2000/05/17,993,391,556.0,524.0,992.0,626,159132600.0
0703,2000/05/19,424,329,378.0,313.0,381.0,974,166171200.0
0704,2000/05/22,869,185,560.0,232.0,1152.0,1113,172459600.0
0705,2000/05/24,094,195,762.0,277.0,1597.0,428,154122600.0
0706,2000/05/26,948,250,808.0,339.0,1619.0,642,168809800.0
0707,2000/05/29,851,156,1112.0,290.0,2130.0,729,176548200.0
0708,2000/05/31,337,285,374.0,300.0,503.0,1068,158692400.0
0709,2000/06/02,762,215,1142.0,348.0,2875.0,834,170948800.0
0710,2000/06/05,114,338,421.0,417.0,459.0,757,169731000.0
0711,2000/06/07,755,122,296.0,137.0,455.0,749,150974600.0
0712,2000/06/09,428,294,959.0,492.0,1629.0,945,157422800.0
0713,2000/06/12,620,266,847.0,375.0,1544.0,525,167742800.0
0714,2000/06/14,943,190,683.0,289.0,1616.0,669,143211600.0
0715,2000/06/16,040,246,285.0,214.0,586.0,601,160576400.0
0716,2000/06/19,469,273,800.0,474.0,1617.0,840,163679200.0
0717,2000/06/21,743,214,751.0,305.0,1499.0,458,151765800.0
0718,2000/06/23,241,213,892.0,305.0,1657.0,452,163317400.0
0719,2000/06/26,234,306,1002.0,405.0,1585.0,643,173196200.0
0720,2000/06/28,217,251,992.0,389.0,2145.0,654,155903000.0
0721,2000/06/30,889,292,453.0,404.0,750.0,1090,170046200.0
0722,2000/07/03,214,296,1048.0,356.0,1733.0,560,171948200.0
0723,2000/07/05,739,262,838.0,410.0,1705.0,753,158413000.0
0724,2000/07/07,376,247,861.0,321.0,1614.0,1215,167151800.0
0725,2000/07/10,397,250,1043.0,353.0,1859.0,783,171789400.0
0726,2000/07/12,629,363,1020.0,496.0,1975.0,820,157153600.0
0727,2000/07/14,125,339,1292.0,575.0,2364.0,991,164937600.0
0728,2000/07/17,743,268,992.0,390.0,1829.0,707,165800400.0
0729,2000/07/19,189,195,881.0,344.0,1952.0,532,152141200.0
0730,2000/07/21,974,173,890.0,333.0,2124.0,599,150983800.0
0731,2000/07/24,808,196,338.0,349.0,609.0,629,155631800.0
0732,2000/07/26,715,238,896.0,474.0,1632.0,551,145003000.0
0733,2000/07/28,179,194,1002.0,344.0,2209.0,515,152555000.0
0734,2000/07/31,496,196,826.0,337.0,1753.0,637,156479200.0
0735,2000/08/02,610,211,494.0,276.0,1084.0,398,146126200.0
0736,2000/08/04,603,192,779.0,275.0,1586.0,574,152875400.0
0737,2000/08/07,821,207,848.0,325.0,1906.0,599,150505600.0
0738,2000/08/09,065,123,444.0,167.0,1078.0,409,138085800.0
0739,2000/08/11,918,226,829.0,438.0,1875.0,682,145730800.0
0740,2000/08/14,602,213,799.0,362.0,1407.0,404,134125600.0
0741,2000/08/16,054,91,548.0,163.0,1262.0,673,135442600.0
0742,2000/08/18,286,166,880.0,306.0,1875.0,595,148490400.0
0743,2000/08/21,854,160,1012.0,281.0,2257.0,329,155513800.0
0744,2000/08/23,946,317,821.0,417.0,1775.0,536,143996600.0
0745,2000/08/25,031,162,678.0,166.0,1633.0,869,155382400.0
0746,2000/08/28,134,172,848.0,307.0,1698.0,540,159270200.0
0747,2000/08/30,831,364,923.0,498.0,1690.0,444,147719000.0
0748,2000/09/01,617,280,685.0,372.0,1421.0,728,157797400.0
0749,2000/09/04,920,330,1216.0,527.0,2237.0,487,162144200.0
0750,2000/09/06,912,302,1157.0,547.0,2447.0,632,145269400.0
0751,2000/09/08,266,173,291.0,223.0,540.0,907,151442800.0
0752,2000/09/11,370,160,759.0,246.0,1731.0,572,146961400.0
0753,2000/09/13,208,205,643.0,329.0,1412.0,345,140605400.0
0754,2000/09/15,307,223,644.0,325.0,1224.0,362,136113400.0
0755,2000/09/18,982,182,988.0,371.0,2273.0,729,152092200.0
0756,2000/09/20,386,198,955.0,309.0,1983.0,371,139164800.0
0757,2000/09/22,375,298,1202.0,454.0,2125.0,631,144610200.0
0758,2000/09/25,088,149,227.0,163.0,376.0,584,150620800.0
0759,2000/09/27,548,161,753.0,320.0,1492.0,459,141578800.0
0760,2000/09/29,699,137,268.0,164.0,518.0,958,151362200.0
0761,2000/10/02,805,235,929.0,479.0,1744.0,507,158017600.0
0762,2000/10/04,804,163,773.0,239.0,1629.0,600,146604200.0
0763,2000/10/06,610,258,1030.0,327.0,1777.0,573,154282200.0
0764,2000/10/09,094,177,812.0,310.0,1629.0,427,139782600.0
0765,2000/10/11,117,353,390.0,455.0,508.0,552,142521800.0
0766,2000/10/13,835,222,1422.0,385.0,2927.0,928,152113600.0
0767,2000/10/16,618,379,1049.0,719.0,1785.0,693,163585800.0
0768,2000/10/18,192,212,1065.0,349.0,2384.0,466,145125400.0
0769,2000/10/20,220,219,399.0,306.0,642.0,588,148295000.0
0770,2000/10/23,325,351,1333.0,595.0,2162.0,630,154941400.0
0771,2000/10/25,522,326,439.0,321.0,761.0,664,146191200.0
0772,2000/10/27,574,166,794.0,211.0,1712.0,522,151659800.0
0773,2000/10/30,811,164,331.0,239.0,553.0,525,159046000.0
0774,2000/11/01,080,247,316.0,397.0,440.0,400,142583000.0
0775,2000/11/03,923,244,1040.0,484.0,2191.0,694,138881800.0
0776,2000/11/06,302,256,942.0,333.0,1685.0,513,166365800.0
0777,2000/11/08,237,349,1186.0,647.0,2025.0,623,150124800.0
0778,2000/11/10,226,296,376.0,385.0,444.0,743,155502000.0
0779,2000/11/13,167,197,819.0,282.0,1582.0,606,167581800.0
0780,2000/11/15,033,209,361.0,220.0,620.0,755,150107600.0
0781,2000/11/17,472,237,1153.0,392.0,2095.0,594,154762400.0
0782,2000/11/20,014,144,853.0,240.0,1612.0,706,161615800.0
0783,2000/11/22,924,300,974.0,560.0,1828.0,725,152334200.0
0784,2000/11/24,703,333,1240.0,456.0,1925.0,516,157045200.0
0785,2000/11/27,908,251,916.0,510.0,1633.0,499,172902600.0
0786,2000/11/29,160,127,740.0,185.0,1541.0,451,154143400.0
0787,2000/12/01,221,263,523.0,309.0,801.0,683,162381000.0
0788,2000/12/04,433,203,324.0,233.0,444.0,634,177055000.0
0789,2000/12/06,787,168,252.0,201.0,380.0,636,161140400.0
0790,2000/12/08,807,249,802.0,415.0,1360.0,558,171624400.0
0791,2000/12/11,552,267,472.0,295.0,697.0,878,186258000.0
0792,2000/12/13,220,249,422.0,327.0,593.0,646,166079600.0
0793,2000/12/15,685,213,771.0,269.0,1430.0,683,180350600.0
0794,2000/12/18,199,208,416.0,244.0,758.0,805,194262000.0
0795,2000/12/20,461,260,1098.0,331.0,1791.0,610,177644400.0
0796,2000/12/22,360,248,1313.0,364.0,2354.0,394,181792200.0
0797,2000/12/25,418,296,1062.0,471.0,1702.0,1057,186017200.0
0798,2000/12/27,477,216,353.0,253.0,610.0,770,171478800.0
0799,2000/12/29,953,244,1288.0,338.0,2373.0,671,181101600.0
0800,2001/01/05,817,242,857.0,410.0,1658.0,801,184532200.0
0801,2001/01/08,793,197,1211.0,291.0,2245.0,540,158972800.0
0802,2001/01/10,468,277,922.0,415.0,1417.0,561,166089800.0
0803,2001/01/12,405,267,801.0,355.0,1532.0,627,172311400.0
0804,2001/01/15,331,360,495.0,368.0,615.0,983,179216400.0
0805,2001/01/17,224,431,577.0,602.0,696.0,932,161509400.0
0806,2001/01/19,221,419,718.0,540.0,826.0,645,172278200.0
0807,2001/01/22,122,1036,886.0,766.0,823.0,838,187316000.0
0808,2001/01/24,296,153,874.0,341.0,1641.0,550,170731200.0
0809,2001/01/26,127,734,1609.0,1365.0,2076.0,980,177744000.0
0810,2001/01/29,929,321,494.0,416.0,797.0,961,191858200.0
0811,2001/01/31,559,175,392.0,297.0,589.0,514,184356800.0
0812,2001/02/02,614,309,1047.0,460.0,1594.0,825,193104200.0
0813,2001/02/05,096,309,950.0,369.0,1797.0,435,211431200.0
0814,2001/02/07,873,239,1083.0,413.0,2342.0,698,180950600.0
0815,2001/02/09,839,210,1023.0,452.0,2278.0,826,189868200.0
0816,2001/02/12,650,183,752.0,215.0,1572.0,529,180813800.0
0817,2001/02/14,922,286,430.0,365.0,758.0,630,174772600.0
0818,2001/02/16,427,478,1767.0,785.0,2738.0,1052,192831600.0
0819,2001/02/19,369,730,1647.0,1172.0,2381.0,773,206133600.0
0820,2001/02/21,033,284,478.0,267.0,813.0,921,177629200.0
0821,2001/02/23,292,237,534.0,321.0,1072.0,572,187729600.0
0822,2001/02/26,459,271,844.0,483.0,1705.0,551,202540400.0
0823,2001/02/28,535,259,400.0,297.0,658.0,898,181097600.0
0824,2001/03/02,102,280,1002.0,430.0,1624.0,616,190364600.0
0825,2001/03/05,339,521,659.0,625.0,774.0,884,201821000.0
0826,2001/03/07,823,401,1427.0,677.0,2589.0,1312,179697600.0
0827,2001/03/09,802,240,1061.0,421.0,1958.0,503,179521600.0
0828,2001/03/12,939,565,778.0,722.0,1002.0,1204,196465600.0
0829,2001/03/14,442,267,505.0,317.0,860.0,745,176919800.0
0830,2001/03/16,247,298,1438.0,475.0,2505.0,718,182458800.0
0831,2001/03/19,764,253,886.0,272.0,1688.0,572,196323400.0
0832,2001/03/21,626,338,456.0,411.0,565.0,819,173276000.0
0833,2001/03/23,826,345,1426.0,521.0,2258.0,698,187289200.0
0834,2001/03/26,594,246,851.0,308.0,1603.0,539,196589000.0
0835,2001/03/28,309,369,1124.0,634.0,2054.0,863,177302800.0
0836,2001/03/30,926,326,1357.0,577.0,2156.0,801,177041200.0
0837,2001/04/02,539,344,1207.0,501.0,1980.0,1225,191121400.0
0838,2001/04/04,524,282,1141.0,572.0,1865.0,1008,170771800.0
0839,2001/04/06,679,196,683.0,276.0,1474.0,511,181022800.0
0840,2001/04/09,059,209,1011.0,267.0,1954.0,794,193888600.0
0841,2001/04/11,306,275,1026.0,487.0,1739.0,513,174233800.0
0842,2001/04/13,219,334,1281.0,542.0,2523.0,884,181483600.0
0843,2001/04/16,768,166,616.0,225.0,1018.0,557,193401800.0
0844,2001/04/18,170,151,824.0,198.0,1766.0,448,175279400.0
0845,2001/04/20,274,323,1788.0,518.0,3036.0,430,185031200.0
0846,2001/04/23,531,545,2031.0,675.0,2951.0,935,201064800.0
0847,2001/04/25,473,248,1169.0,374.0,2418.0,521,176342200.0
0848,2001/04/27,098,181,1028.0,352.0,2117.0,771,190133800.0
0849,2001/04/30,539,439,1483.0,509.0,2214.0,1493,175213000.0
0850,2001/05/02,646,172,273.0,220.0,427.0,778,182140800.0
0851,2001/05/04,717,235,314.0,292.0,594.0,597,158252000.0
0852,2001/05/07,057,263,1375.0,340.0,2458.0,876,196830600.0
0853,2001/05/09,363,284,392.0,320.0,564.0,803,171834600.0
0854,2001/05/11,112,421,658.0,459.0,1021.0,679,180821000.0
0855,2001/05/14,939,451,484.0,557.0,697.0,1814,192064400.0
0856,2001/05/16,099,354,350.0,323.0,662.0,609,171252800.0
0857,2001/05/18,921,326,1441.0,677.0,2644.0,762,177126600.0
0858,2001/05/21,510,419,912.0,453.0,1467.0,531,185709200.0
0859,2001/05/23,400,130,160.0,160.0,350.0,712,158817600.0
0860,2001/05/25,963,231,1284.0,352.0,2803.0,537,176835800.0
0861,2001/05/28,931,207,1299.0,318.0,2600.0,898,187829600.0
0862,2001/05/30,883,255,419.0,331.0,791.0,671,170377200.0
0863,2001/06/01,585,211,423.0,348.0,609.0,726,180768600.0
0864,2001/06/04,426,391,1650.0,521.0,2395.0,1198,188724200.0
0865,2001/06/06,329,353,1156.0,623.0,2464.0,1011,163766600.0
0866,2001/06/08,571,253,1160.0,365.0,2270.0,550,171532000.0
0867,2001/06/11,432,284,1070.0,384.0,1868.0,1020,180129600.0
0868,2001/06/13,634,330,971.0,395.0,1547.0,576,159586000.0
0869,2001/06/15,245,251,1008.0,371.0,1776.0,756,173318400.0
0870,2001/06/18,772,221,611.0,296.0,1177.0,613,193730800.0
0871,2001/06/20,639,464,1754.0,718.0,3059.0,2948,171522400.0
0872,2001/06/22,755,163,303.0,192.0,506.0,805,178082400.0
0873,2001/06/25,367,333,1340.0,492.0,2231.0,799,192798600.0
0874,2001/06/27,454,201,380.0,231.0,569.0,483,174772200.0
0875,2001/06/29,778,199,276.0,231.0,425.0,589,186341800.0
0876,2001/07/02,845,299,1174.0,492.0,1966.0,682,200132200.0
0877,2001/07/04,589,309,645.0,387.0,1307.0,939,176879200.0
0878,2001/07/06,318,318,952.0,481.0,1852.0,792,181427400.0
0879,2001/07/09,908,204,831.0,403.0,1711.0,542,195910200.0
0880,2001/07/11,678,223,797.0,384.0,1305.0,566,175576200.0
0881,2001/07/13,494,154,362.0,242.0,567.0,626,176436600.0
0882,2001/07/16,703,264,1015.0,524.0,1853.0,601,185564400.0
0883,2001/07/18,745,200,861.0,352.0,1701.0,651,166818600.0
0884,2001/07/20,388,197,366.0,261.0,616.0,828,157103000.0
0885,2001/07/23,307,262,874.0,461.0,1509.0,471,174925800.0
0886,2001/07/25,302,201,638.0,305.0,1436.0,460,160240800.0
0887,2001/07/27,672,160,1244.0,294.0,2756.0,599,173751400.0
0888,2001/07/30,691,172,910.0,278.0,2000.0,618,181226800.0
0889,2001/08/01,139,309,955.0,423.0,1942.0,2810,165440000.0
0890,2001/08/03,332,308,555.0,392.0,756.0,935,171150000.0
0891,2001/08/06,254,259,1073.0,378.0,2149.0,640,175414400.0
0892,2001/08/08,353,271,388.0,281.0,661.0,484,158871600.0
0893,2001/08/10,184,143,782.0,322.0,1831.0,601,164445800.0
0894,2001/08/13,592,204,1129.0,362.0,2488.0,491,162891000.0
0895,2001/08/15,614,216,817.0,358.0,1508.0,667,149922800.0
0896,2001/08/17,108,285,784.0,509.0,1563.0,540,166832800.0
0897,2001/08/20,055,210,302.0,198.0,497.0,651,174703800.0
0898,2001/08/22,980,143,618.0,264.0,1566.0,443,144858600.0
0899,2001/08/24,350,182,893.0,274.0,1861.0,441,171882800.0
0900,2001/08/27,088,367,587.0,501.0,751.0,727,186073800.0
0901,2001/08/29,694,196,824.0,326.0,1832.0,528,169095400.0
0902,2001/08/31,377,284,496.0,340.0,825.0,832,176394800.0
0903,2001/09/03,648,266,918.0,370.0,1673.0,651,184902800.0
0904,2001/09/05,005,139,296.0,233.0,508.0,629,169923000.0
0905,2001/09/07,812,275,988.0,472.0,2235.0,799,169948000.0
0906,2001/09/10,202,276,551.0,382.0,796.0,616,171760600.0
0907,2001/09/12,865,330,750.0,563.0,1514.0,461,154990800.0
0908,2001/09/14,042,258,829.0,286.0,1567.0,573,161777000.0
0909,2001/09/17,116,327,375.0,517.0,504.0,848,174211000.0
0910,2001/09/19,947,344,845.0,500.0,1859.0,528,154075200.0
0911,2001/09/21,972,136,985.0,245.0,2198.0,627,157501800.0
0912,2001/09/24,891,149,865.0,313.0,1870.0,540,151953400.0
0913,2001/09/26,524,273,1112.0,436.0,2062.0,881,162318400.0
0914,2001/09/28,737,198,395.0,303.0,618.0,875,168432000.0
0915,2001/10/01,356,392,1160.0,504.0,2003.0,1106,174211800.0
0916,2001/10/03,276,172,895.0,275.0,1864.0,445,162225800.0
0917,2001/10/05,502,270,889.0,423.0,1706.0,678,168301200.0
0918,2001/10/08,997,225,340.0,386.0,401.0,479,157108200.0
0919,2001/10/10,223,359,590.0,430.0,1046.0,789,150599400.0
0920,2001/10/12,498,135,629.0,270.0,1294.0,552,164078600.0
0921,2001/10/15,315,528,1726.0,750.0,2424.0,1002,178187200.0
0922,2001/10/17,893,305,923.0,705.0,1849.0,537,150948400.0
0923,2001/10/19,232,287,418.0,336.0,721.0,1001,162560600.0
0924,2001/10/22,511,237,440.0,290.0,689.0,706,170519600.0
0925,2001/10/24,971,130,731.0,183.0,1613.0,375,157726000.0
0926,2001/10/26,373,362,580.0,432.0,833.0,484,176522800.0
0927,2001/10/29,468,449,1225.0,554.0,1924.0,703,184981800.0
0928,2001/10/31,848,160,286.0,238.0,452.0,502,168261600.0
0929,2001/11/02,032,211,930.0,227.0,1850.0,929,171762200.0
0930,2001/11/05,905,250,780.0,441.0,1310.0,690,181584600.0
0931,2001/11/07,330,420,792.0,467.0,1148.0,677,167675000.0
0932,2001/11/09,471,257,1309.0,364.0,2473.0,429,169128600.0
0933,2001/11/12,337,475,729.0,592.0,778.0,774,181394600.0
0934,2001/11/14,361,315,1084.0,403.0,1916.0,414,162266200.0
0935,2001/11/16,304,209,688.0,297.0,1317.0,439,170319800.0
0936,2001/11/19,666,1424,,,,792,179036800.0
0937,2001/11/21,865,128,682.0,189.0,1347.0,433,158282200.0
0938,2001/11/23,603,258,1015.0,402.0,1996.0,506,158793600.0
0939,2001/11/26,308,530,1010.0,814.0,1695.0,593,183473800.0
0940,2001/11/28,188,232,370.0,279.0,655.0,744,165466600.0
0941,2001/11/30,059,138,579.0,230.0,1249.0,823,170450800.0
0942,2001/12/03,614,277,1125.0,537.0,2133.0,807,185150200.0
0943,2001/12/05,881,233,297.0,218.0,494.0,649,169620800.0
0944,2001/12/07,937,270,908.0,367.0,1804.0,855,175251400.0
0945,2001/12/10,019,262,1234.0,392.0,2532.0,902,189970400.0
0946,2001/12/12,361,279,1238.0,453.0,2218.0,428,170658800.0
0947,2001/12/14,220,535,726.0,841.0,904.0,771,179280400.0
0948,2001/12/17,478,248,736.0,455.0,1404.0,708,189872200.0
0949,2001/12/19,788,177,301.0,187.0,464.0,575,172177600.0
0950,2001/12/21,707,269,429.0,371.0,582.0,601,175335000.0
0951,2001/12/24,147,357,1311.0,589.0,2059.0,607,169251200.0
0952,2001/12/26,549,168,853.0,360.0,1910.0,765,172515600.0
0953,2001/12/28,875,230,885.0,349.0,1727.0,703,195965400.0
0954,2002/01/04,103,429,1126.0,566.0,1845.0,649,176921200.0
0955,2002/01/07,845,183,985.0,412.0,1857.0,828,184279400.0
0956,2002/01/09,981,187,1013.0,288.0,2008.0,374,169586400.0
0957,2002/01/11,533,197,474.0,233.0,869.0,986,184668800.0
0958,2002/01/14,454,291,512.0,248.0,849.0,871,180107600.0
0959,2002/01/16,911,336,437.0,325.0,689.0,607,176611800.0
0960,2002/01/18,060,224,368.0,306.0,570.0,553,185627600.0
0961,2002/01/21,345,403,1175.0,576.0,1670.0,807,189413200.0
0962,2002/01/23,559,228,360.0,322.0,467.0,632,176663200.0
0963,2002/01/25,805,267,909.0,489.0,1511.0,701,190067600.0
0964,2002/01/28,230,289,1242.0,359.0,2490.0,840,205540400.0
0965,2002/01/30,131,491,848.0,647.0,1375.0,920,183878000.0
0966,2002/02/01,832,207,1248.0,363.0,2619.0,1456,188960200.0
0967,2002/02/04,715,302,1315.0,544.0,2166.0,838,204621800.0
0968,2002/02/06,181,212,478.0,280.0,923.0,590,183922400.0
0969,2002/02/08,950,165,955.0,288.0,1940.0,681,195274800.0
0970,2002/02/11,749,158,1006.0,351.0,2158.0,604,184411200.0
0971,2002/02/13,147,359,1437.0,617.0,2523.0,737,178380800.0
0972,2002/02/15,337,662,1059.0,1030.0,1092.0,1063,194010400.0
0973,2002/02/18,557,355,448.0,317.0,564.0,751,207317400.0
0974,2002/02/20,795,161,781.0,221.0,1527.0,805,180890800.0
0975,2002/02/22,432,258,1030.0,362.0,2059.0,1279,194102000.0
0976,2002/02/25,000,740,,,,975,209279200.0
0977,2002/02/27,192,190,1230.0,302.0,2654.0,509,182150400.0
0978,2002/03/01,158,256,1065.0,374.0,2107.0,798,192824600.0
0979,2002/03/04,011,351,692.0,411.0,1071.0,832,204994400.0
0980,2002/03/06,420,257,973.0,311.0,1680.0,641,179666200.0
0981,2002/03/08,250,211,1076.0,273.0,1847.0,520,188496000.0
0982,2002/03/11,071,143,963.0,185.0,1891.0,600,203609800.0
0983,2002/03/13,727,347,610.0,534.0,873.0,1025,183155800.0
0984,2002/03/15,824,261,1039.0,416.0,1867.0,884,184540200.0
0985,2002/03/18,622,305,583.0,365.0,1138.0,1062,196445200.0
0986,2002/03/20,505,352,386.0,391.0,517.0,721,174114200.0
0987,2002/03/22,683,157,995.0,303.0,2125.0,617,170111400.0
0988,2002/03/25,241,245,1307.0,325.0,2452.0,722,189757000.0
0989,2002/03/27,979,207,401.0,347.0,500.0,585,166168400.0
0990,2002/03/29,543,211,879.0,291.0,1604.0,752,178638800.0
0991,2002/04/01,505,310,428.0,308.0,581.0,724,197169200.0
0992,2002/04/03,124,344,1135.0,536.0,1895.0,831,175535400.0
0993,2002/04/05,393,380,721.0,471.0,1256.0,675,181529600.0
0994,2002/04/08,658,187,956.0,320.0,1742.0,965,194699400.0
0995,2002/04/10,312,305,1312.0,416.0,2166.0,881,175413200.0
0996,2002/04/12,931,256,1245.0,381.0,2399.0,1217,178097000.0
0997,2002/04/15,168,282,914.0,459.0,1718.0,823,196886600.0
0998,2002/04/17,851,156,943.0,214.0,1968.0,642,174483800.0
0999,2002/04/19,189,263,1209.0,543.0,2568.0,828,190530600.0
1000,2002/04/22,165,193,1110.0,396.0,2127.0,573,202258400.0
1001,2002/04/24,828,437,477.0,545.0,715.0,995,179144800.0
1002,2002/04/26,324,442,1415.0,577.0,2266.0,1043,188131000.0
1003,2002/04/29,241,266,1467.0,385.0,2430.0,561,176951000.0
1004,2002/05/01,629,260,990.0,439.0,1756.0,753,184781000.0
1005,2002/05/03,215,332,1761.0,606.0,3180.0,769,170591600.0
1006,2002/05/06,233,235,623.0,308.0,1095.0,948,177752200.0
1007,2002/05/08,297,175,940.0,320.0,1924.0,449,170708800.0
1008,2002/05/10,381,253,1311.0,381.0,2714.0,567,179500200.0
1009,2002/05/13,699,117,266.0,183.0,442.0,795,196458000.0
1010,2002/05/15,695,104,740.0,219.0,1785.0,799,171759200.0
1011,2002/05/17,813,345,1292.0,469.0,2403.0,1179,179143200.0
1012,2002/05/20,690,143,767.0,269.0,1553.0,523,192086600.0
1013,2002/05/22,199,176,429.0,246.0,859.0,480,175827600.0
1014,2002/05/24,758,205,706.0,311.0,1341.0,714,185049000.0
1015,2002/05/27,922,221,467.0,363.0,679.0,763,192209800.0
1016,2002/05/29,810,242,863.0,425.0,1534.0,587,175472400.0
1017,2002/05/31,463,274,957.0,414.0,1986.0,645,179857200.0
1018,2002/06/03,749,163,889.0,367.0,1846.0,685,182831200.0
1019,2002/06/05,546,348,827.0,390.0,1600.0,1124,165085600.0
1020,2002/06/07,140,131,785.0,221.0,1634.0,465,171004600.0
1021,2002/06/10,642,213,1350.0,259.0,2350.0,628,177222800.0
1022,2002/06/12,463,205,845.0,321.0,1635.0,505,160005400.0
1023,2002/06/14,224,319,518.0,469.0,623.0,1089,176292000.0
1024,2002/06/17,423,381,2059.0,711.0,3697.0,1135,188158200.0
1025,2002/06/19,793,145,952.0,278.0,1798.0,502,167401000.0
1026,2002/06/21,554,204,335.0,252.0,533.0,613,175190800.0
1027,2002/06/24,794,273,1180.0,423.0,2156.0,579,186113400.0
1028,2002/06/26,441,252,429.0,350.0,733.0,550,176592000.0
1029,2002/06/28,825,360,1378.0,525.0,2485.0,886,188641000.0
1030,2002/07/01,260,195,993.0,295.0,1888.0,442,193505600.0
1031,2002/07/03,216,328,1231.0,544.0,2339.0,805,173559400.0
1032,2002/07/05,404,211,359.0,268.0,521.0,502,180322200.0
1033,2002/07/08,466,237,413.0,311.0,698.0,918,188341000.0
1034,2002/07/10,249,182,895.0,397.0,2029.0,585,162606400.0
1035,2002/07/12,067,117,510.0,203.0,1234.0,537,178409200.0
1036,2002/07/15,524,356,1394.0,658.0,2348.0,1360,185509400.0
1037,2002/07/17,925,333,950.0,459.0,1698.0,766,166296000.0
1038,2002/07/19,143,232,961.0,344.0,1986.0,770,169021200.0
1039,2002/07/22,258,448,1403.0,652.0,1970.0,809,171229600.0
1040,2002/07/24,108,265,692.0,564.0,1184.0,498,150985200.0
1041,2002/07/26,526,313,1031.0,562.0,2059.0,962,159059200.0
1042,2002/07/29,647,220,872.0,321.0,1840.0,647,166258000.0
1043,2002/07/31,844,158,382.0,239.0,649.0,1256,151999400.0
1044,2002/08/02,883,227,363.0,336.0,500.0,647,154910000.0
1045,2002/08/05,267,226,1028.0,380.0,1924.0,497,165243200.0
1046,2002/08/07,676,114,265.0,226.0,523.0,488,147419000.0
1047,2002/08/09,165,179,691.0,272.0,1505.0,479,156377200.0
1048,2002/08/12,602,181,807.0,379.0,1555.0,576,158988800.0
1049,2002/08/14,006,147,234.0,224.0,370.0,428,139901600.0
1050,2002/08/16,290,110,701.0,244.0,1543.0,523,152910800.0
1051,2002/08/19,538,395,1357.0,535.0,2642.0,1184,163976800.0
1052,2002/08/21,642,214,1462.0,333.0,2752.0,543,148946400.0
1053,2002/08/23,670,126,561.0,222.0,1289.0,447,163158000.0
1054,2002/08/26,911,236,484.0,362.0,698.0,897,181387800.0
1055,2002/08/28,552,157,448.0,235.0,716.0,589,157272200.0
1056,2002/08/30,646,201,319.0,332.0,557.0,772,166859200.0
1057,2002/09/02,137,273,1349.0,511.0,2473.0,949,182245400.0
1058,2002/09/04,347,263,978.0,403.0,1789.0,619,161112800.0
1059,2002/09/06,879,145,650.0,233.0,1315.0,606,162886800.0
1060,2002/09/09,966,186,396.0,239.0,655.0,631,177899000.0
1061,2002/09/11,995,188,366.0,331.0,438.0,516,161497000.0
1062,2002/09/13,165,183,826.0,349.0,1713.0,553,168848600.0
1063,2002/09/16,966,144,330.0,164.0,610.0,556,157522400.0
1064,2002/09/18,228,310,407.0,417.0,580.0,843,161969000.0
1065,2002/09/20,385,338,1319.0,689.0,2207.0,569,166081000.0
1066,2002/09/23,571,172,966.0,278.0,1833.0,511,157463800.0
1067,2002/09/25,259,245,1594.0,459.0,2905.0,595,160724000.0
1068,2002/09/27,330,290,552.0,433.0,764.0,648,163821800.0
1069,2002/09/30,670,143,594.0,258.0,1115.0,365,172603000.0
1070,2002/10/02,853,175,1212.0,338.0,2294.0,617,155840800.0
1071,2002/10/04,910,257,930.0,444.0,1913.0,523,166144000.0
1072,2002/10/07,382,201,1164.0,375.0,2102.0,790,171677400.0
1073,2002/10/09,461,230,1064.0,371.0,2012.0,493,155839000.0
1074,2002/10/11,866,187,339.0,210.0,560.0,796,164042400.0
1075,2002/10/14,567,197,794.0,375.0,1337.0,664,156764600.0
1076,2002/10/16,954,143,711.0,282.0,1548.0,725,157150000.0
1077,2002/10/18,294,204,880.0,413.0,1864.0,613,165985600.0
1078,2002/10/21,408,193,586.0,331.0,1179.0,559,169781400.0
1079,2002/10/23,438,138,770.0,275.0,1618.0,640,158205400.0
1080,2002/10/25,410,191,738.0,369.0,1383.0,537,169137600.0
1081,2002/10/28,465,217,1048.0,304.0,1973.0,730,178078000.0
1082,2002/10/30,486,222,1285.0,407.0,2167.0,662,164064400.0
1083,2002/11/01,334,220,362.0,346.0,538.0,618,170128800.0
1084,2002/11/04,721,313,999.0,446.0,2002.0,679,162406000.0
1085,2002/11/06,175,221,1090.0,354.0,2030.0,730,162022200.0
1086,2002/11/08,750,212,724.0,340.0,1618.0,650,169074800.0
1087,2002/11/11,299,147,473.0,296.0,818.0,917,181126000.0
1088,2002/11/13,305,289,736.0,412.0,1464.0,706,160940200.0
1089,2002/11/15,670,295,603.0,445.0,1226.0,484,164544800.0
1090,2002/11/18,549,187,860.0,341.0,1660.0,740,174355400.0
1091,2002/11/20,621,242,945.0,329.0,1759.0,536,156147400.0
1092,2002/11/22,779,238,315.0,281.0,473.0,480,158745400.0
1093,2002/11/25,782,117,881.0,233.0,1889.0,672,164846600.0
1094,2002/11/27,798,220,967.0,372.0,1871.0,641,156130200.0
1095,2002/11/29,289,230,1080.0,441.0,2578.0,546,167728600.0
1096,2002/12/02,601,160,844.0,342.0,1664.0,958,179527600.0
1097,2002/12/04,188,192,401.0,293.0,668.0,832,155512000.0
1098,2002/12/06,053,279,880.0,349.0,1694.0,735,166554800.0
1099,2002/12/09,180,156,955.0,264.0,1892.0,373,159828200.0
1100,2002/12/11,390,151,719.0,297.0,1802.0,465,156609600.0
1101,2002/12/13,232,274,504.0,419.0,951.0,1291,171043400.0
1102,2002/12/16,015,198,984.0,335.0,1886.0,1106,183234600.0
1103,2002/12/18,270,189,910.0,320.0,1929.0,528,168054600.0
1104,2002/12/20,386,197,1012.0,437.0,1906.0,499,174931400.0
1105,2002/12/23,748,149,691.0,290.0,1498.0,734,166495200.0
1106,2002/12/25,821,293,1538.0,509.0,3306.0,759,169278600.0
1107,2002/12/27,519,299,978.0,527.0,1979.0,823,180183000.0
1108,2002/12/30,407,242,810.0,511.0,1452.0,743,180631600.0
1109,2003/01/06,739,232,1021.0,412.0,1913.0,1179,182216000.0
1110,2003/01/08,904,194,665.0,345.0,1411.0,505,165010200.0
1111,2003/01/10,850,157,803.0,282.0,1637.0,717,175492600.0
1112,2003/01/13,417,415,1672.0,689.0,2568.0,826,177688200.0
1113,2003/01/15,735,333,1509.0,475.0,2659.0,805,165670000.0
1114,2003/01/17,685,138,869.0,226.0,1918.0,522,174432600.0
1115,2003/01/20,703,310,1199.0,666.0,2188.0,667,187470600.0
1116,2003/01/22,409,223,686.0,359.0,1338.0,613,166038600.0
1117,2003/01/24,718,286,804.0,413.0,1659.0,966,172432200.0
1118,2003/01/27,816,304,1039.0,451.0,1927.0,654,183630600.0
1119,2003/01/29,264,297,1408.0,402.0,2422.0,800,164230600.0
1120,2003/01/31,789,247,674.0,422.0,1268.0,568,173751600.0
1121,2003/02/03,996,207,393.0,340.0,692.0,719,188461600.0
1122,2003/02/05,702,228,894.0,338.0,1809.0,726,170883200.0
1123,2003/02/07,687,164,957.0,318.0,1943.0,733,176970200.0
1124,2003/02/10,818,354,481.0,557.0,614.0,868,194167200.0
1125,2003/02/12,820,230,918.0,421.0,1857.0,718,168435600.0
1126,2003/02/14,361,360,1358.0,567.0,2715.0,617,184340600.0
1127,2003/02/17,554,215,377.0,301.0,504.0,738,193558800.0
1128,2003/02/19,956,142,817.0,319.0,1827.0,785,170216600.0
1129,2003/02/21,264,301,1573.0,489.0,2552.0,565,178906800.0
1130,2003/02/24,036,335,1064.0,447.0,2119.0,1505,186522600.0
1131,2003/02/26,210,450,1009.0,597.0,1819.0,735,174453400.0
1132,2003/02/28,418,373,1004.0,558.0,2113.0,751,180198000.0
1133,2003/03/03,036,271,1065.0,428.0,1949.0,770,186610000.0
1134,2003/03/05,251,291,1243.0,467.0,2689.0,696,169692600.0
1135,2003/03/07,887,134,272.0,183.0,410.0,574,170431600.0
1136,2003/03/10,410,317,961.0,448.0,1746.0,729,186611800.0
1137,2003/03/12,233,303,496.0,346.0,779.0,924,168129000.0
1138,2003/03/14,250,184,893.0,351.0,1771.0,557,176438400.0
1139,2003/03/17,072,257,1025.0,411.0,1980.0,1423,187957800.0
1140,2003/03/19,757,198,379.0,263.0,678.0,610,165942000.0
1141,2003/03/21,917,208,851.0,390.0,1698.0,614,154857400.0
1142,2003/03/24,540,140,987.0,264.0,2157.0,550,179358800.0
1143,2003/03/26,129,353,1031.0,575.0,2141.0,836,167209000.0
1144,2003/03/28,999,957,,,,753,170421800.0
1145,2003/03/31,126,406,1289.0,644.0,2323.0,787,179417200.0
1146,2003/04/02,442,156,398.0,284.0,648.0,754,154837800.0
1147,2003/04/04,428,322,1139.0,587.0,1884.0,697,165790000.0
1148,2003/04/07,016,184,906.0,313.0,1852.0,726,177133400.0
1149,2003/04/09,511,246,386.0,317.0,746.0,617,156494800.0
1150,2003/04/11,831,255,1206.0,454.0,2198.0,923,168783400.0
1151,2003/04/14,714,416,1659.0,626.0,2802.0,1736,176653000.0
1152,2003/04/16,177,164,361.0,245.0,652.0,704,161873800.0
1153,2003/04/18,687,171,854.0,278.0,1821.0,628,166398800.0
1154,2003/04/21,142,185,1968.0,327.0,3791.0,590,173230200.0
1155,2003/04/23,309,262,1057.0,522.0,2336.0,631,157901600.0
1156,2003/04/25,198,194,1121.0,399.0,2577.0,590,164508200.0
1157,2003/04/28,041,220,1061.0,301.0,2021.0,497,178738400.0
1158,2003/04/30,971,126,793.0,226.0,1881.0,438,157511600.0
1159,2003/05/02,806,192,812.0,378.0,1614.0,486,176862200.0
1160,2003/05/05,831,270,1185.0,522.0,1991.0,552,156494200.0
1161,2003/05/07,577,158,248.0,212.0,419.0,475,156622400.0
1162,2003/05/09,366,183,404.0,258.0,651.0,784,168530400.0
1163,2003/05/12,990,240,350.0,279.0,488.0,520,182170200.0
1164,2003/05/14,835,212,1343.0,461.0,2566.0,843,160952200.0
1165,2003/05/16,644,197,316.0,253.0,552.0,712,167501000.0
1166,2003/05/19,254,281,1225.0,423.0,2309.0,791,174251000.0
1167,2003/05/21,183,205,1165.0,365.0,2413.0,687,157465000.0
1168,2003/05/23,280,153,821.0,268.0,1748.0,433,167053600.0
1169,2003/05/26,400,243,272.0,241.0,394.0,1099,179520200.0
1170,2003/05/28,617,252,791.0,459.0,1689.0,795,160174600.0
1171,2003/05/30,581,156,1195.0,342.0,2292.0,485,163493400.0
1172,2003/06/02,020,165,296.0,153.0,436.0,604,173879800.0
1173,2003/06/04,271,192,1078.0,301.0,2316.0,445,155058000.0
1174,2003/06/06,170,144,911.0,302.0,1898.0,531,164963600.0
1175,2003/06/09,493,153,843.0,307.0,1845.0,624,168592400.0
1176,2003/06/11,608,191,599.0,381.0,1145.0,636,153824400.0
1177,2003/06/13,441,199,451.0,313.0,680.0,593,163003200.0
1178,2003/06/16,996,168,370.0,297.0,502.0,408,168756800.0
1179,2003/06/18,889,257,324.0,426.0,468.0,585,149450800.0
1180,2003/06/20,044,176,354.0,245.0,560.0,713,160640000.0
1181,2003/06/23,346,205,889.0,304.0,1695.0,682,167071400.0
1182,2003/06/25,903,201,702.0,343.0,1522.0,480,156418200.0
1183,2003/06/27,609,279,736.0,369.0,1499.0,575,166972400.0
1184,2003/06/30,749,187,848.0,337.0,1710.0,581,179695000.0
1185,2003/07/02,342,153,890.0,227.0,1944.0,649,165799000.0
1186,2003/07/04,422,342,601.0,545.0,972.0,1088,173931600.0
1187,2003/07/07,184,272,1134.0,410.0,1923.0,768,182231400.0
1188,2003/07/09,865,200,838.0,394.0,1706.0,893,163236200.0
1189,2003/07/11,463,252,966.0,404.0,1936.0,572,168781400.0
1190,2003/07/14,556,369,484.0,571.0,655.0,702,178685200.0
1191,2003/07/16,269,238,891.0,428.0,1923.0,740,160407000.0
1192,2003/07/18,664,231,467.0,333.0,700.0,614,165980600.0
1193,2003/07/21,686,142,298.0,167.0,433.0,579,154993200.0
1194,2003/07/23,438,177,801.0,358.0,1731.0,881,157569000.0
1195,2003/07/25,416,332,1112.0,630.0,2076.0,688,166415200.0
1196,2003/07/28,897,149,855.0,227.0,1591.0,768,175452200.0
1197,2003/07/30,695,145,733.0,235.0,1487.0,494,156986400.0
1198,2003/08/01,547,174,1018.0,333.0,1973.0,681,169095800.0
1199,2003/08/04,152,187,1146.0,293.0,2255.0,746,167656200.0
1200,2003/08/06,944,142,266.0,183.0,535.0,627,152412000.0
1201,2003/08/08,957,150,723.0,354.0,1206.0,515,152520200.0
1202,2003/08/11,459,262,1102.0,529.0,2025.0,613,159711400.0
1203,2003/08/13,989,200,317.0,186.0,544.0,585,145630000.0
1204,2003/08/15,820,233,784.0,426.0,1666.0,656,149439000.0
1205,2003/08/18,766,224,326.0,202.0,467.0,852,170754800.0
1206,2003/08/20,943,120,622.0,222.0,1448.0,684,155031000.0
1207,2003/08/22,958,204,831.0,392.0,1584.0,888,162336000.0
1208,2003/08/25,160,173,879.0,250.0,1740.0,635,174623800.0
1209,2003/08/27,612,284,1087.0,450.0,2288.0,895,160629800.0
1210,2003/08/29,162,278,1026.0,311.0,2123.0,1757,167504800.0
1211,2003/09/01,304,214,788.0,357.0,1655.0,623,179180000.0
1212,2003/09/03,638,233,1025.0,438.0,1771.0,685,159083600.0
1213,2003/09/05,415,346,935.0,594.0,1666.0,824,167182600.0
1214,2003/09/08,911,454,563.0,494.0,719.0,984,173118600.0
1215,2003/09/10,979,146,395.0,238.0,498.0,792,151674600.0
1216,2003/09/12,221,247,417.0,349.0,683.0,710,159814000.0
1217,2003/09/15,279,218,1023.0,484.0,2139.0,403,149419400.0
1218,2003/09/17,933,165,394.0,228.0,709.0,675,147234200.0
1219,2003/09/19,825,280,1059.0,465.0,2032.0,806,156656200.0
1220,2003/09/22,118,313,424.0,499.0,515.0,926,160262200.0
1221,2003/09/24,496,151,845.0,319.0,1963.0,828,139369600.0
1222,2003/09/26,267,189,768.0,340.0,1691.0,864,155555200.0
1223,2003/09/29,784,146,845.0,286.0,1580.0,639,166132400.0
1224,2003/10/01,495,138,834.0,321.0,1822.0,450,152990600.0
1225,2003/10/03,913,320,1078.0,549.0,2000.0,1037,162071000.0
1226,2003/10/06,337,337,466.0,503.0,606.0,783,169359000.0
1227,2003/10/08,953,183,936.0,257.0,1936.0,807,151060600.0
1228,2003/10/10,899,137,358.0,217.0,509.0,852,157161200.0
1229,2003/10/13,842,98,981.0,210.0,1817.0,817,144162000.0
1230,2003/10/15,274,309,1259.0,516.0,2400.0,1060,149098800.0
1231,2003/10/17,260,142,803.0,289.0,1818.0,608,161672800.0
1232,2003/10/20,317,354,1209.0,570.0,2147.0,924,167971800.0
1233,2003/10/22,738,212,678.0,280.0,1455.0,752,147713000.0
1234,2003/10/24,796,125,711.0,227.0,1455.0,663,160893800.0
1235,2003/10/27,235,331,1274.0,462.0,2100.0,704,171746000.0
1236,2003/10/29,885,194,399.0,287.0,516.0,600,151557200.0
1237,2003/10/31,852,159,1378.0,330.0,2513.0,605,158229200.0
1238,2003/11/03,891,181,950.0,312.0,1876.0,799,149921000.0
1239,2003/11/05,348,177,795.0,343.0,1430.0,636,155374200.0
1240,2003/11/07,798,209,1086.0,470.0,2107.0,610,162988400.0
1241,2003/11/10,930,213,835.0,396.0,1761.0,695,167625600.0
1242,2003/11/12,175,204,1036.0,336.0,1894.0,732,154805400.0
1243,2003/11/14,622,177,483.0,314.0,745.0,915,162404400.0
1244,2003/11/17,651,170,904.0,255.0,1974.0,673,167569800.0
1245,2003/11/19,704,156,688.0,295.0,1324.0,726,152696200.0
1246,2003/11/21,518,273,1141.0,470.0,2058.0,827,156403800.0
1247,2003/11/24,054,106,604.0,152.0,1371.0,554,147448400.0
1248,2003/11/26,504,243,695.0,358.0,1469.0,341,152429000.0
1249,2003/11/28,455,224,516.0,293.0,910.0,1439,161195600.0
1250,2003/12/01,276,171,885.0,298.0,1816.0,869,169129400.0
1251,2003/12/03,106,215,720.0,409.0,1380.0,427,158367400.0
1252,2003/12/05,936,201,1295.0,412.0,2751.0,827,161623400.0
1253,2003/12/08,353,195,510.0,282.0,785.0,749,171196400.0
1254,2003/12/10,058,132,744.0,217.0,1726.0,686,158840400.0
1255,2003/12/12,958,147,764.0,325.0,1644.0,595,165313200.0
1256,2003/12/15,080,199,301.0,309.0,443.0,696,184094400.0
1257,2003/12/17,239,198,984.0,434.0,2248.0,1230,165583400.0
1258,2003/12/19,188,280,474.0,414.0,657.0,1257,172023400.0
1259,2003/12/22,606,181,353.0,227.0,477.0,525,174603200.0
1260,2003/12/24,021,123,829.0,188.0,1679.0,697,161451000.0
1261,2003/12/26,724,348,1569.0,635.0,2885.0,1280,179193400.0
1262,2003/12/29,471,260,1617.0,482.0,3241.0,574,185425400.0
1263,2004/01/05,491,158,1131.0,304.0,2305.0,547,190465200.0
1264,2004/01/07,669,213,466.0,329.0,573.0,855,169419200.0
1265,2004/01/09,409,201,722.0,476.0,1478.0,677,173209800.0
1266,2004/01/12,884,179,248.0,226.0,393.0,523,171429400.0
1267,2004/01/14,121,350,578.0,424.0,812.0,588,163091000.0
1268,2004/01/16,445,278,437.0,403.0,547.0,1310,171816800.0
1269,2004/01/19,136,336,1235.0,435.0,2326.0,970,181919600.0
1270,2004/01/21,004,150,296.0,232.0,421.0,574,165123200.0
1271,2004/01/23,320,299,853.0,435.0,1603.0,592,166307600.0
1272,2004/01/26,068,163,774.0,252.0,1448.0,919,187594800.0
1273,2004/01/28,337,381,535.0,523.0,663.0,1046,166945800.0
1274,2004/01/30,281,160,1294.0,342.0,2604.0,656,173985000.0
1275,2004/02/02,427,326,1385.0,564.0,2297.0,1294,181011600.0
1276,2004/02/04,869,178,663.0,283.0,1292.0,558,164681000.0
1277,2004/02/06,777,1097,,,,1285,170639000.0
1278,2004/02/09,465,194,949.0,282.0,1638.0,608,177677800.0
1279,2004/02/11,583,239,1638.0,484.0,3127.0,617,155725000.0
1280,2004/02/13,822,275,555.0,410.0,806.0,1120,176429600.0
1281,2004/02/16,040,162,287.0,187.0,508.0,715,181141600.0
1282,2004/02/18,204,310,1107.0,469.0,2076.0,671,160525000.0
1283,2004/02/20,513,353,1685.0,620.0,2927.0,1165,170146400.0
1284,2004/02/23,990,222,385.0,268.0,568.0,635,173717800.0
1285,2004/02/25,119,435,567.0,605.0,665.0,1033,160636200.0
1286,2004/02/27,051,167,845.0,252.0,1917.0,958,166465600.0
1287,2004/03/01,745,176,787.0,303.0,1502.0,772,175308800.0
1288,2004/03/03,030,169,302.0,232.0,436.0,676,161647600.0
1289,2004/03/05,407,213,738.0,417.0,1328.0,724,166950600.0
1290,2004/03/08,162,176,1338.0,299.0,2754.0,857,176024200.0
1291,2004/03/10,517,282,1059.0,534.0,1810.0,716,159702600.0
1292,2004/03/12,725,308,1226.0,566.0,1824.0,895,163876000.0
1293,2004/03/15,000,893,,,,972,176419600.0
1294,2004/03/17,558,212,365.0,332.0,365.0,910,154439600.0
1295,2004/03/19,170,107,783.0,207.0,1611.0,655,157515200.0
1296,2004/03/22,893,235,793.0,370.0,1704.0,861,158833400.0
1297,2004/03/24,526,270,909.0,421.0,1687.0,974,148191600.0
1298,2004/03/26,174,196,1632.0,477.0,3486.0,616,158493200.0
1299,2004/03/29,211,276,539.0,349.0,791.0,877,168011200.0
1300,2004/03/31,590,117,652.0,275.0,1372.0,511,152002600.0
1301,2004/04/02,820,265,777.0,443.0,1570.0,595,156066400.0
1302,2004/04/05,189,232,1081.0,452.0,2191.0,1303,165314800.0
1303,2004/04/07,330,379,591.0,559.0,744.0,619,149902800.0
1304,2004/04/09,308,236,905.0,503.0,1762.0,707,154039600.0
1305,2004/04/12,936,184,1107.0,359.0,2306.0,684,162913200.0
1306,2004/04/14,563,158,744.0,263.0,1464.0,639,142633000.0
1307,2004/04/16,900,184,378.0,262.0,742.0,664,161478200.0
1308,2004/04/19,733,184,451.0,242.0,809.0,777,159946400.0
1309,2004/04/21,374,174,933.0,372.0,1759.0,533,150608600.0
1310,2004/04/23,842,142,1099.0,290.0,2260.0,1196,157663000.0
1311,2004/04/26,922,209,421.0,347.0,674.0,956,167094600.0
1312,2004/04/28,764,128,669.0,248.0,1471.0,538,150243200.0
1313,2004/04/30,671,145,687.0,253.0,1568.0,671,160007600.0
1314,2004/05/03,653,173,890.0,277.0,1489.0,903,147422200.0
1315,2004/05/05,758,144,672.0,315.0,1373.0,816,133273200.0
1316,2004/05/07,953,201,923.0,310.0,1840.0,501,161389800.0
1317,2004/05/10,737,227,459.0,317.0,735.0,920,166404600.0
1318,2004/05/12,308,151,773.0,395.0,1582.0,472,153690200.0
1319,2004/05/14,567,180,694.0,371.0,1371.0,527,157560000.0
1320,2004/05/17,452,222,1177.0,303.0,2213.0,570,165059600.0
1321,2004/05/19,490,110,628.0,215.0,1495.0,614,146863800.0
1322,2004/05/21,784,114,682.0,262.0,1486.0,583,155835600.0
1323,2004/05/24,302,189,694.0,318.0,1364.0,607,161876000.0
1324,2004/05/26,855,163,260.0,197.0,470.0,1081,156136800.0
1325,2004/05/28,226,302,390.0,435.0,525.0,818,158102200.0
1326,2004/05/31,673,195,887.0,371.0,1789.0,1282,158973800.0
1327,2004/06/02,215,277,1224.0,441.0,2379.0,1041,151382800.0
1328,2004/06/04,376,154,846.0,255.0,1532.0,401,153645600.0
1329,2004/06/07,554,204,313.0,332.0,471.0,835,156437400.0
1330,2004/06/09,076,103,572.0,180.0,1419.0,376,145667400.0
1331,2004/06/11,859,108,658.0,255.0,1418.0,608,149188400.0
1332,2004/06/14,978,166,938.0,312.0,1951.0,966,158733400.0
1333,2004/06/16,134,188,797.0,331.0,1772.0,813,151469400.0
1334,2004/06/18,236,274,1193.0,473.0,2484.0,766,157083400.0
1335,2004/06/21,462,224,1245.0,342.0,2111.0,596,151602000.0
1336,2004/06/23,206,229,808.0,316.0,1526.0,483,150267200.0
1337,2004/06/25,814,253,875.0,505.0,1766.0,750,152788800.0
1338,2004/06/28,837,168,901.0,260.0,1830.0,711,162886800.0
1339,2004/06/30,902,148,625.0,322.0,1365.0,517,151379000.0
1340,2004/07/01,597,82,463.0,170.0,930.0,342,98936200.0
1341,2004/07/02,670,183,423.0,258.0,1027.0,537,123029400.0
1342,2004/07/05,543,166,984.0,251.0,1697.0,936,160158000.0
1343,2004/07/06,879,121,687.0,298.0,1424.0,416,108343000.0
1344,2004/07/07,342,125,851.0,229.0,1900.0,473,118485600.0
1345,2004/07/08,994,122,205.0,173.0,291.0,550,108808600.0
1346,2004/07/09,765,180,941.0,328.0,1944.0,536,122681600.0
1347,2004/07/12,018,176,1084.0,363.0,2094.0,939,160622600.0
1348,2004/07/13,821,130,692.0,292.0,1436.0,1015,107390600.0
1349,2004/07/14,498,100,414.0,227.0,973.0,362,113868200.0
1350,2004/07/15,632,141,852.0,255.0,1591.0,769,106586400.0
1351,2004/07/16,240,130,572.0,185.0,1321.0,419,121359600.0
1352,2004/07/19,562,199,905.0,260.0,1612.0,412,132127200.0
1353,2004/07/20,931,121,581.0,203.0,1301.0,533,103878600.0
1354,2004/07/21,590,84,448.0,166.0,906.0,369,109394600.0
1355,2004/07/22,078,73,496.0,215.0,1062.0,409,105141000.0
1356,2004/07/23,998,181,306.0,298.0,437.0,392,119933000.0
1357,2004/07/26,883,224,317.0,287.0,420.0,939,147360000.0
1358,2004/07/27,166,146,183.0,183.0,366.0,799,104783400.0
1359,2004/07/28,973,84,512.0,169.0,1248.0,431,111953600.0
1360,2004/07/29,109,170,608.0,446.0,1289.0,477,101687400.0
1361,2004/07/30,223,209,343.0,338.0,504.0,815,116179400.0
1362,2004/08/02,286,122,996.0,258.0,1767.0,614,142296000.0
1363,2004/08/03,844,109,197.0,132.0,376.0,821,102947400.0
1364,2004/08/04,843,106,575.0,195.0,1201.0,370,106078000.0
1365,2004/08/05,970,94,456.0,234.0,1056.0,364,102090400.0
1366,2004/08/06,112,210,373.0,320.0,555.0,640,113029600.0
1367,2004/08/09,451,246,799.0,398.0,1607.0,1257,133869600.0
1368,2004/08/10,480,78,434.0,190.0,1020.0,330,96391400.0
1369,2004/08/11,955,146,226.0,140.0,342.0,611,104246000.0
1370,2004/08/12,497,97,494.0,232.0,1290.0,543,98648000.0
1371,2004/08/13,822,142,271.0,260.0,427.0,570,110254200.0
1372,2004/08/16,383,155,414.0,240.0,736.0,473,139759200.0
1373,2004/08/17,611,159,284.0,207.0,496.0,484,101489200.0
1374,2004/08/18,005,94,237.0,150.0,406.0,680,105736200.0
1375,2004/08/19,281,74,693.0,169.0,1617.0,301,99907800.0
1376,2004/08/20,114,272,331.0,412.0,428.0,445,114941800.0
1377,2004/08/23,066,153,283.0,168.0,474.0,666,140150200.0
1378,2004/08/24,200,111,170.0,122.0,217.0,676,100500400.0
1379,2004/08/25,717,165,338.0,239.0,494.0,556,110870600.0
1380,2004/08/26,983,117,562.0,214.0,1345.0,413,107590400.0
1381,2004/08/27,558,205,282.0,343.0,398.0,882,116958400.0
1382,2004/08/30,601,127,731.0,240.0,1472.0,694,134216200.0
1383,2004/08/31,512,189,668.0,349.0,1316.0,430,101935000.0
1384,2004/09/01,525,172,302.0,239.0,391.0,594,110672400.0
1385,2004/09/02,355,153,263.0,183.0,324.0,627,105867800.0
1386,2004/09/03,489,107,492.0,278.0,985.0,673,121654800.0
1387,2004/09/06,905,280,856.0,493.0,1322.0,508,147603000.0
1388,2004/09/07,632,98,628.0,200.0,1242.0,908,92169600.0
1389,2004/09/08,463,157,530.0,258.0,1038.0,423,106421800.0
1390,2004/09/09,782,72,610.0,176.0,1378.0,505,104012000.0
1391,2004/09/10,808,163,284.0,271.0,438.0,426,114015400.0
1392,2004/09/13,921,286,1479.0,426.0,2640.0,673,144924000.0
1393,2004/09/14,190,173,649.0,253.0,1378.0,579,99156000.0
1394,2004/09/15,593,124,565.0,201.0,1303.0,327,105575600.0
1395,2004/09/16,234,200,547.0,289.0,1062.0,493,100239000.0
1396,2004/09/17,621,156,820.0,319.0,1616.0,380,113720400.0
1397,2004/09/20,934,97,545.0,159.0,1171.0,379,122860600.0
1398,2004/09/21,812,167,668.0,281.0,1351.0,477,98912200.0
1399,2004/09/22,540,104,496.0,168.0,1074.0,440,104303800.0
1400,2004/09/23,522,163,265.0,210.0,518.0,569,90250200.0
1401,2004/09/24,206,135,462.0,249.0,1078.0,452,112242400.0
1402,2004/09/27,374,166,959.0,379.0,1829.0,1032,138219400.0
1403,2004/09/28,638,149,586.0,312.0,1102.0,532,99687600.0
1404,2004/09/29,804,98,344.0,200.0,786.0,377,96753000.0
1405,2004/09/30,187,137,455.0,199.0,1111.0,585,100566800.0
1406,2004/10/01,374,123,553.0,246.0,1178.0,331,112302000.0
1407,2004/10/04,835,266,1442.0,457.0,2643.0,650,140839000.0
1408,2004/10/05,945,131,711.0,284.0,1602.0,489,96300800.0
1409,2004/10/06,949,73,215.0,138.0,313.0,533,107055800.0
1410,2004/10/07,391,107,564.0,182.0,1203.0,479,100949000.0
1411,2004/10/08,355,99,228.0,161.0,360.0,682,105766800.0
1412,2004/10/11,697,92,452.0,182.0,893.0,352,123261200.0
1413,2004/10/12,620,137,514.0,240.0,1165.0,502,93115200.0
1414,2004/10/13,670,168,367.0,282.0,875.0,373,101232400.0
1415,2004/10/14,189,138,737.0,411.0,1550.0,445,98111000.0
1416,2004/10/15,266,111,258.0,191.0,403.0,882,113634200.0
1417,2004/10/18,876,107,749.0,209.0,1377.0,419,144021600.0
1418,2004/10/19,335,170,234.0,230.0,311.0,400,94254800.0
1419,2004/10/20,064,59,336.0,127.0,808.0,304,83007600.0
1420,2004/10/21,499,156,157.0,156.0,263.0,698,101471600.0
1421,2004/10/22,490,137,654.0,275.0,1496.0,656,112823000.0
1422,2004/10/25,945,221,917.0,383.0,1594.0,552,142932200.0
1423,2004/10/26,234,147,504.0,267.0,1023.0,418,97567400.0
1424,2004/10/27,353,144,324.0,200.0,455.0,728,105408000.0
1425,2004/10/28,660,85,166.0,139.0,265.0,290,104869800.0
1426,2004/10/29,754,144,570.0,179.0,1084.0,475,115568600.0
1427,2004/11/01,638,187,1138.0,379.0,1865.0,616,145314600.0
1428,2004/11/02,699,141,236.0,181.0,423.0,510,107481200.0
1429,2004/11/03,819,174,743.0,385.0,1552.0,509,99347800.0
1430,2004/11/04,295,115,633.0,232.0,1488.0,326,104466400.0
1431,2004/11/05,742,133,947.0,240.0,1990.0,751,114990800.0
1432,2004/11/08,400,189,306.0,217.0,439.0,884,142458200.0
1433,2004/11/09,638,183,636.0,280.0,1080.0,446,101324600.0
1434,2004/11/10,299,98,235.0,145.0,396.0,582,106762200.0
1435,2004/11/11,545,114,203.0,148.0,330.0,494,101882600.0
1436,2004/11/12,196,95,531.0,188.0,1296.0,409,112431800.0
1437,2004/11/15,667,170,249.0,233.0,331.0,742,140547600.0
1438,2004/11/16,582,134,834.0,206.0,1617.0,433,102301800.0
1439,2004/11/17,306,150,555.0,321.0,1202.0,351,104935800.0
1440,2004/11/18,684,92,495.0,197.0,1049.0,443,96963600.0
1441,2004/11/19,798,185,680.0,384.0,1501.0,520,109737400.0
1442,2004/11/22,094,152,661.0,177.0,1473.0,458,137769000.0
1443,2004/11/23,701,81,420.0,145.0,884.0,565,90212800.0
1444,2004/11/24,065,65,350.0,142.0,904.0,350,100759400.0
1445,2004/11/25,392,141,573.0,230.0,1335.0,858,103570800.0
1446,2004/11/26,588,177,242.0,240.0,384.0,1020,112992000.0
1447,2004/11/29,925,299,944.0,411.0,1508.0,1166,141539200.0
1448,2004/11/30,189,138,811.0,449.0,1505.0,606,101143000.0
1449,2004/12/01,940,90,547.0,164.0,1339.0,439,109489400.0
1450,2004/12/02,133,136,240.0,127.0,508.0,861,103382000.0
1451,2004/12/03,288,151,254.0,202.0,473.0,476,113494600.0
1452,2004/12/06,301,208,803.0,350.0,1545.0,461,142299600.0
1453,2004/12/07,966,151,267.0,182.0,393.0,707,102964600.0
1454,2004/12/08,616,144,179.0,181.0,222.0,455,105834800.0
1455,2004/12/09,363,138,327.0,181.0,469.0,390,101097000.0
1456,2004/12/10,662,116,274.0,195.0,442.0,299,118226800.0
1457,2004/12/13,310,296,882.0,367.0,1511.0,686,149612200.0
1458,2004/12/14,609,149,505.0,278.0,1096.0,397,106105600.0
1459,2004/12/15,869,128,483.0,201.0,1072.0,467,117238800.0
1460,2004/12/16,377,155,306.0,236.0,451.0,1733,114612600.0
1461,2004/12/17,279,135,681.0,326.0,1457.0,410,121768000.0
1462,2004/12/20,799,258,411.0,327.0,600.0,1204,147869000.0
1463,2004/12/21,344,114,228.0,185.0,404.0,917,108049200.0
1464,2004/12/22,082,87,456.0,154.0,1217.0,354,111319200.0
1465,2004/12/23,824,151,574.0,285.0,1061.0,655,96745000.0
1466,2004/12/24,095,77,472.0,128.0,1048.0,388,120572000.0
1467,2004/12/27,625,237,963.0,399.0,1558.0,769,149943800.0
1468,2004/12/28,497,113,546.0,247.0,1382.0,366,110063600.0
1469,2004/12/29,213,142,676.0,272.0,1320.0,535,105592600.0
1470,2004/12/30,815,197,675.0,311.0,1289.0,445,111412000.0
1471,2005/01/04,902,120,599.0,251.0,1175.0,447,115459600.0
1472,2005/01/05,227,223,345.0,347.0,449.0,524,107494200.0
1473,2005/01/06,429,208,664.0,370.0,1332.0,650,103393200.0
1474,2005/01/07,784,100,489.0,241.0,1157.0,342,115895600.0
1475,2005/01/10,576,131,677.0,244.0,1159.0,532,137458800.0
1476,2005/01/11,055,146,266.0,195.0,460.0,1844,107506000.0
1477,2005/01/12,275,154,856.0,305.0,1610.0,443,103506400.0
1478,2005/01/13,137,132,668.0,263.0,1419.0,667,105325600.0
1479,2005/01/14,536,135,725.0,225.0,1352.0,623,115588800.0
1480,2005/01/17,809,170,848.0,343.0,1585.0,453,147952200.0
1481,2005/01/18,328,228,718.0,442.0,1398.0,705,107699600.0
1482,2005/01/19,423,187,703.0,296.0,1266.0,521,108148600.0
1483,2005/01/20,780,102,355.0,222.0,809.0,542,106073000.0
1484,2005/01/21,026,115,533.0,163.0,1215.0,543,116724600.0
1485,2005/01/24,369,457,1332.0,776.0,1894.0,660,152163800.0
1486,2005/01/25,526,178,712.0,344.0,1246.0,457,110154000.0
1487,2005/01/26,465,142,743.0,272.0,1399.0,423,114001800.0
1488,2005/01/27,968,84,478.0,153.0,971.0,382,113631200.0
1489,2005/01/28,218,226,1285.0,443.0,2366.0,654,123087200.0
1490,2005/01/31,807,158,635.0,260.0,1072.0,548,151319400.0
1491,2005/02/01,287,71,588.0,183.0,1319.0,363,104653800.0
1492,2005/02/02,997,89,176.0,171.0,337.0,307,110825200.0
1493,2005/02/03,313,229,279.0,283.0,443.0,452,110297800.0
1494,2005/02/04,800,108,202.0,167.0,319.0,933,119152600.0
1495,2005/02/07,601,162,748.0,260.0,1422.0,781,148974800.0
1496,2005/02/08,742,91,744.0,189.0,1761.0,662,104010200.0
1497,2005/02/09,738,124,586.0,254.0,1314.0,642,109521400.0
1498,2005/02/10,754,90,583.0,180.0,1132.0,765,105865400.0
1499,2005/02/11,196,94,528.0,236.0,1173.0,529,102659600.0
1500,2005/02/14,453,207,1121.0,309.0,1732.0,607,143971600.0
1501,2005/02/15,793,106,569.0,236.0,1092.0,326,108571400.0
1502,2005/02/16,556,143,198.0,210.0,297.0,620,103762200.0
1503,2005/02/17,533,109,356.0,214.0,602.0,763,110108400.0
1504,2005/02/18,058,110,579.0,207.0,1371.0,637,116989000.0
1505,2005/02/21,419,277,859.0,396.0,1554.0,690,147876000.0
1506,2005/02/22,063,78,539.0,134.0,1246.0,462,106702800.0
1507,2005/02/23,379,156,497.0,268.0,1048.0,463,107542800.0
1508,2005/02/24,928,168,643.0,351.0,1526.0,592,103847200.0
1509,2005/02/25,613,182,705.0,315.0,1435.0,428,116202400.0
1510,2005/02/28,917,176,790.0,335.0,1371.0,656,148038200.0
1511,2005/03/01,212,190,288.0,210.0,507.0,445,107599800.0
1512,2005/03/02,887,126,185.0,186.0,273.0,374,110675400.0
1513,2005/03/03,970,85,438.0,172.0,1000.0,491,112129400.0
1514,2005/03/04,707,138,227.0,207.0,381.0,421,110477000.0
1515,2005/03/07,412,284,1138.0,451.0,1915.0,590,150034000.0
1516,2005/03/08,603,151,625.0,245.0,1215.0,567,108170400.0
1517,2005/03/09,578,136,562.0,301.0,1176.0,434,110638600.0
1518,2005/03/10,266,111,258.0,157.0,360.0,891,107529200.0
1519,2005/03/11,384,173,582.0,281.0,1149.0,413,110917600.0
1520,2005/03/14,680,157,684.0,224.0,1466.0,323,143509000.0
1521,2005/03/15,087,84,495.0,120.0,1102.0,317,105492600.0
1522,2005/03/16,776,206,280.0,285.0,455.0,573,110840000.0
1523,2005/03/17,387,120,524.0,240.0,1110.0,355,100823600.0
1524,2005/03/18,319,303,780.0,531.0,1598.0,479,115030400.0
1525,2005/03/21,729,213,757.0,347.0,1441.0,555,124331800.0
1526,2005/03/22,963,155,662.0,293.0,1534.0,410,95794400.0
1527,2005/03/23,751,89,589.0,148.0,1329.0,452,97729600.0
1528,2005/03/24,948,87,404.0,202.0,1050.0,637,99446400.0
1529,2005/03/25,235,257,1288.0,392.0,2443.0,1018,110135000.0
1530,2005/03/28,686,106,245.0,172.0,403.0,544,134906200.0
1531,2005/03/29,857,127,607.0,202.0,1214.0,474,101579400.0
1532,2005/03/30,786,180,812.0,317.0,1671.0,361,105423600.0
1533,2005/03/31,716,136,574.0,249.0,899.0,490,106912200.0
1534,2005/04/01,084,90,450.0,146.0,1023.0,363,111687200.0
1535,2005/04/04,567,211,863.0,418.0,1326.0,520,138225400.0
1536,2005/04/05,414,186,289.0,307.0,427.0,469,102652400.0
1537,2005/04/06,482,98,669.0,179.0,1292.0,352,104228400.0
1538,2005/04/07,507,110,436.0,220.0,871.0,385,101516000.0
1539,2005/04/08,215,192,678.0,333.0,1469.0,469,108749400.0
1540,2005/04/11,350,234,1456.0,258.0,1709.0,638,185423400.0
1541,2005/04/12,776,95,126.0,112.0,241.0,365,100499000.0
1542,2005/04/13,043,90,409.0,130.0,921.0,544,106025400.0
1543,2005/04/14,400,115,223.0,219.0,281.0,879,103591400.0
1544,2005/04/15,190,172,635.0,288.0,1489.0,678,117847200.0
1545,2005/04/18,629,307,1091.0,520.0,1706.0,784,143995600.0
1546,2005/04/19,841,137,692.0,216.0,1459.0,614,103131800.0
1547,2005/04/20,073,95,715.0,184.0,1623.0,521,99217200.0
1548,2005/04/21,942,93,666.0,161.0,1303.0,420,103001800.0
1549,2005/04/22,203,162,504.0,275.0,1184.0,405,110811600.0
1550,2005/04/25,560,151,702.0,265.0,1180.0,441,139978000.0
1551,2005/04/26,788,121,171.0,160.0,329.0,613,101247600.0
1552,2005/04/27,530,175,551.0,224.0,1068.0,498,104862000.0
1553,2005/04/28,178,128,524.0,250.0,1093.0,482,103787200.0
1554,2005/04/29,589,82,371.0,177.0,832.0,552,95716200.0
1555,2005/05/02,459,187,695.0,382.0,1457.0,558,137086400.0
1556,2005/05/03,250,85,492.0,148.0,1061.0,233,88017000.0
1557,2005/05/04,222,490,,,,676,90202200.0
1558,2005/05/05,781,52,392.0,120.0,874.0,289,89226200.0
1559,2005/05/06,614,211,614.0,379.0,1205.0,640,101221000.0
1560,2005/05/09,973,122,923.0,208.0,1733.0,500,139017000.0
1561,2005/05/10,378,178,600.0,305.0,1178.0,436,101057800.0
1562,2005/05/11,453,102,657.0,181.0,1310.0,428,104132000.0
1563,2005/05/12,542,104,681.0,143.0,1386.0,536,101666200.0
1564,2005/05/13,241,153,766.0,258.0,1537.0,363,112418600.0
1565,2005/05/16,565,169,308.0,219.0,444.0,634,140653600.0
1566,2005/05/17,182,111,632.0,157.0,1437.0,405,101959800.0
1567,2005/05/18,016,86,520.0,187.0,1119.0,552,103072600.0
1568,2005/05/19,204,127,515.0,238.0,1024.0,463,102508000.0
1569,2005/05/20,529,242,768.0,448.0,1437.0,436,111167200.0
1570,2005/05/23,827,259,900.0,328.0,1614.0,736,135006600.0
1571,2005/05/24,660,112,183.0,146.0,302.0,343,98528000.0
1572,2005/05/25,597,92,529.0,186.0,914.0,579,104589800.0
1573,2005/05/26,917,108,470.0,246.0,966.0,460,103463600.0
1574,2005/05/27,835,191,1107.0,386.0,2358.0,855,112280000.0
1575,2005/05/30,659,128,748.0,250.0,1408.0,436,132524200.0
1576,2005/05/31,392,112,525.0,239.0,1244.0,448,101124000.0
1577,2005/06/01,634,162,634.0,324.0,1317.0,548,104854400.0
1578,2005/06/02,363,155,246.0,176.0,369.0,574,99654200.0
1579,2005/06/03,327,221,761.0,463.0,1543.0,485,111308000.0
1580,2005/06/06,042,156,724.0,232.0,1221.0,685,133077000.0
1581,2005/06/07,100,114,133.0,141.0,178.0,788,99219800.0
1582,2005/06/08,920,139,575.0,269.0,1199.0,457,97182000.0
1583,2005/06/09,287,145,643.0,246.0,1392.0,579,94852000.0
1584,2005/06/10,217,172,736.0,356.0,1365.0,552,101288000.0
1585,2005/06/13,709,170,516.0,314.0,1006.0,441,126301600.0
1586,2005/06/14,885,71,166.0,166.0,330.0,490,93135000.0
1587,2005/06/15,368,188,732.0,387.0,1473.0,570,98680000.0
1588,2005/06/16,769,90,464.0,234.0,987.0,349,99517400.0
1589,2005/06/17,351,139,790.0,259.0,1788.0,554,108175000.0
1590,2005/06/20,097,95,489.0,158.0,910.0,487,133655200.0
1591,2005/06/21,671,93,520.0,132.0,1186.0,561,101206400.0
1592,2005/06/22,402,138,506.0,299.0,996.0,394,101193600.0
1593,2005/06/23,378,124,647.0,301.0,1241.0,506,99965800.0
1594,2005/06/24,377,134,283.0,207.0,455.0,563,109829800.0
1595,2005/06/27,065,87,648.0,170.0,1221.0,525,134053000.0
1596,2005/06/28,095,85,422.0,167.0,1041.0,301,99292800.0
1597,2005/06/29,747,91,161.0,112.0,291.0,730,101285800.0
1598,2005/06/30,395,102,588.0,195.0,1335.0,235,103053600.0
1599,2005/07/01,332,113,252.0,217.0,400.0,766,109261000.0
1600,2005/07/04,146,211,897.0,310.0,1542.0,1165,131620600.0
1601,2005/07/05,899,97,223.0,197.0,312.0,647,101260400.0
1602,2005/07/06,885,73,213.0,157.0,326.0,430,102216200.0
1603,2005/07/07,762,113,707.0,220.0,1454.0,440,104629000.0
1604,2005/07/08,382,136,722.0,269.0,1460.0,396,111900400.0
1605,2005/07/11,964,130,821.0,235.0,1575.0,640,138090400.0
1606,2005/07/12,312,164,639.0,290.0,1171.0,609,102100000.0
1607,2005/07/13,382,146,613.0,256.0,1120.0,385,103727000.0
1608,2005/07/14,318,237,703.0,371.0,1445.0,566,103025400.0
1609,2005/07/15,430,163,440.0,227.0,852.0,452,109865000.0
1610,2005/07/18,922,141,286.0,241.0,371.0,687,118064600.0
1611,2005/07/19,441,119,269.0,157.0,330.0,453,96592200.0
1612,2005/07/20,261,108,653.0,153.0,1491.0,818,99806800.0
1613,2005/07/21,465,95,545.0,179.0,1107.0,381,98845000.0
1614,2005/07/22,861,76,530.0,172.0,1296.0,373,106403000.0
1615,2005/07/25,448,121,204.0,202.0,266.0,454,132744200.0
1616,2005/07/26,347,126,620.0,260.0,1309.0,372,93033200.0
1617,2005/07/27,726,285,735.0,473.0,1253.0,586,101825800.0
1618,2005/07/28,720,151,558.0,261.0,948.0,310,99209400.0
1619,2005/07/29,319,149,624.0,372.0,1343.0,459,107606600.0
1620,2005/08/01,424,175,313.0,224.0,423.0,612,132339600.0
1621,2005/08/02,482,141,902.0,295.0,1834.0,630,99238400.0
1622,2005/08/03,943,109,466.0,177.0,1091.0,685,98209400.0
1623,2005/08/04,934,73,413.0,149.0,936.0,379,96567400.0
1624,2005/08/05,977,85,182.0,146.0,311.0,534,104885000.0
1625,2005/08/08,929,135,257.0,224.0,328.0,524,123802800.0
1626,2005/08/09,168,110,479.0,221.0,986.0,421,94438200.0
1627,2005/08/10,368,170,681.0,349.0,1338.0,325,95570800.0
1628,2005/08/11,607,106,340.0,212.0,866.0,359,97222400.0
1629,2005/08/12,660,201,369.0,297.0,506.0,376,100168800.0
1630,2005/08/15,626,229,382.0,329.0,464.0,594,119447000.0
1631,2005/08/16,755,105,260.0,151.0,351.0,1054,96686400.0
1632,2005/08/17,486,82,553.0,192.0,1134.0,433,102069400.0
1633,2005/08/18,868,190,387.0,333.0,699.0,555,101163800.0
1634,2005/08/19,077,116,246.0,135.0,400.0,547,107356400.0
1635,2005/08/22,509,172,598.0,282.0,1013.0,573,135426600.0
1636,2005/08/23,980,66,485.0,173.0,1076.0,418,96935200.0
1637,2005/08/24,644,76,208.0,140.0,330.0,656,100599400.0
1638,2005/08/25,451,102,509.0,195.0,1136.0,426,98866400.0
1639,2005/08/26,501,167,600.0,285.0,1119.0,369,110340800.0
1640,2005/08/29,787,181,282.0,185.0,386.0,629,135596800.0
1641,2005/08/30,439,118,423.0,213.0,843.0,903,98899000.0
1642,2005/08/31,060,65,170.0,134.0,221.0,338,103955600.0
1643,2005/09/01,948,66,412.0,121.0,839.0,383,102486400.0
1644,2005/09/02,917,183,583.0,397.0,1128.0,613,113509000.0
1645,2005/09/05,792,121,867.0,222.0,1824.0,980,130834000.0
1646,2005/09/06,353,112,321.0,171.0,379.0,502,90412800.0
1647,2005/09/07,057,76,413.0,139.0,981.0,389,98735400.0
1648,2005/09/08,633,109,282.0,127.0,416.0,658,101210400.0
1649,2005/09/09,722,183,325.0,259.0,528.0,725,110513600.0
1650,2005/09/12,775,176,346.0,190.0,493.0,668,135069000.0
1651,2005/09/13,839,81,561.0,190.0,1146.0,437,100835400.0
1652,2005/09/14,059,123,460.0,142.0,958.0,321,99585000.0
1653,2005/09/15,975,109,549.0,208.0,1107.0,308,102263000.0
1654,2005/09/16,638,238,743.0,451.0,1365.0,582,110926200.0
1655,2005/09/19,927,282,844.0,407.0,1408.0,801,118927000.0
1656,2005/09/20,784,188,475.0,221.0,1005.0,535,97232400.0
1657,2005/09/21,198,102,843.0,288.0,1901.0,583,100660000.0
1658,2005/09/22,896,62,407.0,154.0,997.0,422,101655800.0
1659,2005/09/23,823,141,550.0,284.0,1191.0,682,95639800.0
1660,2005/09/26,554,191,400.0,259.0,417.0,574,132694400.0
1661,2005/09/27,138,159,553.0,282.0,1289.0,506,96908200.0
1662,2005/09/28,783,134,750.0,269.0,1450.0,519,99169000.0
1663,2005/09/29,852,153,796.0,239.0,1507.0,550,98910600.0
1664,2005/09/30,542,89,673.0,170.0,1354.0,680,107478200.0
1665,2005/10/03,571,159,958.0,239.0,1544.0,531,136276600.0
1666,2005/10/04,193,140,578.0,311.0,1155.0,376,96342400.0
1667,2005/10/05,928,169,637.0,385.0,1311.0,620,99423200.0
1668,2005/10/06,616,128,196.0,197.0,278.0,481,100734000.0
1669,2005/10/07,026,115,570.0,202.0,1521.0,574,105694200.0
1670,2005/10/10,968,148,624.0,256.0,1005.0,646,117075400.0
1671,2005/10/11,175,158,512.0,203.0,940.0,364,93447200.0
1672,2005/10/12,990,98,188.0,170.0,322.0,519,98090600.0
1673,2005/10/13,871,96,537.0,162.0,1187.0,212,97171200.0
1674,2005/10/14,673,96,692.0,225.0,1369.0,404,112215200.0
1675,2005/10/17,269,251,1139.0,414.0,2020.0,611,138767200.0
1676,2005/10/18,448,75,187.0,169.0,248.0,436,99656200.0
1677,2005/10/19,288,91,310.0,177.0,458.0,996,105119000.0
1678,2005/10/20,775,143,224.0,179.0,298.0,377,102569000.0
1679,2005/10/21,650,79,444.0,164.0,946.0,448,110126600.0
1680,2005/10/24,832,152,1075.0,240.0,1921.0,764,138960600.0
1681,2005/10/25,741,121,992.0,317.0,1911.0,410,105463800.0
1682,2005/10/26,237,118,771.0,235.0,1387.0,562,106722000.0
1683,2005/10/27,797,95,199.0,169.0,316.0,398,105579400.0
1684,2005/10/28,461,120,644.0,213.0,1251.0,371,115243600.0
1685,2005/10/31,453,159,960.0,262.0,1478.0,708,145665800.0
1686,2005/11/01,015,97,486.0,172.0,1015.0,548,107635800.0
1687,2005/11/02,097,90,451.0,121.0,1029.0,407,108253400.0
1688,2005/11/03,918,210,905.0,385.0,1898.0,499,97188000.0
1689,2005/11/04,357,308,1072.0,422.0,1945.0,510,113264800.0
1690,2005/11/07,559,158,260.0,245.0,280.0,514,136769200.0
1691,2005/11/08,180,77,593.0,186.0,1124.0,454,101906800.0
1692,2005/11/09,538,191,971.0,408.0,1951.0,619,103438200.0
1693,2005/11/10,906,115,435.0,183.0,865.0,827,103365600.0
1694,2005/11/11,808,140,272.0,231.0,377.0,500,106561800.0
1695,2005/11/14,639,193,1063.0,385.0,1847.0,601,133053000.0
1696,2005/11/15,948,66,435.0,210.0,802.0,434,100448000.0
1697,2005/11/16,893,148,632.0,292.0,1227.0,286,101389800.0
1698,2005/11/17,533,99,372.0,145.0,443.0,626,103270600.0
1699,2005/11/18,047,97,448.0,192.0,1066.0,490,109168600.0
1700,2005/11/21,844,105,269.0,148.0,402.0,824,136191800.0
1701,2005/11/22,678,95,444.0,222.0,876.0,688,101507800.0
1702,2005/11/23,469,137,535.0,317.0,881.0,504,92262000.0
1703,2005/11/24,449,147,202.0,193.0,331.0,536,102140600.0
1704,2005/11/25,924,184,742.0,326.0,1448.0,789,111725200.0
1705,2005/11/28,759,154,735.0,205.0,1168.0,517,142469200.0
1706,2005/11/29,855,99,297.0,168.0,465.0,708,103085600.0
1707,2005/11/30,104,160,512.0,308.0,783.0,372,108565400.0
1708,2005/12/01,463,168,637.0,283.0,1140.0,568,106773800.0
1709,2005/12/02,477,129,276.0,216.0,432.0,716,113356800.0
1710,2005/12/05,692,137,991.0,250.0,1743.0,631,137292400.0
1711,2005/12/06,803,205,519.0,241.0,1164.0,345,101532400.0
1712,2005/12/07,280,80,480.0,174.0,1072.0,433,104020200.0
1713,2005/12/08,101,179,250.0,220.0,313.0,396,105384200.0
1714,2005/12/09,347,121,660.0,315.0,1503.0,447,110977800.0
1715,2005/12/12,846,145,929.0,294.0,1564.0,651,138658800.0
1716,2005/12/13,792,108,714.0,205.0,1511.0,273,101264000.0
1717,2005/12/14,610,141,484.0,263.0,906.0,571,102969800.0
1718,2005/12/15,161,107,295.0,155.0,529.0,344,108549800.0
1719,2005/12/16,257,248,1048.0,458.0,2065.0,600,115502000.0
1720,2005/12/19,028,137,625.0,198.0,1266.0,930,136851600.0
1721,2005/12/20,033,134,328.0,157.0,526.0,635,107086200.0
1722,2005/12/21,863,126,813.0,243.0,1812.0,390,104290800.0
1723,2005/12/22,164,144,593.0,200.0,1190.0,372,99412800.0
1724,2005/12/23,616,175,259.0,275.0,311.0,508,99310800.0
1725,2005/12/26,916,174,788.0,359.0,1384.0,441,139235400.0
1726,2005/12/27,836,142,760.0,225.0,1635.0,559,105822000.0
1727,2005/12/28,646,113,236.0,159.0,373.0,491,111355400.0
1728,2005/12/29,908,141,488.0,272.0,972.0,405,113707400.0
1729,2005/12/30,062,111,627.0,156.0,1391.0,369,115375800.0
1730,2006/01/04,266,117,402.0,235.0,551.0,1134,107469400.0
1731,2006/01/05,998,93,239.0,204.0,327.0,387,105695000.0
1732,2006/01/06,119,233,385.0,384.0,457.0,604,111699800.0
1733,2006/01/09,674,127,718.0,216.0,1253.0,630,134002800.0
1734,2006/01/10,897,114,861.0,275.0,1781.0,531,108021400.0
1735,2006/01/11,733,103,387.0,149.0,622.0,568,109993600.0
1736,2006/01/12,675,99,590.0,171.0,1068.0,574,110104600.0
1737,2006/01/13,433,105,257.0,155.0,322.0,527,116764800.0
1738,2006/01/16,771,163,409.0,175.0,543.0,433,154873600.0
1739,2006/01/17,884,165,293.0,222.0,315.0,515,113859000.0
1740,2006/01/18,801,105,600.0,233.0,1175.0,349,115588800.0
1741,2006/01/19,503,137,544.0,212.0,949.0,313,110637200.0
1742,2006/01/20,916,155,585.0,279.0,1184.0,593,120512200.0
1743,2006/01/23,846,199,1018.0,349.0,1647.0,727,147623600.0
1744,2006/01/24,188,125,284.0,217.0,490.0,739,111054600.0
1745,2006/01/25,979,92,294.0,192.0,419.0,542,114842000.0
1746,2006/01/26,293,125,608.0,246.0,1247.0,429,115792800.0
1747,2006/01/27,562,104,756.0,248.0,1488.0,481,120973000.0
1748,2006/01/30,021,131,1014.0,191.0,1617.0,885,151946600.0
1749,2006/01/31,696,138,358.0,165.0,477.0,381,110810000.0
1750,2006/02/01,870,79,423.0,133.0,981.0,665,105501000.0
1751,2006/02/02,634,148,711.0,288.0,1142.0,521,114760400.0
1752,2006/02/03,092,79,590.0,176.0,1220.0,367,120344000.0
1753,2006/02/06,086,116,722.0,185.0,1334.0,669,147695600.0
1754,2006/02/07,559,116,257.0,212.0,295.0,861,109784800.0
1755,2006/02/08,571,127,817.0,239.0,1576.0,400,113115200.0
1756,2006/02/09,029,145,737.0,238.0,1321.0,689,110438600.0
1757,2006/02/10,064,86,512.0,188.0,1042.0,515,118600200.0
1758,2006/02/13,148,186,963.0,332.0,1616.0,878,148466200.0
1759,2006/02/14,358,254,1092.0,456.0,2071.0,541,109115200.0
1760,2006/02/15,399,129,323.0,203.0,399.0,795,113861000.0
1761,2006/02/16,901,219,883.0,357.0,1738.0,417,109830600.0
1762,2006/02/17,484,115,375.0,175.0,441.0,465,116963600.0
1763,2006/02/20,606,172,402.0,246.0,507.0,445,140153200.0
1764,2006/02/21,433,96,263.0,127.0,352.0,895,108085600.0
1765,2006/02/22,131,128,358.0,198.0,635.0,641,109822000.0
1766,2006/02/23,455,138,311.0,159.0,396.0,790,109870400.0
1767,2006/02/24,965,95,650.0,156.0,1221.0,604,118901400.0
1768,2006/02/27,743,214,915.0,270.0,1525.0,569,148794400.0
1769,2006/02/28,617,150,543.0,299.0,997.0,1109,112190800.0
1770,2006/03/01,755,135,233.0,145.0,346.0,509,105280400.0
1771,2006/03/02,679,137,430.0,172.0,910.0,472,113008800.0
1772,2006/03/03,643,129,788.0,236.0,1471.0,460,121928000.0
1773,2006/03/06,032,136,802.0,209.0,1480.0,901,149762400.0
1774,2006/03/07,431,146,857.0,221.0,1461.0,511,122315200.0
1775,2006/03/08,050,104,195.0,164.0,285.0,569,115089000.0
1776,2006/03/09,259,177,828.0,288.0,1439.0,491,113696000.0
1777,2006/03/10,331,190,400.0,341.0,517.0,442,117050800.0
1778,2006/03/13,831,265,1260.0,401.0,2021.0,658,147388600.0
1779,2006/03/14,321,186,785.0,280.0,1489.0,521,106441600.0
1780,2006/03/15,164,124,695.0,259.0,1282.0,522,112588800.0
1781,2006/03/16,020,66,204.0,81.0,219.0,396,106873800.0
1782,2006/03/17,435,107,698.0,195.0,1254.0,601,113956600.0
1783,2006/03/20,790,118,664.0,197.0,1203.0,563,140528200.0
1784,2006/03/21,955,96,206.0,149.0,292.0,836,94659400.0
1785,2006/03/22,645,155,771.0,260.0,1267.0,606,104591400.0
1786,2006/03/23,323,792,888.0,984.0,495.0,799,107655800.0
1787,2006/03/24,678,132,751.0,389.0,1272.0,761,113793800.0
1788,2006/03/27,740,92,675.0,174.0,1103.0,475,144459200.0
1789,2006/03/28,794,140,519.0,266.0,1193.0,810,105461600.0
1790,2006/03/29,619,168,549.0,290.0,1110.0,565,106156600.0
1791,2006/03/30,853,133,991.0,253.0,2068.0,540,107911400.0
1792,2006/03/31,261,115,753.0,209.0,1560.0,389,116439400.0
1793,2006/04/03,630,307,908.0,417.0,1664.0,588,141284600.0
1794,2006/04/04,028,86,484.0,187.0,1077.0,528,105808000.0
1795,2006/04/05,439,155,528.0,320.0,944.0,591,102739200.0
1796,2006/04/06,587,156,577.0,238.0,1082.0,1379,110502600.0
1797,2006/04/07,829,160,567.0,272.0,1203.0,533,113190600.0
1798,2006/04/10,748,155,747.0,279.0,1197.0,784,138579200.0
1799,2006/04/11,490,106,711.0,215.0,1577.0,336,101109800.0
1800,2006/04/12,483,111,612.0,194.0,1123.0,469,107988200.0
1801,2006/04/13,575,105,248.0,161.0,383.0,537,107312400.0
1802,2006/04/14,372,272,768.0,309.0,1566.0,1210,120479400.0
1803,2006/04/17,575,146,364.0,171.0,436.0,478,146782800.0
1804,2006/04/18,273,207,984.0,295.0,1971.0,456,113144200.0
1805,2006/04/19,115,243,302.0,346.0,344.0,446,112333000.0
1806,2006/04/20,872,82,558.0,186.0,1289.0,424,108650800.0
1807,2006/04/21,036,163,626.0,295.0,1163.0,831,117939800.0
1808,2006/04/24,422,493,762.0,575.0,604.0,997,146208600.0
1809,2006/04/25,913,143,666.0,300.0,1198.0,531,107785800.0
1810,2006/04/26,940,73,523.0,191.0,1285.0,351,108886400.0
1811,2006/04/27,528,232,937.0,392.0,1572.0,513,109534600.0
1812,2006/04/28,326,242,785.0,479.0,1639.0,632,116680400.0
1813,2006/05/01,686,162,361.0,271.0,490.0,427,142926200.0
1814,2006/05/02,735,205,1139.0,320.0,1875.0,625,107913400.0
1815,2006/05/03,049,67,527.0,162.0,976.0,420,93627600.0
1816,2006/05/04,861,110,636.0,184.0,1343.0,335,94640600.0
1817,2006/05/05,074,67,421.0,118.0,834.0,470,98463200.0
1818,2006/05/08,387,172,956.0,350.0,1778.0,626,136919600.0
1819,2006/05/09,212,128,366.0,185.0,385.0,530,104265600.0
1820,2006/05/10,694,97,586.0,181.0,1229.0,346,101284000.0
1821,2006/05/11,994,148,258.0,205.0,342.0,239,106095000.0
1822,2006/05/12,176,101,597.0,186.0,1167.0,419,112624200.0
1823,2006/05/15,109,242,748.0,353.0,1194.0,894,137505800.0
1824,2006/05/16,423,167,698.0,329.0,1138.0,706,99196600.0
1825,2006/05/17,694,77,527.0,189.0,1191.0,289,100124800.0
1826,2006/05/18,299,73,245.0,142.0,426.0,655,104822600.0
1827,2006/05/19,908,99,473.0,227.0,1032.0,533,107933600.0
1828,2006/05/22,493,108,693.0,189.0,1330.0,429,134413200.0
1829,2006/05/23,962,74,636.0,180.0,1298.0,473,100637800.0
1830,2006/05/24,287,85,559.0,232.0,1249.0,470,103483000.0
1831,2006/05/25,941,96,621.0,163.0,1310.0,556,109451400.0
1832,2006/05/26,598,91,415.0,183.0,902.0,470,114716000.0
1833,2006/05/29,873,173,964.0,327.0,1682.0,562,139920400.0
1834,2006/05/30,293,116,693.0,256.0,1450.0,413,105370400.0
1835,2006/05/31,896,105,666.0,231.0,1328.0,481,107855000.0
1836,2006/06/01,792,104,865.0,250.0,1804.0,477,108876000.0
1837,2006/06/02,198,122,971.0,411.0,2099.0,636,117712800.0
1838,2006/06/05,173,203,1075.0,275.0,1812.0,852,142062000.0
1839,2006/06/06,850,92,507.0,176.0,1087.0,799,106180000.0
1840,2006/06/07,795,100,551.0,179.0,1045.0,527,102968600.0
1841,2006/06/08,858,108,370.0,182.0,557.0,530,105092000.0
1842,2006/06/09,640,86,488.0,184.0,1109.0,326,107452800.0
1843,2006/06/12,269,195,1012.0,385.0,1622.0,767,132366200.0
1844,2006/06/13,178,151,648.0,341.0,1282.0,653,97424400.0
1845,2006/06/14,333,538,,,,848,99832800.0
1846,2006/06/15,862,83,679.0,216.0,1355.0,409,99977000.0
1847,2006/06/16,612,212,847.0,416.0,1562.0,400,110395200.0
1848,2006/06/19,696,126,340.0,184.0,461.0,617,132242600.0
1849,2006/06/20,127,237,668.0,299.0,1115.0,671,103142600.0
1850,2006/06/21,691,97,760.0,237.0,1647.0,592,101433400.0
1851,2006/06/22,150,166,469.0,130.0,1034.0,286,101043800.0
1852,2006/06/23,572,174,861.0,268.0,1636.0,471,108698400.0
1853,2006/06/26,420,167,663.0,271.0,1159.0,407,131628000.0
1854,2006/06/27,980,71,451.0,153.0,1029.0,335,102000200.0
1855,2006/06/28,567,111,534.0,280.0,880.0,421,101542400.0
1856,2006/06/29,618,215,691.0,393.0,1169.0,528,102402800.0
1857,2006/06/30,218,151,718.0,338.0,1583.0,406,110583600.0
1858,2006/07/03,878,148,295.0,211.0,438.0,577,132955000.0
1859,2006/07/04,878,122,210.0,175.0,371.0,567,101397600.0
1860,2006/07/05,117,251,309.0,384.0,476.0,416,100907800.0
1861,2006/07/06,095,91,459.0,190.0,996.0,424,106448800.0
1862,2006/07/07,890,134,672.0,317.0,1447.0,479,110325400.0
1863,2006/07/10,236,182,1067.0,324.0,1863.0,618,133092600.0
1864,2006/07/11,926,129,696.0,277.0,1395.0,455,100156400.0
1865,2006/07/12,299,111,275.0,168.0,431.0,656,101186800.0
1866,2006/07/13,675,81,476.0,138.0,911.0,584,100969600.0
1867,2006/07/14,702,192,524.0,214.0,1016.0,580,107077800.0
1868,2006/07/17,733,117,361.0,165.0,554.0,680,112222600.0
1869,2006/07/18,544,118,236.0,162.0,364.0,970,94763000.0
1870,2006/07/19,847,113,456.0,146.0,933.0,476,94576600.0
1871,2006/07/20,973,78,610.0,208.0,1227.0,512,98349600.0
1872,2006/07/21,496,133,654.0,250.0,1408.0,729,102268000.0
1873,2006/07/24,638,393,1300.0,731.0,2031.0,676,125148800.0
1874,2006/07/25,806,85,381.0,191.0,750.0,267,97600800.0
1875,2006/07/26,666,623,,,,606,97964600.0
1876,2006/07/27,129,181,666.0,334.0,1301.0,506,96721600.0
1877,2006/07/28,190,156,743.0,338.0,1436.0,425,101250000.0
1878,2006/07/31,141,100,292.0,130.0,516.0,432,127674000.0
1879,2006/08/01,742,107,847.0,210.0,1724.0,466,99801600.0
1880,2006/08/02,674,111,472.0,168.0,911.0,641,96590000.0
1881,2006/08/03,558,108,302.0,195.0,373.0,530,96574600.0
1882,2006/08/04,914,121,505.0,238.0,994.0,422,101882200.0
1883,2006/08/07,076,69,405.0,137.0,933.0,470,118072600.0
1884,2006/08/08,528,145,744.0,242.0,1241.0,503,91299000.0
1885,2006/08/09,051,67,395.0,104.0,845.0,417,91185000.0
1886,2006/08/10,932,77,538.0,174.0,1255.0,589,95007000.0
1887,2006/08/11,172,82,570.0,153.0,1254.0,359,98365800.0
1888,2006/08/14,370,83,718.0,173.0,1421.0,397,108335400.0
1889,2006/08/15,647,103,437.0,174.0,835.0,482,91860600.0
1890,2006/08/16,269,168,768.0,381.0,1398.0,575,97832400.0
1891,2006/08/17,924,100,578.0,316.0,1126.0,489,99260800.0
1892,2006/08/18,183,108,962.0,272.0,1874.0,688,105123200.0
1893,2006/08/21,856,157,715.0,302.0,1298.0,846,126865200.0
1894,2006/08/22,273,246,704.0,324.0,1467.0,549,96852600.0
1895,2006/08/23,937,100,466.0,172.0,1047.0,618,95776600.0
1896,2006/08/24,656,109,200.0,135.0,293.0,438,98793400.0
1897,2006/08/25,924,132,538.0,243.0,1055.0,547,105940800.0
1898,2006/08/28,321,196,949.0,239.0,1449.0,546,130769600.0
1899,2006/08/29,374,132,601.0,306.0,1354.0,568,97239000.0
1900,2006/08/30,845,213,666.0,311.0,1281.0,610,99458800.0
1901,2006/08/31,535,103,241.0,160.0,314.0,479,102393600.0
1902,2006/09/01,899,79,241.0,171.0,332.0,808,105686200.0
1903,2006/09/04,349,134,897.0,292.0,1632.0,590,140674600.0
1904,2006/09/05,874,165,618.0,237.0,1180.0,602,102823400.0
1905,2006/09/06,104,162,521.0,255.0,903.0,363,104580000.0
1906,2006/09/07,522,139,286.0,182.0,438.0,510,105035400.0
1907,2006/09/08,815,151,643.0,347.0,1134.0,446,107640800.0
1908,2006/09/11,892,126,946.0,262.0,1713.0,606,135946200.0
1909,2006/09/12,859,66,403.0,144.0,859.0,403,97974200.0
1910,2006/09/13,468,161,597.0,316.0,1100.0,733,98393600.0
1911,2006/09/14,062,69,513.0,130.0,1110.0,327,102322600.0
1912,2006/09/15,019,82,731.0,154.0,1309.0,480,110049600.0
1913,2006/09/18,121,191,432.0,254.0,531.0,521,117063600.0
1914,2006/09/19,955,95,211.0,149.0,261.0,657,97289600.0
1915,2006/09/20,918,273,936.0,550.0,1715.0,503,100075800.0
1916,2006/09/21,586,115,616.0,186.0,1052.0,413,102139400.0
1917,2006/09/22,875,167,577.0,252.0,1084.0,822,107805400.0
1918,2006/09/25,402,136,734.0,243.0,1114.0,434,135853600.0
1919,2006/09/26,161,96,192.0,91.0,370.0,303,96772000.0
1920,2006/09/27,898,141,277.0,198.0,423.0,494,100288600.0
1921,2006/09/28,890,167,817.0,374.0,1584.0,610,105083800.0
1922,2006/09/29,448,106,271.0,218.0,282.0,577,111513000.0
1923,2006/10/02,633,202,381.0,258.0,539.0,1414,133710400.0
1924,2006/10/03,461,95,618.0,205.0,1202.0,305,101171200.0
1925,2006/10/04,757,149,354.0,175.0,381.0,716,101437000.0
1926,2006/10/05,924,244,633.0,456.0,1021.0,634,99337600.0
1927,2006/10/06,813,194,994.0,381.0,1876.0,471,98161000.0
1928,2006/10/09,113,277,434.0,320.0,431.0,428,116519800.0
1929,2006/10/10,874,141,529.0,245.0,962.0,660,90594800.0
1930,2006/10/11,402,150,469.0,281.0,919.0,308,94601000.0
1931,2006/10/12,595,102,250.0,116.0,335.0,479,98432400.0
1932,2006/10/13,887,122,256.0,177.0,443.0,669,109001600.0
1933,2006/10/16,559,189,380.0,278.0,404.0,771,133608400.0
1934,2006/10/17,700,110,180.0,150.0,263.0,869,99509800.0
1935,2006/10/18,236,211,715.0,345.0,1414.0,742,98926000.0
1936,2006/10/19,113,188,318.0,268.0,376.0,402,100755000.0
1937,2006/10/20,703,188,465.0,319.0,1077.0,439,106407000.0
1938,2006/10/23,243,129,934.0,214.0,1552.0,618,127210000.0
1939,2006/10/24,286,88,578.0,177.0,1066.0,413,97290600.0
1940,2006/10/25,440,102,217.0,179.0,332.0,407,103894000.0
1941,2006/10/26,483,119,712.0,242.0,1144.0,356,103530200.0
1942,2006/10/27,850,93,482.0,156.0,1002.0,344,108275200.0
1943,2006/10/30,588,224,565.0,229.0,812.0,803,135291200.0
1944,2006/10/31,121,170,352.0,229.0,446.0,535,103156000.0
1945,2006/11/01,855,239,415.0,271.0,573.0,796,105105400.0
1946,2006/11/02,679,169,575.0,316.0,1306.0,596,107733200.0
1947,2006/11/03,303,176,312.0,216.0,412.0,372,97703600.0
1948,2006/11/06,992,167,420.0,231.0,504.0,797,134674400.0
1949,2006/11/07,713,130,563.0,247.0,1041.0,522,97056200.0
1950,2006/11/08,630,135,556.0,266.0,1236.0,415,98755600.0
1951,2006/11/09,663,168,387.0,261.0,563.0,838,98818000.0
1952,2006/11/10,368,178,778.0,378.0,1633.0,490,104257200.0
1953,2006/11/13,972,116,868.0,232.0,1809.0,546,124796000.0
1954,2006/11/14,131,159,420.0,226.0,742.0,437,95497400.0
1955,2006/11/15,861,91,510.0,188.0,1086.0,282,97227200.0
1956,2006/11/16,432,107,579.0,168.0,1117.0,390,98695400.0
1957,2006/11/17,414,166,388.0,270.0,528.0,501,104103000.0
1958,2006/11/20,312,197,1189.0,343.0,1619.0,570,121028000.0
1959,2006/11/21,192,90,552.0,156.0,1171.0,333,96074000.0
1960,2006/11/22,460,65,354.0,135.0,809.0,373,97919800.0
1961,2006/11/23,092,66,357.0,138.0,913.0,268,85757000.0
1962,2006/11/24,395,84,502.0,185.0,1158.0,334,104006000.0
1963,2006/11/27,697,119,503.0,176.0,893.0,603,124826200.0
1964,2006/11/28,359,151,440.0,230.0,870.0,480,98756800.0
1965,2006/11/29,042,115,508.0,180.0,1085.0,497,100165600.0
1966,2006/11/30,826,176,637.0,311.0,1206.0,782,102804600.0
1967,2006/12/01,533,131,362.0,210.0,482.0,1011,107081000.0
1968,2006/12/04,407,135,740.0,316.0,1248.0,544,129201200.0
1969,2006/12/05,675,85,526.0,211.0,969.0,653,96397600.0
1970,2006/12/06,455,101,265.0,164.0,344.0,745,98943600.0
1971,2006/12/07,198,149,769.0,340.0,1639.0,579,96749200.0
1972,2006/12/08,058,80,537.0,195.0,1175.0,529,106438000.0
1973,2006/12/11,719,201,754.0,326.0,1288.0,554,131548600.0
1974,2006/12/12,692,167,841.0,306.0,1672.0,646,97260200.0
1975,2006/12/13,049,69,536.0,177.0,1162.0,363,96621600.0
1976,2006/12/14,555,732,,,,634,98198200.0
1977,2006/12/15,536,99,720.0,184.0,1297.0,614,108301200.0
1978,2006/12/18,649,149,892.0,311.0,1729.0,406,133607200.0
1979,2006/12/19,808,158,235.0,216.0,264.0,358,102056800.0
1980,2006/12/20,652,76,613.0,154.0,1132.0,425,105232400.0
1981,2006/12/21,778,126,230.0,188.0,291.0,576,101696600.0
1982,2006/12/22,833,132,268.0,146.0,404.0,835,106930800.0
1983,2006/12/25,218,200,987.0,373.0,1626.0,732,134874000.0
1984,2006/12/26,258,143,707.0,358.0,1253.0,519,96085600.0
1985,2006/12/27,824,163,654.0,313.0,1201.0,748,105943600.0
1986,2006/12/28,129,194,614.0,366.0,1255.0,562,108976000.0
1987,2006/12/29,061,62,576.0,170.0,1178.0,601,114165400.0
1988,2007/01/04,090,134,229.0,226.0,349.0,673,119527800.0
1989,2007/01/05,942,93,668.0,177.0,1635.0,506,109241400.0
1990,2007/01/08,726,176,725.0,332.0,1257.0,630,126417200.0
1991,2007/01/09,522,121,278.0,199.0,428.0,557,103360000.0
1992,2007/01/10,949,82,235.0,143.0,317.0,438,106701400.0
1993,2007/01/11,438,119,618.0,237.0,1173.0,710,105942600.0
1994,2007/01/12,305,169,620.0,299.0,1061.0,702,111298800.0
1995,2007/01/15,847,163,747.0,257.0,1381.0,653,140900800.0
1996,2007/01/16,581,136,675.0,251.0,1247.0,926,104899800.0
1997,2007/01/17,908,178,638.0,336.0,1248.0,366,102243600.0
1998,2007/01/18,580,113,507.0,151.0,1042.0,352,104790400.0
1999,2007/01/19,900,111,212.0,175.0,327.0,693,111409400.0
2000,2007/01/22,440,125,313.0,204.0,364.0,361,139302000.0
2001,2007/01/23,325,245,714.0,343.0,1196.0,649,103740200.0
2002,2007/01/24,567,171,560.0,268.0,1028.0,478,104177800.0
2003,2007/01/25,537,164,951.0,275.0,1792.0,480,107408600.0
2004,2007/01/26,810,170,530.0,247.0,1127.0,418,113950400.0
2005,2007/01/29,525,249,409.0,285.0,393.0,620,140703600.0
2006,2007/01/30,574,146,514.0,181.0,1146.0,746,107981000.0
2007,2007/01/31,311,267,807.0,283.0,1227.0,1246,111778400.0
2008,2007/02/01,624,189,823.0,356.0,1352.0,558,109229400.0
2009,2007/02/02,594,252,601.0,287.0,1359.0,553,114470800.0
2010,2007/02/05,412,234,1133.0,401.0,1810.0,695,145816000.0
2011,2007/02/06,815,268,596.0,282.0,995.0,500,107274800.0
2012,2007/02/07,539,115,655.0,250.0,1133.0,627,107176600.0
2013,2007/02/08,874,273,612.0,260.0,1128.0,385,108233400.0
2014,2007/02/09,008,205,230.0,167.0,332.0,437,113904400.0
2015,2007/02/12,842,133,1012.0,227.0,1608.0,568,122706400.0
2016,2007/02/13,268,129,614.0,275.0,1121.0,407,100173400.0
2017,2007/02/14,315,246,867.0,443.0,1636.0,382,99866400.0
2018,2007/02/15,453,145,757.0,248.0,1369.0,1019,112805600.0
2019,2007/02/16,519,239,605.0,364.0,1218.0,458,117032600.0
2020,2007/02/19,449,146,341.0,253.0,498.0,638,140948600.0
2021,2007/02/20,027,95,536.0,199.0,1108.0,689,103888000.0
2022,2007/02/21,240,83,597.0,198.0,1341.0,396,102391200.0
2023,2007/02/22,705,182,395.0,288.0,754.0,348,107338000.0
2024,2007/02/23,939,104,258.0,150.0,345.0,563,109988000.0
2025,2007/02/26,964,157,879.0,253.0,1671.0,694,137851400.0
2026,2007/02/27,160,75,464.0,155.0,955.0,276,104928800.0
2027,2007/02/28,172,134,678.0,191.0,1400.0,502,108143200.0
2028,2007/03/01,378,183,759.0,343.0,1502.0,557,109477200.0
2029,2007/03/02,308,171,570.0,384.0,1202.0,507,114824400.0
2030,2007/03/05,321,257,1151.0,377.0,1678.0,651,136394000.0
2031,2007/03/06,477,104,217.0,162.0,348.0,738,105437200.0
2032,2007/03/07,974,112,611.0,186.0,1490.0,520,102299000.0
2033,2007/03/08,417,217,823.0,446.0,1594.0,482,109295400.0
2034,2007/03/09,938,126,635.0,236.0,1387.0,666,112200200.0
2035,2007/03/12,415,313,794.0,412.0,1221.0,741,133318800.0
2036,2007/03/13,403,87,397.0,171.0,835.0,361,101436400.0
2037,2007/03/14,971,117,418.0,150.0,1077.0,381,103145000.0
2038,2007/03/15,977,160,300.0,220.0,377.0,503,105831200.0
2039,2007/03/16,231,117,684.0,127.0,1286.0,478,110940200.0
2040,2007/03/19,732,144,977.0,246.0,1861.0,609,133372400.0
2041,2007/03/20,149,187,632.0,235.0,1334.0,570,102687200.0
2042,2007/03/21,550,89,226.0,130.0,343.0,480,91573200.0
2043,2007/03/22,334,90,192.0,129.0,299.0,444,102017200.0
2044,2007/03/23,034,89,593.0,151.0,1251.0,435,110599200.0
2045,2007/03/26,632,186,1688.0,298.0,2963.0,618,133624600.0
2046,2007/03/27,707,73,167.0,141.0,219.0,308,100243200.0
2047,2007/03/28,001,84,135.0,94.0,200.0,366,103662600.0
2048,2007/03/29,984,83,466.0,164.0,1037.0,510,101432800.0
2049,2007/03/30,771,85,220.0,159.0,402.0,399,108608000.0
2050,2007/04/02,746,181,730.0,303.0,1212.0,1088,132364600.0
2051,2007/04/03,330,242,354.0,340.0,409.0,456,99212400.0
2052,2007/04/04,121,162,304.0,246.0,487.0,474,96020600.0
2053,2007/04/05,368,171,665.0,325.0,1436.0,428,101883800.0
2054,2007/04/06,379,138,608.0,309.0,1151.0,452,105474200.0
2055,2007/04/09,266,130,363.0,178.0,412.0,659,129281800.0
2056,2007/04/10,646,95,181.0,164.0,301.0,449,97536200.0
2057,2007/04/11,165,125,530.0,195.0,1200.0,462,99418600.0
2058,2007/04/12,715,168,729.0,336.0,1434.0,545,100384600.0
2059,2007/04/13,183,132,771.0,238.0,1746.0,646,110523800.0
2060,2007/04/16,223,212,391.0,319.0,414.0,661,131388400.0
2061,2007/04/17,974,102,450.0,202.0,1167.0,809,98382800.0
2062,2007/04/18,621,140,624.0,218.0,1356.0,407,98365000.0
2063,2007/04/19,519,157,521.0,318.0,889.0,608,103420200.0
2064,2007/04/20,926,177,848.0,421.0,1643.0,612,109982000.0
2065,2007/04/23,301,149,767.0,273.0,1358.0,386,133548800.0
2066,2007/04/24,456,152,532.0,320.0,858.0,500,101249200.0
2067,2007/04/25,123,362,971.0,651.0,1593.0,587,105257800.0
2068,2007/04/26,157,141,535.0,187.0,1126.0,409,108695800.0
2069,2007/04/27,306,144,593.0,317.0,1211.0,383,114560000.0
2070,2007/04/30,701,137,517.0,221.0,964.0,422,120291000.0
2071,2007/05/01,654,146,548.0,177.0,985.0,517,103010400.0
2072,2007/05/02,399,92,223.0,139.0,267.0,1119,110689200.0
2073,2007/05/03,231,113,1055.0,212.0,2171.0,676,93900600.0
2074,2007/05/04,172,99,514.0,160.0,1109.0,512,98123800.0
2075,2007/05/07,302,233,799.0,349.0,1162.0,484,136401800.0
2076,2007/05/08,827,204,546.0,314.0,1086.0,548,104497000.0
2077,2007/05/09,936,114,806.0,277.0,1655.0,570,100564400.0
2078,2007/05/10,466,87,193.0,147.0,288.0,457,101757200.0
2079,2007/05/11,725,180,778.0,377.0,1399.0,552,109390400.0
2080,2007/05/14,594,172,668.0,267.0,1391.0,419,131536600.0
2081,2007/05/15,716,148,515.0,246.0,970.0,702,99632200.0
2082,2007/05/16,178,161,561.0,257.0,1111.0,479,102367200.0
2083,2007/05/17,544,78,231.0,114.0,332.0,635,102256000.0
2084,2007/05/18,826,185,715.0,348.0,1273.0,707,110675600.0
2085,2007/05/21,522,376,521.0,490.0,570.0,790,135026200.0
2086,2007/05/22,803,117,544.0,173.0,1104.0,403,101358000.0
2087,2007/05/23,821,175,644.0,272.0,1425.0,505,100975600.0
2088,2007/05/24,407,125,486.0,225.0,812.0,350,101210200.0
2089,2007/05/25,353,102,329.0,172.0,496.0,464,101304400.0
2090,2007/05/28,642,171,1265.0,279.0,2087.0,657,133366000.0
2091,2007/05/29,428,205,700.0,370.0,1187.0,640,101608200.0
2092,2007/05/30,156,141,529.0,203.0,1190.0,422,102291400.0
2093,2007/05/31,386,133,738.0,295.0,1598.0,477,106401400.0
2094,2007/06/01,392,124,679.0,229.0,1480.0,463,114565000.0
2095,2007/06/04,242,128,376.0,143.0,572.0,557,132088600.0
2096,2007/06/05,556,111,281.0,196.0,357.0,551,103576000.0
2097,2007/06/06,045,86,421.0,194.0,881.0,476,102226800.0
2098,2007/06/07,405,200,455.0,238.0,855.0,374,101709400.0
2099,2007/06/08,032,66,462.0,106.0,1055.0,600,106967200.0
2100,2007/06/11,642,182,1317.0,300.0,2116.0,868,129049600.0
2101,2007/06/12,135,193,988.0,382.0,1959.0,542,97691400.0
2102,2007/06/13,560,98,405.0,202.0,914.0,479,96957600.0
2103,2007/06/14,989,94,229.0,178.0,344.0,1226,95844000.0
2104,2007/06/15,236,201,871.0,351.0,1795.0,674,112016600.0
2105,2007/06/18,222,647,,,,764,134144000.0
2106,2007/06/19,584,73,435.0,163.0,939.0,329,98643800.0
2107,2007/06/20,791,96,608.0,211.0,1343.0,465,99817400.0
2108,2007/06/21,106,136,506.0,286.0,899.0,401,101778400.0
2109,2007/06/22,757,65,233.0,150.0,323.0,456,100163000.0
2110,2007/06/25,859,91,497.0,172.0,1069.0,591,130106400.0
2111,2007/06/26,925,150,647.0,367.0,1267.0,586,99803600.0
2112,2007/06/27,482,116,752.0,230.0,1474.0,685,101410000.0
2113,2007/06/28,278,123,571.0,249.0,1133.0,635,102674000.0
2114,2007/06/29,453,123,635.0,201.0,1171.0,454,108054200.0
2115,2007/07/02,447,175,338.0,250.0,383.0,716,132812800.0
2116,2007/07/03,656,109,221.0,184.0,293.0,634,102324000.0
2117,2007/07/04,012,103,475.0,235.0,951.0,582,98260000.0
2118,2007/07/05,055,115,252.0,112.0,360.0,903,103609600.0
2119,2007/07/06,128,208,594.0,410.0,1190.0,544,107743000.0
2120,2007/07/09,591,115,704.0,184.0,1406.0,371,131236200.0
2121,2007/07/10,170,76,838.0,146.0,1683.0,483,98622800.0
2122,2007/07/11,778,97,226.0,186.0,359.0,470,99508400.0
2123,2007/07/12,586,93,490.0,173.0,1046.0,410,100145000.0
2124,2007/07/13,867,119,586.0,235.0,1281.0,583,104609600.0
2125,2007/07/16,864,120,645.0,166.0,1189.0,434,111107200.0
2126,2007/07/17,398,147,452.0,220.0,857.0,417,97494600.0
2127,2007/07/18,752,101,813.0,193.0,1588.0,615,98640400.0
2128,2007/07/19,600,102,156.0,124.0,199.0,675,100268600.0
2129,2007/07/20,089,150,686.0,241.0,1516.0,515,101690400.0
2130,2007/07/23,857,138,800.0,257.0,1423.0,569,121775600.0
2131,2007/07/24,287,109,606.0,148.0,1172.0,531,93465600.0
2132,2007/07/25,938,94,479.0,183.0,1066.0,712,99914400.0
2133,2007/07/26,818,161,283.0,268.0,361.0,588,99153800.0
2134,2007/07/27,391,107,584.0,203.0,1416.0,348,102481200.0
2135,2007/07/30,254,116,761.0,241.0,1643.0,545,118251200.0
2136,2007/07/31,971,70,518.0,150.0,1105.0,422,96954600.0
2137,2007/08/01,931,81,493.0,160.0,1057.0,465,96888400.0
2138,2007/08/02,498,89,425.0,176.0,858.0,365,95442200.0
2139,2007/08/03,509,141,554.0,329.0,990.0,702,101973600.0
2140,2007/08/06,318,224,887.0,397.0,1720.0,533,121238400.0
2141,2007/08/07,081,66,513.0,119.0,1027.0,378,94210200.0
2142,2007/08/08,112,124,296.0,232.0,406.0,364,91689200.0
2143,2007/08/09,987,106,747.0,274.0,1510.0,345,90143800.0
2144,2007/08/10,189,208,1246.0,636.0,2533.0,515,95926200.0
2145,2007/08/13,700,53,167.0,133.0,261.0,573,104302400.0
2146,2007/08/14,035,100,376.0,120.0,762.0,385,80017200.0
2147,2007/08/15,478,101,536.0,228.0,1051.0,654,87783200.0
2148,2007/08/16,822,138,274.0,228.0,323.0,510,92384200.0
2149,2007/08/17,703,145,487.0,362.0,969.0,396,98676800.0
2150,2007/08/20,975,89,517.0,167.0,1026.0,722,119827200.0
2151,2007/08/21,912,120,621.0,238.0,1284.0,409,94135400.0
2152,2007/08/22,730,90,408.0,161.0,878.0,358,91935800.0
2153,2007/08/23,152,91,627.0,173.0,1467.0,384,96953200.0
2154,2007/08/24,830,143,590.0,265.0,1179.0,304,104892000.0
2155,2007/08/27,494,82,269.0,154.0,372.0,479,124866800.0
2156,2007/08/28,239,94,566.0,187.0,1297.0,472,95737600.0
2157,2007/08/29,678,141,512.0,327.0,812.0,807,97002600.0
2158,2007/08/30,585,160,325.0,191.0,470.0,1188,96974600.0
2159,2007/08/31,387,108,614.0,253.0,1438.0,520,103536000.0
2160,2007/09/03,353,150,446.0,253.0,441.0,631,126371000.0
2161,2007/09/04,626,124,258.0,213.0,316.0,702,97019400.0
2162,2007/09/05,677,99,213.0,131.0,353.0,511,96004800.0
2163,2007/09/06,571,72,596.0,240.0,1314.0,318,94831600.0
2164,2007/09/07,150,97,473.0,133.0,1070.0,399,100435400.0
2165,2007/09/10,400,214,309.0,261.0,390.0,770,124787600.0
2166,2007/09/11,092,72,468.0,188.0,1042.0,511,93384200.0
2167,2007/09/12,198,136,802.0,349.0,1737.0,563,92685800.0
2168,2007/09/13,169,88,479.0,207.0,1039.0,698,95169000.0
2169,2007/09/14,618,151,647.0,352.0,1227.0,540,101597800.0
2170,2007/09/17,755,125,373.0,190.0,427.0,763,107028000.0
2171,2007/09/18,233,98,217.0,120.0,368.0,971,91479800.0
2172,2007/09/19,673,79,507.0,179.0,1028.0,543,92087000.0
2173,2007/09/20,145,110,465.0,189.0,1020.0,718,95219400.0
2174,2007/09/21,461,97,584.0,238.0,1221.0,420,98083400.0
2175,2007/09/24,938,109,589.0,191.0,1091.0,605,108034400.0
2176,2007/09/25,762,86,580.0,172.0,1119.0,481,93408000.0
2177,2007/09/26,691,80,467.0,180.0,1055.0,386,97142600.0
2178,2007/09/27,842,102,655.0,138.0,1309.0,537,97210800.0
2179,2007/09/28,009,140,237.0,165.0,339.0,524,102598000.0
2180,2007/10/01,644,98,273.0,178.0,350.0,735,119762800.0
2181,2007/10/02,809,82,558.0,193.0,1157.0,275,94598000.0
2182,2007/10/03,958,84,380.0,139.0,801.0,766,94096200.0
2183,2007/10/04,863,143,778.0,282.0,1831.0,530,95451000.0
2184,2007/10/05,236,131,751.0,302.0,1459.0,679,100633200.0
2185,2007/10/08,525,184,313.0,241.0,323.0,678,111337600.0
2186,2007/10/09,744,107,191.0,103.0,251.0,443,89581600.0
2187,2007/10/10,884,97,219.0,172.0,270.0,402,93403400.0
2188,2007/10/11,785,93,573.0,175.0,1284.0,395,95016800.0
2189,2007/10/12,561,85,511.0,190.0,1163.0,373,98402600.0
2190,2007/10/15,278,158,802.0,310.0,1318.0,1190,124472000.0
2191,2007/10/16,864,141,654.0,218.0,1161.0,370,95273400.0
2192,2007/10/17,757,112,341.0,202.0,482.0,645,97301200.0
2193,2007/10/18,832,115,630.0,229.0,1365.0,711,98239800.0
2194,2007/10/19,966,102,269.0,171.0,380.0,711,100180800.0
2195,2007/10/22,604,111,515.0,213.0,983.0,521,123315800.0
2196,2007/10/23,171,102,304.0,120.0,488.0,333,92643000.0
2197,2007/10/24,391,113,560.0,187.0,1204.0,436,92321000.0
2198,2007/10/25,614,130,572.0,253.0,1065.0,617,98401200.0
2199,2007/10/26,685,56,571.0,178.0,1186.0,526,97715400.0
2200,2007/10/29,130,161,685.0,242.0,1156.0,587,121689400.0
2201,2007/10/30,079,114,335.0,188.0,859.0,486,93496800.0
2202,2007/10/31,675,109,579.0,189.0,1097.0,461,98715400.0
2203,2007/11/01,038,73,438.0,134.0,924.0,732,98059400.0
2204,2007/11/02,254,100,581.0,210.0,1231.0,522,103050600.0
2205,2007/11/05,018,97,598.0,163.0,1071.0,693,124318000.0
2206,2007/11/06,928,145,565.0,309.0,1370.0,569,97156200.0
2207,2007/11/07,418,125,531.0,274.0,1112.0,399,97208400.0
2208,2007/11/08,955,113,394.0,192.0,473.0,1040,99211800.0
2209,2007/11/09,409,149,531.0,337.0,1079.0,474,102444000.0
2210,2007/11/12,638,313,1116.0,570.0,1703.0,880,122964600.0
2211,2007/11/13,334,92,225.0,172.0,321.0,382,95642600.0
2212,2007/11/14,785,71,544.0,159.0,1047.0,442,95630000.0
2213,2007/11/15,892,89,570.0,198.0,1181.0,576,99324800.0
2214,2007/11/16,679,114,475.0,246.0,1081.0,483,104040000.0
2215,2007/11/19,762,96,671.0,177.0,1205.0,528,123271000.0
2216,2007/11/20,652,94,616.0,144.0,1276.0,410,94885400.0
2217,2007/11/21,145,131,588.0,234.0,1397.0,587,95125600.0
2218,2007/11/22,013,128,530.0,198.0,1179.0,737,99036400.0
2219,2007/11/23,601,100,423.0,194.0,823.0,415,89177400.0
2220,2007/11/26,781,90,656.0,190.0,1330.0,409,123810800.0
2221,2007/11/27,395,80,543.0,199.0,1168.0,446,95611600.0
2222,2007/11/28,373,119,297.0,192.0,430.0,593,96470400.0
2223,2007/11/29,361,136,718.0,306.0,1482.0,532,98437400.0
2224,2007/11/30,326,151,725.0,360.0,1368.0,869,104183600.0
2225,2007/12/03,469,177,788.0,384.0,1458.0,546,125250600.0
2226,2007/12/04,517,149,646.0,322.0,1263.0,575,94516600.0
2227,2007/12/05,515,170,270.0,250.0,358.0,483,97424600.0
2228,2007/12/06,426,176,820.0,387.0,1467.0,537,98272000.0
2229,2007/12/07,306,107,617.0,339.0,1314.0,306,104629000.0
2230,2007/12/10,839,155,968.0,298.0,1853.0,884,130018200.0
2231,2007/12/11,943,104,458.0,194.0,963.0,646,96869200.0
2232,2007/12/12,580,70,507.0,195.0,1049.0,573,99100600.0
2233,2007/12/13,033,122,250.0,156.0,430.0,891,97305400.0
2234,2007/12/14,579,119,527.0,229.0,913.0,517,109671000.0
2235,2007/12/17,888,855,,,,1055,130793400.0
2236,2007/12/18,761,101,486.0,173.0,1191.0,489,96529800.0
2237,2007/12/19,896,128,557.0,209.0,1169.0,740,99978000.0
2238,2007/12/20,538,188,1105.0,465.0,2206.0,840,102373600.0
2239,2007/12/21,958,101,505.0,211.0,1156.0,830,107819400.0
2240,2007/12/24,768,108,732.0,246.0,1351.0,519,116474600.0
2241,2007/12/25,294,142,646.0,327.0,1471.0,450,102514200.0
2242,2007/12/26,304,114,428.0,234.0,897.0,415,105179400.0
2243,2007/12/27,715,139,726.0,357.0,1490.0,689,110265000.0
2244,2007/12/28,182,175,1069.0,309.0,2085.0,707,121630000.0
2245,2008/01/04,029,142,774.0,266.0,1470.0,909,129986400.0
2246,2008/01/07,965,127,689.0,221.0,1385.0,519,137612600.0
2247,2008/01/08,682,132,790.0,258.0,1504.0,425,104501800.0
2248,2008/01/09,443,228,293.0,184.0,327.0,568,106410600.0
2249,2008/01/10,972,104,664.0,230.0,1503.0,637,105563600.0
2250,2008/01/11,900,130,217.0,146.0,283.0,802,108176000.0
2251,2008/01/14,978,144,864.0,268.0,1553.0,913,117618400.0
2252,2008/01/15,651,106,626.0,227.0,1411.0,893,99812000.0
2253,2008/01/16,178,185,578.0,293.0,1213.0,622,100155000.0
2254,2008/01/17,810,124,547.0,294.0,998.0,448,101162400.0
2255,2008/01/18,066,88,230.0,165.0,363.0,658,107427600.0
2256,2008/01/21,875,167,960.0,301.0,1582.0,550,129674600.0
2257,2008/01/22,297,146,616.0,216.0,1360.0,820,99150800.0
2258,2008/01/23,390,112,574.0,183.0,1312.0,381,94065800.0
2259,2008/01/24,018,70,425.0,135.0,922.0,692,96428000.0
2260,2008/01/25,004,72,200.0,109.0,315.0,374,107668600.0
2261,2008/01/28,982,133,990.0,251.0,1902.0,581,128052800.0
2262,2008/01/29,488,78,159.0,129.0,242.0,540,97735000.0
2263,2008/01/30,514,147,574.0,296.0,1041.0,429,101877800.0
2264,2008/01/31,309,141,436.0,246.0,925.0,558,104545600.0
2265,2008/02/01,170,85,533.0,144.0,1160.0,460,109166800.0
2266,2008/02/04,122,217,457.0,269.0,534.0,873,128075400.0
2267,2008/02/05,699,108,252.0,173.0,361.0,605,99471800.0
2268,2008/02/06,745,148,585.0,261.0,1028.0,517,98293000.0
2269,2008/02/07,014,84,490.0,190.0,1031.0,362,101433400.0
2270,2008/02/08,086,66,536.0,129.0,1110.0,504,107919800.0
2271,2008/02/11,014,109,507.0,173.0,916.0,426,116947200.0
2272,2008/02/12,610,125,460.0,256.0,902.0,319,90240000.0
2273,2008/02/13,569,106,364.0,200.0,845.0,481,96761400.0
2274,2008/02/14,705,110,437.0,294.0,773.0,412,99977200.0
2275,2008/02/15,435,98,614.0,175.0,1186.0,1008,114610200.0
2276,2008/02/18,599,164,266.0,186.0,341.0,650,135737600.0
2277,2008/02/19,802,91,550.0,249.0,1088.0,376,101615000.0
2278,2008/02/20,215,261,755.0,418.0,1299.0,690,102772200.0
2279,2008/02/21,276,90,589.0,205.0,1180.0,767,103045000.0
2280,2008/02/22,175,115,866.0,329.0,1692.0,453,110363000.0
2281,2008/02/25,128,242,1109.0,495.0,1984.0,834,131780600.0
2282,2008/02/26,472,83,641.0,209.0,1417.0,304,99054400.0
2283,2008/02/27,348,135,652.0,301.0,1309.0,693,101869400.0
2284,2008/02/28,956,115,620.0,259.0,1287.0,672,106198200.0
2285,2008/02/29,616,181,265.0,273.0,368.0,568,115318200.0
2286,2008/03/03,648,203,885.0,356.0,1466.0,545,135929600.0
2287,2008/03/04,199,73,190.0,85.0,309.0,551,100806000.0
2288,2008/03/05,022,96,264.0,150.0,434.0,565,102051800.0
2289,2008/03/06,858,63,276.0,125.0,394.0,493,104499400.0
2290,2008/03/07,842,80,764.0,166.0,1592.0,504,107899800.0
2291,2008/03/10,686,153,351.0,248.0,391.0,501,130406600.0
2292,2008/03/11,685,91,620.0,185.0,1286.0,435,102203200.0
2293,2008/03/12,633,174,281.0,166.0,408.0,1195,102254400.0
2294,2008/03/13,139,90,698.0,178.0,1437.0,567,102989000.0
2295,2008/03/14,317,256,689.0,503.0,1263.0,641,103669000.0
2296,2008/03/17,281,149,1072.0,209.0,1914.0,785,131436600.0
2297,2008/03/18,440,102,270.0,190.0,385.0,446,99236200.0
2298,2008/03/19,240,80,693.0,200.0,1523.0,292,93552600.0
2299,2008/03/20,418,137,588.0,355.0,1129.0,582,86400800.0
2300,2008/03/21,411,125,311.0,226.0,421.0,914,103254400.0
2301,2008/03/24,048,124,678.0,231.0,1318.0,622,120286400.0
2302,2008/03/25,849,80,485.0,165.0,1148.0,468,98136200.0
2303,2008/03/26,022,70,185.0,94.0,347.0,599,99598000.0
2304,2008/03/27,631,100,690.0,195.0,1440.0,471,101230800.0
2305,2008/03/28,197,136,665.0,322.0,1307.0,389,104562200.0
2306,2008/03/31,909,196,293.0,246.0,400.0,570,124386400.0
2307,2008/04/01,401,341,871.0,561.0,1362.0,432,94973000.0
2308,2008/04/02,601,85,642.0,234.0,1210.0,346,95055000.0
2309,2008/04/03,279,106,515.0,214.0,1160.0,381,98670800.0
2310,2008/04/04,889,107,282.0,225.0,363.0,501,104201200.0
2311,2008/04/07,457,114,603.0,194.0,1068.0,540,120066200.0
2312,2008/04/08,478,142,561.0,359.0,1175.0,815,89643800.0
2313,2008/04/09,412,162,581.0,341.0,1258.0,457,94474200.0
2314,2008/04/10,499,108,246.0,185.0,314.0,759,92832400.0
2315,2008/04/11,946,139,882.0,325.0,1884.0,515,102429000.0
2316,2008/04/14,422,183,366.0,262.0,369.0,903,121619000.0
2317,2008/04/15,165,133,502.0,211.0,1080.0,542,101198000.0
2318,2008/04/16,230,91,430.0,159.0,949.0,484,98664400.0
2319,2008/04/17,237,109,645.0,220.0,1295.0,613,96379000.0
2320,2008/04/18,617,131,497.0,299.0,961.0,468,99888400.0
2321,2008/04/21,668,108,244.0,178.0,315.0,656,125928000.0
2322,2008/04/22,679,185,477.0,328.0,913.0,493,96876200.0
2323,2008/04/23,621,134,693.0,298.0,1423.0,472,96299200.0
2324,2008/04/24,774,155,231.0,191.0,282.0,581,95713600.0
2325,2008/04/25,117,190,346.0,368.0,445.0,471,106355200.0
2326,2008/04/28,670,121,513.0,228.0,959.0,310,127712600.0
2327,2008/04/29,212,111,276.0,133.0,388.0,386,88184600.0
2328,2008/04/30,724,214,841.0,375.0,1584.0,733,100570800.0
2329,2008/05/01,162,103,695.0,194.0,1511.0,409,101013200.0
2330,2008/05/02,751,98,997.0,246.0,2144.0,507,108011400.0
2331,2008/05/05,779,88,238.0,160.0,258.0,502,110453800.0
2332,2008/05/06,627,211,765.0,410.0,1529.0,549,88548200.0
2333,2008/05/07,046,113,379.0,127.0,744.0,455,91892000.0
2334,2008/05/08,276,83,654.0,217.0,1423.0,386,96634000.0
2335,2008/05/09,655,126,274.0,195.0,335.0,1221,104230200.0
2336,2008/05/12,970,71,429.0,123.0,888.0,343,121970800.0
2337,2008/05/13,907,131,394.0,192.0,738.0,404,92668000.0
2338,2008/05/14,357,178,700.0,317.0,1377.0,434,93770800.0
2339,2008/05/15,302,96,399.0,185.0,879.0,333,98320200.0
2340,2008/05/16,119,144,290.0,260.0,323.0,665,102509200.0
2341,2008/05/19,728,176,799.0,420.0,1477.0,705,117119600.0
2342,2008/05/20,874,117,554.0,265.0,1237.0,525,89916000.0
2343,2008/05/21,950,76,339.0,147.0,833.0,311,92835600.0
2344,2008/05/22,677,145,174.0,170.0,243.0,788,92529800.0
2345,2008/05/23,316,210,596.0,359.0,1167.0,520,99108200.0
2346,2008/05/26,613,209,864.0,353.0,1411.0,659,116658800.0
2347,2008/05/27,183,75,615.0,224.0,1360.0,556,90484600.0
2348,2008/05/28,975,68,436.0,169.0,933.0,436,92028000.0
2349,2008/05/29,842,86,668.0,217.0,1416.0,544,91301600.0
2350,2008/05/30,772,118,316.0,201.0,554.0,417,99852600.0
2351,2008/06/02,342,89,650.0,160.0,1356.0,444,114812800.0
2352,2008/06/03,041,46,403.0,103.0,940.0,594,88252000.0
2353,2008/06/04,471,153,783.0,256.0,1725.0,547,94698200.0
2354,2008/06/05,739,124,531.0,227.0,1063.0,563,93357600.0
2355,2008/06/06,453,99,507.0,221.0,910.0,441,101567400.0
2356,2008/06/09,091,70,569.0,151.0,1233.0,500,114218400.0
2357,2008/06/10,596,114,412.0,212.0,851.0,379,93133800.0
2358,2008/06/11,704,108,414.0,201.0,800.0,354,91034400.0
2359,2008/06/12,538,123,712.0,275.0,1551.0,702,93408600.0
2360,2008/06/13,272,84,310.0,145.0,482.0,530,104653400.0
2361,2008/06/16,474,147,344.0,189.0,391.0,530,122149200.0
2362,2008/06/17,809,86,474.0,224.0,1073.0,425,93367200.0
2363,2008/06/18,215,121,533.0,310.0,1131.0,557,93224600.0
2364,2008/06/19,401,100,488.0,182.0,970.0,363,93223600.0
2365,2008/06/20,070,63,196.0,117.0,302.0,451,99627600.0
2366,2008/06/23,991,139,295.0,150.0,377.0,363,118254400.0
2367,2008/06/24,777,879,,,,717,93568200.0
2368,2008/06/25,597,107,562.0,175.0,985.0,380,94851600.0
2369,2008/06/26,009,85,228.0,162.0,365.0,513,97932600.0
2370,2008/06/27,816,165,590.0,314.0,1339.0,570,103509000.0
2371,2008/06/30,960,162,588.0,250.0,1191.0,763,125446400.0
2372,2008/07/01,856,65,526.0,169.0,981.0,427,97011800.0
2373,2008/07/02,703,239,606.0,486.0,939.0,412,98526200.0
2374,2008/07/03,943,95,436.0,172.0,999.0,457,98416600.0
2375,2008/07/04,618,179,552.0,354.0,936.0,698,104272600.0
2376,2008/07/07,271,160,992.0,260.0,1941.0,686,123172000.0
2377,2008/07/08,202,203,260.0,162.0,349.0,382,93209400.0
2378,2008/07/09,808,145,260.0,186.0,255.0,471,92312800.0
2379,2008/07/10,200,122,205.0,115.0,298.0,926,96119200.0
2380,2008/07/11,372,132,595.0,218.0,1237.0,703,99924400.0
2381,2008/07/14,286,112,825.0,219.0,1430.0,482,116300200.0
2382,2008/07/15,141,80,206.0,139.0,380.0,366,91621400.0
2383,2008/07/16,568,153,419.0,236.0,693.0,345,91327000.0
2384,2008/07/17,066,62,227.0,142.0,363.0,529,91862800.0
2385,2008/07/18,733,75,289.0,143.0,448.0,811,96398200.0
2386,2008/07/21,141,87,265.0,109.0,437.0,341,102582400.0
2387,2008/07/22,626,107,252.0,197.0,234.0,636,86994200.0
2388,2008/07/23,475,109,412.0,157.0,829.0,647,87486200.0
2389,2008/07/24,142,77,548.0,121.0,1263.0,632,88498400.0
2390,2008/07/25,271,93,712.0,209.0,1493.0,548,96214000.0
2391,2008/07/28,900,111,261.0,173.0,339.0,676,114397400.0
2392,2008/07/29,325,168,507.0,285.0,928.0,511,88476600.0
2393,2008/07/30,963,80,560.0,178.0,1318.0,419,89266000.0
2394,2008/07/31,008,81,210.0,98.0,298.0,365,92304800.0
2395,2008/08/01,169,96,496.0,197.0,1174.0,437,98204600.0
2396,2008/08/04,003,127,334.0,157.0,338.0,431,110115200.0
2397,2008/08/05,531,137,607.0,256.0,1304.0,428,85996000.0
2398,2008/08/06,140,76,549.0,157.0,1201.0,371,86967400.0
2399,2008/08/07,801,114,580.0,241.0,1204.0,436,89096000.0
2400,2008/08/08,703,154,500.0,326.0,923.0,370,95315200.0
2401,2008/08/11,117,242,508.0,424.0,571.0,656,109320000.0
2402,2008/08/12,928,119,483.0,277.0,1132.0,478,83732400.0
2403,2008/08/13,750,60,312.0,132.0,778.0,268,80356400.0
2404,2008/08/14,158,101,626.0,180.0,1459.0,379,82755200.0
2405,2008/08/15,311,103,340.0,183.0,477.0,646,92293600.0
2406,2008/08/18,247,189,1023.0,346.0,1629.0,634,117891600.0
2407,2008/08/19,812,172,722.0,310.0,1497.0,440,87923200.0
2408,2008/08/20,016,64,585.0,187.0,1205.0,416,90319400.0
2409,2008/08/21,677,86,188.0,144.0,251.0,504,91425000.0
2410,2008/08/22,551,126,244.0,167.0,343.0,347,95877600.0
2411,2008/08/25,667,152,333.0,228.0,313.0,544,116480400.0
2412,2008/08/26,725,160,619.0,322.0,1157.0,434,91943400.0
2413,2008/08/27,764,68,500.0,165.0,874.0,518,93493800.0
2414,2008/08/28,483,111,569.0,242.0,1134.0,428,93614400.0
2415,2008/08/29,734,98,596.0,246.0,1172.0,547,101744600.0
2416,2008/09/01,200,98,241.0,128.0,294.0,946,122835000.0
2417,2008/09/02,200,75,256.0,160.0,401.0,641,92293200.0
2418,2008/09/03,425,163,466.0,243.0,825.0,431,96059200.0
2419,2008/09/04,532,94,629.0,140.0,1173.0,564,96060400.0
2420,2008/09/05,801,99,516.0,224.0,1016.0,550,102280800.0
2421,2008/09/08,148,138,691.0,244.0,1185.0,653,121502200.0
2422,2008/09/09,417,230,772.0,441.0,1390.0,547,95233200.0
2423,2008/09/10,953,96,539.0,151.0,1106.0,390,96627400.0
2424,2008/09/11,718,122,554.0,317.0,1103.0,582,97089000.0
2425,2008/09/12,621,138,781.0,299.0,1511.0,500,102959800.0
2426,2008/09/15,472,162,1076.0,292.0,1684.0,739,108434800.0
2427,2008/09/16,232,82,277.0,126.0,401.0,351,87906200.0
2428,2008/09/17,748,106,512.0,207.0,1115.0,340,93045200.0
2429,2008/09/18,432,115,608.0,218.0,1364.0,382,92055800.0
2430,2008/09/19,314,229,593.0,326.0,1103.0,505,98214200.0
2431,2008/09/22,675,133,698.0,218.0,1207.0,586,118770000.0
2432,2008/09/23,223,124,243.0,182.0,310.0,797,83726200.0
2433,2008/09/24,440,98,223.0,183.0,262.0,296,92131000.0
2434,2008/09/25,544,105,231.0,118.0,304.0,816,96107800.0
2435,2008/09/26,972,77,736.0,201.0,1660.0,535,100532800.0
2436,2008/09/29,321,223,1114.0,369.0,1808.0,600,116131800.0
2437,2008/09/30,817,136,474.0,245.0,966.0,528,90654000.0
2438,2008/10/01,802,100,406.0,200.0,933.0,491,93854000.0
2439,2008/10/02,157,136,767.0,244.0,1521.0,375,94317800.0
2440,2008/10/03,234,180,822.0,341.0,1333.0,496,99004600.0
2441,2008/10/06,187,92,693.0,196.0,1422.0,519,117228800.0
2442,2008/10/07,591,62,465.0,146.0,935.0,507,93346000.0
2443,2008/10/08,015,87,472.0,144.0,1099.0,456,89881800.0
2444,2008/10/09,493,94,332.0,148.0,773.0,1009,91877600.0
2445,2008/10/10,410,143,778.0,307.0,1412.0,644,97548200.0
2446,2008/10/13,468,144,660.0,261.0,957.0,585,105384400.0
2447,2008/10/14,560,49,306.0,105.0,585.0,255,80375400.0
2448,2008/10/15,950,52,427.0,175.0,921.0,309,95783000.0
2449,2008/10/16,136,111,646.0,262.0,1317.0,686,97351600.0
2450,2008/10/17,327,202,852.0,385.0,1641.0,721,101665400.0
2451,2008/10/20,618,239,878.0,496.0,1277.0,983,120510800.0
2452,2008/10/21,053,64,448.0,92.0,929.0,327,92955200.0
2453,2008/10/22,213,137,753.0,258.0,1436.0,439,92059400.0
2454,2008/10/23,562,99,609.0,169.0,1185.0,360,91975600.0
2455,2008/10/24,247,141,881.0,347.0,1746.0,537,98554600.0
2456,2008/10/27,969,123,286.0,193.0,359.0,684,125345800.0
2457,2008/10/28,625,129,524.0,239.0,865.0,622,94339400.0
2458,2008/10/29,942,54,556.0,120.0,1285.0,570,94209000.0
2459,2008/10/30,108,160,638.0,334.0,1162.0,472,97197600.0
2460,2008/10/31,449,89,210.0,171.0,240.0,434,102206800.0
2461,2008/11/03,226,187,334.0,251.0,420.0,643,112820800.0
2462,2008/11/04,600,69,210.0,132.0,268.0,1053,92108400.0
2463,2008/11/05,089,173,625.0,359.0,1224.0,467,93554800.0
2464,2008/11/06,150,78,467.0,169.0,954.0,321,92885000.0
2465,2008/11/07,996,83,170.0,147.0,244.0,324,96965000.0
2466,2008/11/10,634,166,709.0,332.0,1210.0,574,115746200.0
2467,2008/11/11,758,123,527.0,239.0,1127.0,490,90334200.0
2468,2008/11/12,178,237,604.0,379.0,1196.0,762,88464400.0
2469,2008/11/13,868,94,200.0,137.0,392.0,398,91396200.0
2470,2008/11/14,654,89,617.0,203.0,1130.0,474,95976000.0
2471,2008/11/17,424,150,333.0,196.0,393.0,693,114766400.0
2472,2008/11/18,862,100,623.0,170.0,1318.0,359,87709800.0
2473,2008/11/19,278,120,501.0,278.0,999.0,426,85559800.0
2474,2008/11/20,870,52,392.0,144.0,810.0,327,88735400.0
2475,2008/11/21,933,83,340.0,145.0,461.0,971,93421600.0
2476,2008/11/24,560,81,365.0,130.0,776.0,275,95372600.0
2477,2008/11/25,381,124,620.0,231.0,1287.0,479,87211600.0
2478,2008/11/26,425,129,499.0,243.0,960.0,533,88557600.0
2479,2008/11/27,020,94,203.0,114.0,342.0,1011,89157600.0
2480,2008/11/28,879,62,594.0,234.0,1287.0,447,95352000.0
2481,2008/12/01,908,197,781.0,386.0,1347.0,530,118915000.0
2482,2008/12/02,415,139,449.0,289.0,963.0,527,89816400.0
2483,2008/12/03,707,102,247.0,187.0,259.0,310,91598400.0
2484,2008/12/04,082,64,489.0,149.0,1062.0,394,92362400.0
2485,2008/12/05,588,127,229.0,158.0,280.0,711,92236200.0
2486,2008/12/08,341,161,650.0,241.0,1224.0,554,115290800.0
2487,2008/12/09,260,75,471.0,183.0,941.0,355,85757800.0
2488,2008/12/10,927,127,680.0,289.0,1310.0,548,93605000.0
2489,2008/12/11,075,67,429.0,153.0,963.0,551,95630000.0
2490,2008/12/12,308,136,537.0,296.0,1145.0,503,100907200.0
2491,2008/12/15,420,192,733.0,385.0,1357.0,595,125285800.0
2492,2008/12/16,155,79,241.0,120.0,424.0,750,99842400.0
2493,2008/12/17,640,101,399.0,165.0,796.0,322,93617600.0
2494,2008/12/18,669,118,273.0,193.0,366.0,548,98887000.0
2495,2008/12/19,012,128,690.0,269.0,1189.0,591,105875800.0
2496,2008/12/22,514,183,716.0,289.0,1206.0,483,120156400.0
2497,2008/12/23,630,106,578.0,265.0,1240.0,460,86863600.0
2498,2008/12/24,300,159,275.0,175.0,252.0,1119,95904800.0
2499,2008/12/25,817,123,760.0,322.0,1469.0,606,98455800.0
2500,2008/12/26,885,114,285.0,202.0,315.0,443,103581000.0
2501,2008/12/29,610,221,799.0,525.0,1555.0,568,124314000.0
2502,2008/12/30,654,76,513.0,143.0,1031.0,335,96691800.0
2503,2009/01/05,534,115,779.0,220.0,1554.0,458,119020400.0
2504,2009/01/06,799,105,235.0,150.0,300.0,985,98752400.0
2505,2009/01/07,797,97,297.0,188.0,357.0,376,99321000.0
2506,2009/01/08,724,168,772.0,328.0,1365.0,496,97738800.0
2507,2009/01/09,685,121,571.0,193.0,1231.0,318,98374200.0
2508,2009/01/12,328,193,847.0,393.0,1476.0,627,115992600.0
2509,2009/01/13,001,82,260.0,165.0,310.0,551,94691800.0
2510,2009/01/14,243,93,732.0,209.0,1365.0,452,92936400.0
2511,2009/01/15,715,180,841.0,393.0,1623.0,769,96979400.0
2512,2009/01/16,308,127,483.0,289.0,983.0,545,102518600.0
2513,2009/01/19,233,121,348.0,174.0,438.0,898,126450000.0
2514,2009/01/20,776,67,189.0,108.0,238.0,666,95847800.0
2515,2009/01/21,828,147,252.0,231.0,297.0,491,94459000.0
2516,2009/01/22,614,187,580.0,376.0,1164.0,491,94329600.0
2517,2009/01/23,593,108,606.0,265.0,1298.0,451,103757000.0
2518,2009/01/26,509,111,646.0,278.0,1180.0,660,125642800.0
2519,2009/01/27,762,69,623.0,180.0,1392.0,595,96269600.0
2520,2009/01/28,826,145,682.0,329.0,1307.0,552,97024400.0
2521,2009/01/29,845,93,513.0,223.0,992.0,558,99339200.0
2522,2009/01/30,631,119,756.0,233.0,1538.0,652,103401600.0
2523,2009/02/02,412,256,1009.0,416.0,1632.0,669,128934200.0
2524,2009/02/03,461,101,554.0,186.0,1089.0,331,95942400.0
2525,2009/02/04,434,89,223.0,135.0,293.0,396,97968200.0
2526,2009/02/05,573,179,985.0,335.0,1726.0,584,102951400.0
2527,2009/02/06,147,150,823.0,354.0,1505.0,490,105342600.0
2528,2009/02/09,069,161,591.0,225.0,1182.0,648,125466000.0
2529,2009/02/10,320,169,452.0,279.0,953.0,504,97609000.0
2530,2009/02/11,776,64,156.0,99.0,226.0,280,89543600.0
2531,2009/02/12,319,171,623.0,313.0,1116.0,467,100645000.0
2532,2009/02/13,031,88,624.0,135.0,1535.0,471,110332000.0
2533,2009/02/16,529,220,861.0,335.0,1608.0,706,132066800.0
2534,2009/02/17,648,200,794.0,331.0,1414.0,614,98158400.0
2535,2009/02/18,134,119,604.0,186.0,1189.0,528,97333000.0
2536,2009/02/19,133,103,404.0,180.0,639.0,808,98660000.0
2537,2009/02/20,070,55,258.0,127.0,415.0,490,100824200.0
2538,2009/02/23,484,91,276.0,141.0,324.0,555,122250000.0
2539,2009/02/24,686,74,206.0,167.0,294.0,323,92568200.0
2540,2009/02/25,787,241,364.0,362.0,412.0,377,100116000.0
2541,2009/02/26,788,202,758.0,384.0,1133.0,1218,107211000.0
2542,2009/02/27,660,118,279.0,171.0,320.0,431,109981200.0
2543,2009/03/02,596,183,704.0,299.0,1431.0,531,132206800.0
2544,2009/03/03,403,98,462.0,241.0,996.0,495,95834600.0
2545,2009/03/04,660,107,203.0,156.0,322.0,322,96262600.0
2546,2009/03/05,011,100,301.0,131.0,480.0,549,102820600.0
2547,2009/03/06,992,107,306.0,207.0,457.0,512,99154400.0
2548,2009/03/09,779,140,407.0,285.0,422.0,613,124364400.0
2549,2009/03/10,481,64,486.0,165.0,1070.0,328,97796200.0
2550,2009/03/11,814,98,497.0,227.0,1029.0,489,94724800.0
2551,2009/03/12,571,114,722.0,252.0,1585.0,532,99490600.0
2552,2009/03/13,195,105,504.0,165.0,1117.0,567,100755200.0
2553,2009/03/16,404,165,414.0,260.0,482.0,486,122600200.0
2554,2009/03/17,828,113,246.0,197.0,268.0,602,94520400.0
2555,2009/03/18,118,192,318.0,359.0,419.0,843,95315200.0
2556,2009/03/19,586,73,440.0,162.0,790.0,302,96059600.0
2557,2009/03/20,050,53,272.0,128.0,318.0,558,85994600.0
2558,2009/03/23,611,159,405.0,203.0,601.0,480,113603800.0
2559,2009/03/24,445,108,227.0,182.0,275.0,458,87741600.0
2560,2009/03/25,753,154,619.0,223.0,1130.0,522,90917800.0
2561,2009/03/26,667,134,333.0,199.0,294.0,563,94556400.0
2562,2009/03/27,117,273,498.0,538.0,577.0,565,99893200.0
2563,2009/03/30,413,261,794.0,355.0,1225.0,537,119631400.0
2564,2009/03/31,566,111,269.0,163.0,336.0,515,94429000.0
2565,2009/04/01,597,64,435.0,118.0,850.0,275,93371000.0
2566,2009/04/02,308,157,438.0,324.0,949.0,593,96330400.0
2567,2009/04/03,477,114,313.0,177.0,389.0,497,100784600.0
2568,2009/04/06,890,110,630.0,228.0,1395.0,497,118815800.0
2569,2009/04/07,283,101,521.0,174.0,1096.0,372,91200600.0
2570,2009/04/08,472,94,828.0,266.0,1549.0,467,90105800.0
2571,2009/04/09,169,81,550.0,211.0,1155.0,465,91723200.0
2572,2009/04/10,400,203,392.0,295.0,451.0,1288,98287000.0
2573,2009/04/13,910,140,752.0,334.0,1484.0,533,112141400.0
2574,2009/04/14,396,89,487.0,204.0,1044.0,289,83349000.0
2575,2009/04/15,401,132,653.0,286.0,1324.0,454,95930600.0
2576,2009/04/16,870,79,369.0,180.0,810.0,462,97909600.0
2577,2009/04/17,925,184,613.0,344.0,1192.0,768,99717000.0
2578,2009/04/20,125,192,806.0,366.0,1312.0,566,116639200.0
2579,2009/04/21,397,92,385.0,188.0,801.0,298,88650000.0
2580,2009/04/22,315,209,755.0,406.0,1251.0,451,93479000.0
2581,2009/04/23,916,121,402.0,228.0,829.0,448,93547600.0
2582,2009/04/24,179,83,624.0,222.0,1420.0,365,101655000.0
2583,2009/04/27,938,145,669.0,326.0,1392.0,933,120549000.0
2584,2009/04/28,263,156,640.0,240.0,1424.0,458,97539800.0
2585,2009/04/29,943,47,380.0,139.0,869.0,396,85246200.0
2586,2009/04/30,124,173,604.0,300.0,1259.0,747,101522400.0
2587,2009/05/01,775,140,324.0,206.0,327.0,586,106251600.0
2588,2009/05/04,714,168,993.0,351.0,1720.0,534,107844400.0
2589,2009/05/05,967,94,299.0,119.0,707.0,288,81682600.0
2590,2009/05/06,401,101,506.0,250.0,1019.0,376,83040000.0
2591,2009/05/07,972,85,528.0,206.0,1236.0,405,90019600.0
2592,2009/05/08,183,134,827.0,293.0,1707.0,496,101826200.0
2593,2009/05/11,637,143,665.0,268.0,1204.0,620,119582200.0
2594,2009/05/12,713,172,688.0,317.0,1435.0,535,90755200.0
2595,2009/05/13,117,262,358.0,383.0,377.0,603,91926600.0
2596,2009/05/14,769,86,369.0,151.0,882.0,493,94929400.0
2597,2009/05/15,948,100,419.0,228.0,923.0,527,102199600.0
2598,2009/05/18,854,119,537.0,192.0,1005.0,729,114706600.0
2599,2009/05/19,023,90,476.0,183.0,931.0,584,89222200.0
2600,2009/05/20,748,78,521.0,206.0,1072.0,342,90529000.0
2601,2009/05/21,125,169,910.0,340.0,1613.0,596,92152800.0
2602,2009/05/22,087,54,330.0,133.0,827.0,374,95328600.0
2603,2009/05/25,869,147,683.0,329.0,1282.0,693,116282200.0
2604,2009/05/26,870,115,376.0,200.0,770.0,755,92338400.0
2605,2009/05/27,412,133,566.0,290.0,1005.0,606,92868000.0
2606,2009/05/28,114,172,334.0,333.0,485.0,505,92181800.0
2607,2009/05/29,227,117,234.0,241.0,333.0,609,98901800.0
2608,2009/06/01,108,193,701.0,369.0,1126.0,638,117277400.0
2609,2009/06/02,679,98,463.0,249.0,877.0,536,90870400.0
2610,2009/06/03,643,113,533.0,233.0,1171.0,447,90904000.0
2611,2009/06/04,109,120,428.0,260.0,793.0,362,92676200.0
2612,2009/06/05,617,191,547.0,381.0,1133.0,677,96457600.0
2613,2009/06/08,831,215,893.0,347.0,1682.0,552,110909200.0
2614,2009/06/09,668,66,214.0,137.0,233.0,539,87291600.0
2615,2009/06/10,207,100,393.0,203.0,814.0,291,87481800.0
2616,2009/06/11,047,62,367.0,101.0,778.0,397,91720000.0
2617,2009/06/12,569,112,627.0,250.0,1222.0,953,96363000.0
2618,2009/06/15,759,98,604.0,218.0,1137.0,687,118523400.0
2619,2009/06/16,613,215,740.0,454.0,1445.0,529,93394800.0
2620,2009/06/17,275,87,647.0,192.0,1307.0,485,95357400.0
2621,2009/06/18,308,284,560.0,463.0,1002.0,562,96488800.0
2622,2009/06/19,354,61,514.0,145.0,1007.0,424,100677000.0
2623,2009/06/22,619,301,964.0,628.0,1462.0,568,114024200.0
2624,2009/06/23,875,97,499.0,261.0,1057.0,373,91143400.0
2625,2009/06/24,996,107,234.0,224.0,318.0,688,90534400.0
2626,2009/06/25,406,120,403.0,232.0,811.0,498,95460800.0
2627,2009/06/26,524,150,561.0,350.0,1156.0,580,99634200.0
2628,2009/06/29,209,253,670.0,298.0,1139.0,503,115602000.0
2629,2009/06/30,536,91,547.0,175.0,1151.0,569,93031400.0
2630,2009/07/01,934,77,433.0,146.0,982.0,406,93443000.0
2631,2009/07/02,066,104,228.0,123.0,351.0,599,95941400.0
2632,2009/07/03,175,167,1031.0,467.0,2023.0,629,100365400.0
2633,2009/07/06,814,206,1067.0,419.0,1782.0,834,117510000.0
2634,2009/07/07,548,66,412.0,172.0,711.0,536,92980000.0
2635,2009/07/08,974,78,569.0,206.0,1266.0,374,89782200.0
2636,2009/07/09,819,147,658.0,419.0,1472.0,458,92744000.0
2637,2009/07/10,818,173,302.0,310.0,369.0,654,97131200.0
2638,2009/07/13,658,120,694.0,221.0,1223.0,584,113765800.0
2639,2009/07/14,466,118,220.0,133.0,289.0,354,88065800.0
2640,2009/07/15,183,102,628.0,157.0,1314.0,423,88906600.0
2641,2009/07/16,781,130,862.0,196.0,2137.0,304,90775200.0
2642,2009/07/17,613,123,607.0,325.0,1284.0,421,97091800.0
2643,2009/07/20,381,162,1078.0,249.0,2122.0,276,101138600.0
2644,2009/07/21,605,64,327.0,158.0,700.0,348,81030800.0
2645,2009/07/22,923,119,572.0,289.0,1049.0,478,87539400.0
2646,2009/07/23,422,128,247.0,185.0,302.0,630,88024000.0
2647,2009/07/24,891,75,542.0,180.0,1348.0,337,93636200.0
2648,2009/07/27,089,108,739.0,244.0,1717.0,412,111219200.0
2649,2009/07/28,195,79,440.0,150.0,901.0,235,87489800.0
2650,2009/07/29,166,60,180.0,95.0,302.0,346,87237600.0
2651,2009/07/30,222,383,,,,430,90129200.0
2652,2009/07/31,236,189,751.0,435.0,1415.0,422,94099400.0
2653,2009/08/03,070,69,250.0,132.0,399.0,694,110131800.0
2654,2009/08/04,156,62,537.0,187.0,1174.0,443,85146200.0
2655,2009/08/05,809,89,438.0,248.0,949.0,372,86723800.0
2656,2009/08/06,196,115,716.0,268.0,1533.0,410,88045600.0
2657,2009/08/07,395,59,398.0,172.0,934.0,219,90064800.0
2658,2009/08/10,878,116,191.0,138.0,245.0,624,103659000.0
2659,2009/08/11,992,45,150.0,99.0,284.0,291,84780000.0
2660,2009/08/12,711,153,340.0,202.0,658.0,448,84176200.0
2661,2009/08/13,733,72,240.0,137.0,402.0,678,83645600.0
2662,2009/08/14,040,112,276.0,176.0,415.0,627,95427400.0
2663,2009/08/17,259,112,677.0,261.0,1254.0,464,112688600.0
2664,2009/08/18,382,88,628.0,213.0,1167.0,486,89095800.0
2665,2009/08/19,248,108,602.0,259.0,1204.0,451,87816800.0
2666,2009/08/20,271,75,636.0,175.0,1379.0,365,91683800.0
2667,2009/08/21,376,81,517.0,201.0,1096.0,420,96343200.0
2668,2009/08/24,436,125,710.0,217.0,1300.0,564,113719400.0
2669,2009/08/25,420,96,416.0,240.0,929.0,338,92503600.0
2670,2009/08/26,824,211,675.0,416.0,1172.0,513,92339400.0
2671,2009/08/27,434,78,194.0,119.0,251.0,479,94236600.0
2672,2009/08/28,565,129,312.0,205.0,396.0,656,99595400.0
2673,2009/08/31,935,207,641.0,242.0,1068.0,562,110360400.0
2674,2009/09/01,298,156,767.0,420.0,1594.0,753,90803000.0
2675,2009/09/02,130,122,525.0,187.0,974.0,314,92230600.0
2676,2009/09/03,805,132,563.0,239.0,1123.0,367,92330200.0
2677,2009/09/04,507,107,478.0,204.0,905.0,561,96668200.0
2678,2009/09/07,129,189,851.0,392.0,1507.0,585,113543000.0
2679,2009/09/08,833,64,208.0,101.0,298.0,545,86602600.0
2680,2009/09/09,760,42,331.0,100.0,770.0,346,88011600.0
2681,2009/09/10,469,107,571.0,344.0,1301.0,627,90831800.0
2682,2009/09/11,977,89,244.0,144.0,325.0,610,95905400.0
2683,2009/09/14,584,104,546.0,200.0,1014.0,443,110535800.0
2684,2009/09/15,336,140,182.0,140.0,248.0,524,85990400.0
2685,2009/09/16,624,184,749.0,294.0,1228.0,527,88585200.0
2686,2009/09/17,834,117,513.0,216.0,1040.0,591,92946800.0
2687,2009/09/18,032,64,446.0,140.0,915.0,611,96909600.0
2688,2009/09/21,799,85,211.0,107.0,302.0,632,101300800.0
2689,2009/09/22,728,87,526.0,319.0,978.0,478,77732400.0
2690,2009/09/23,565,69,169.0,92.0,217.0,348,79091200.0
2691,2009/09/24,446,108,290.0,225.0,372.0,673,90241000.0
2692,2009/09/25,225,237,343.0,326.0,476.0,705,99264800.0
2693,2009/09/28,545,130,360.0,203.0,341.0,511,116670400.0
2694,2009/09/29,076,56,267.0,108.0,612.0,434,89556400.0
2695,2009/09/30,368,148,708.0,402.0,1489.0,465,89297400.0
2696,2009/10/01,341,103,579.0,208.0,1145.0,429,95953200.0
2697,2009/10/02,684,98,536.0,179.0,1230.0,297,91142200.0
2698,2009/10/05,853,161,1193.0,295.0,2084.0,662,116916000.0
2699,2009/10/06,943,82,411.0,178.0,978.0,378,86456400.0
2700,2009/10/07,280,65,398.0,124.0,821.0,563,83559800.0
2701,2009/10/08,493,91,373.0,157.0,806.0,322,83953200.0
2702,2009/10/09,145,84,504.0,176.0,1129.0,478,95993600.0
2703,2009/10/12,721,189,776.0,301.0,1340.0,577,104986800.0
2704,2009/10/13,071,46,450.0,87.0,1089.0,300,81946800.0
2705,2009/10/14,767,110,254.0,174.0,358.0,433,85104600.0
2706,2009/10/15,951,61,532.0,131.0,1126.0,525,96296400.0
2707,2009/10/16,153,102,802.0,187.0,1528.0,408,100704600.0
2708,2009/10/19,113,229,397.0,397.0,512.0,797,116422600.0
2709,2009/10/20,493,53,457.0,154.0,969.0,269,90062600.0
2710,2009/10/21,295,54,613.0,171.0,1181.0,359,91409400.0
2711,2009/10/22,132,96,747.0,181.0,1553.0,790,93404800.0
2712,2009/10/23,659,97,487.0,166.0,897.0,351,100019400.0
2713,2009/10/26,572,129,978.0,239.0,1546.0,503,112517800.0
2714,2009/10/27,911,132,230.0,232.0,366.0,515,92338000.0
2715,2009/10/28,709,106,412.0,179.0,804.0,516,93550000.0
2716,2009/10/29,837,106,585.0,209.0,1261.0,460,95273600.0
2717,2009/10/30,803,108,719.0,278.0,1655.0,433,100621400.0
2718,2009/11/02,024,140,723.0,277.0,1388.0,750,117238000.0
2719,2009/11/03,505,82,173.0,144.0,197.0,285,82608800.0
2720,2009/11/04,747,75,187.0,124.0,231.0,464,89685800.0
2721,2009/11/05,414,144,287.0,303.0,374.0,626,95570000.0
2722,2009/11/06,578,88,483.0,208.0,1020.0,603,100540800.0
2723,2009/11/09,611,135,371.0,190.0,511.0,582,120085600.0
2724,2009/11/10,309,139,507.0,300.0,940.0,489,90066000.0
2725,2009/11/11,286,119,548.0,248.0,1148.0,510,83503600.0
2726,2009/11/12,977,64,187.0,82.0,303.0,402,90685800.0
2727,2009/11/13,864,116,561.0,188.0,1062.0,847,95510000.0
2728,2009/11/16,141,118,440.0,196.0,665.0,474,113536000.0
2729,2009/11/17,790,60,305.0,130.0,674.0,468,80123400.0
2730,2009/11/18,184,104,591.0,258.0,1294.0,270,86134400.0
2731,2009/11/19,204,75,379.0,162.0,879.0,294,85673400.0
2732,2009/11/20,967,57,404.0,156.0,879.0,385,93197000.0
2733,2009/11/23,887,85,265.0,133.0,364.0,393,99003400.0
2734,2009/11/24,702,64,393.0,163.0,753.0,425,84181200.0
2735,2009/11/25,660,151,355.0,269.0,341.0,283,89064200.0
2736,2009/11/26,973,70,417.0,142.0,942.0,445,91784000.0
2737,2009/11/27,342,72,579.0,155.0,1218.0,576,97113800.0
2738,2009/11/30,676,123,290.0,136.0,316.0,446,133853600.0
2739,2009/12/01,502,152,631.0,264.0,1235.0,333,102237600.0
2740,2009/12/02,875,93,569.0,216.0,961.0,520,100942800.0
2741,2009/12/03,640,92,420.0,156.0,756.0,313,95293800.0
2742,2009/12/04,606,133,333.0,231.0,449.0,413,106524200.0
2743,2009/12/07,026,131,924.0,260.0,1306.0,776,127767600.0
2744,2009/12/08,050,103,251.0,165.0,341.0,550,97430200.0
2745,2009/12/09,385,151,695.0,366.0,1240.0,419,95829400.0
2746,2009/12/10,967,61,435.0,200.0,975.0,439,101266200.0
2747,2009/12/11,941,121,723.0,155.0,1711.0,446,100670800.0
2748,2009/12/14,476,157,701.0,241.0,1306.0,596,125742200.0
2749,2009/12/15,437,120,584.0,219.0,1206.0,594,102243000.0
2750,2009/12/16,336,96,270.0,212.0,334.0,544,103346600.0
2751,2009/12/17,200,157,295.0,196.0,335.0,1102,103126200.0
2752,2009/12/18,589,110,583.0,288.0,1100.0,465,104892000.0
2753,2009/12/21,891,107,990.0,270.0,1971.0,556,125114000.0
2754,2009/12/22,551,138,292.0,191.0,438.0,511,100742000.0
2755,2009/12/23,198,113,479.0,234.0,1024.0,392,87827600.0
2756,2009/12/24,237,114,736.0,206.0,1564.0,372,101277000.0
2757,2009/12/25,756,115,589.0,244.0,1145.0,637,108618000.0
2758,2009/12/28,355,140,342.0,201.0,406.0,981,132611800.0
2759,2009/12/29,812,125,760.0,313.0,1616.0,822,102834400.0
2760,2009/12/30,552,104,281.0,165.0,416.0,929,102395600.0
2761,2010/01/04,232,92,380.0,163.0,544.0,538,105129200.0
2762,2010/01/05,619,138,534.0,305.0,1067.0,530,101334200.0
2763,2010/01/06,112,169,406.0,289.0,455.0,485,96610800.0
2764,2010/01/07,845,110,501.0,225.0,937.0,544,98562400.0
2765,2010/01/08,523,201,857.0,347.0,1488.0,752,106682200.0
2766,2010/01/11,032,102,848.0,196.0,1312.0,573,124364400.0
2767,2010/01/12,850,115,466.0,183.0,964.0,332,95423200.0
2768,2010/01/13,999,327,,,,693,93363800.0
2769,2010/01/14,900,255,449.0,325.0,684.0,804,94586800.0
2770,2010/01/15,271,174,666.0,247.0,1366.0,519,100970200.0
2771,2010/01/18,035,126,746.0,185.0,1114.0,613,125753600.0
2772,2010/01/19,579,105,516.0,231.0,884.0,414,95450800.0
2773,2010/01/20,919,135,218.0,237.0,292.0,518,98628400.0
2774,2010/01/21,236,150,669.0,286.0,1317.0,537,98320800.0
2775,2010/01/22,258,143,982.0,422.0,1621.0,589,103145000.0
2776,2010/01/25,029,132,658.0,290.0,1172.0,810,128994200.0
2777,2010/01/26,452,90,565.0,173.0,1158.0,504,100174600.0
2778,2010/01/27,227,144,345.0,260.0,340.0,652,100022000.0
2779,2010/01/28,422,105,268.0,197.0,321.0,692,100753000.0
2780,2010/01/29,562,90,727.0,217.0,1425.0,545,109481400.0
2781,2010/02/01,351,209,1319.0,283.0,2027.0,500,128211200.0
2782,2010/02/02,252,175,433.0,309.0,653.0,502,99036800.0
2783,2010/02/03,677,95,286.0,130.0,320.0,481,100196400.0
2784,2010/02/04,829,191,554.0,280.0,968.0,503,99462600.0
2785,2010/02/05,932,113,640.0,212.0,1248.0,952,102895400.0
2786,2010/02/08,747,132,272.0,190.0,322.0,630,126274400.0
2787,2010/02/09,350,83,471.0,142.0,863.0,438,100976800.0
2788,2010/02/10,295,139,1085.0,307.0,2207.0,417,100566800.0
2789,2010/02/11,726,126,545.0,300.0,1093.0,494,90693200.0
2790,2010/02/12,959,65,226.0,152.0,249.0,447,103592200.0
2791,2010/02/15,768,79,577.0,220.0,1040.0,655,130764000.0
2792,2010/02/16,135,149,838.0,257.0,1375.0,619,102138000.0
2793,2010/02/17,071,42,477.0,107.0,959.0,409,101386400.0
2794,2010/02/18,232,118,361.0,202.0,519.0,762,103307800.0
2795,2010/02/19,650,74,405.0,162.0,834.0,491,107516600.0
2796,2010/02/22,738,151,852.0,218.0,1324.0,706,137930200.0
2797,2010/02/23,063,76,487.0,125.0,1183.0,499,100804600.0
2798,2010/02/24,179,82,544.0,226.0,1166.0,601,101480600.0
2799,2010/02/25,389,113,677.0,231.0,1419.0,504,108084400.0
2800,2010/02/26,122,102,433.0,241.0,587.0,819,107862200.0
2801,2010/03/01,963,150,1103.0,252.0,1840.0,497,134633200.0
2802,2010/03/02,856,120,621.0,232.0,1105.0,591,102666000.0
2803,2010/03/03,581,80,553.0,163.0,1136.0,415,104677800.0
2804,2010/03/04,334,128,317.0,230.0,363.0,1064,102471200.0
2805,2010/03/05,066,136,438.0,224.0,606.0,698,109073200.0
2806,2010/03/08,117,363,491.0,617.0,508.0,932,126292200.0
2807,2010/03/09,640,74,322.0,140.0,687.0,387,87938400.0
2808,2010/03/10,848,69,178.0,119.0,290.0,505,93103800.0
2809,2010/03/11,484,177,400.0,279.0,519.0,545,99888000.0
2810,2010/03/12,527,223,938.0,397.0,1797.0,623,102935000.0
2811,2010/03/15,157,187,1090.0,404.0,2027.0,756,123228800.0
2812,2010/03/16,443,87,258.0,161.0,277.0,432,95726000.0
2813,2010/03/17,714,158,856.0,385.0,1522.0,522,97007800.0
2814,2010/03/18,921,119,579.0,231.0,1320.0,453,97053800.0
2815,2010/03/19,810,159,643.0,366.0,1179.0,445,102031600.0
2816,2010/03/22,507,85,474.0,176.0,882.0,446,107252800.0
2817,2010/03/23,999,273,,,,592,87997200.0
2818,2010/03/24,986,76,368.0,182.0,799.0,395,84709400.0
2819,2010/03/25,229,108,273.0,236.0,409.0,481,92145800.0
2820,2010/03/26,860,85,403.0,178.0,819.0,384,98679400.0
2821,2010/03/29,659,123,690.0,236.0,1181.0,566,117718400.0
2822,2010/03/30,463,113,548.0,186.0,1262.0,374,91612400.0
2823,2010/03/31,698,75,364.0,135.0,791.0,332,96250600.0
2824,2010/04/01,862,96,669.0,188.0,1325.0,329,96982600.0
2825,2010/04/02,848,70,230.0,136.0,280.0,494,101108000.0
2826,2010/04/05,258,234,1005.0,463.0,1462.0,654,122066200.0
2827,2010/04/06,638,174,845.0,399.0,1456.0,478,96039000.0
2828,2010/04/07,448,139,447.0,266.0,649.0,496,92346600.0
2829,2010/04/08,643,106,621.0,199.0,1162.0,394,97540000.0
2830,2010/04/09,629,127,714.0,352.0,1454.0,562,100824800.0
2831,2010/04/12,696,122,384.0,227.0,509.0,438,115585800.0
2832,2010/04/13,354,114,529.0,177.0,967.0,430,94455000.0
2833,2010/04/14,618,178,681.0,401.0,1242.0,555,93137200.0
2834,2010/04/15,815,142,583.0,299.0,978.0,657,102591200.0
2835,2010/04/16,558,129,401.0,263.0,425.0,489,104566200.0
2836,2010/04/19,420,250,807.0,435.0,1140.0,454,126186000.0
2837,2010/04/20,265,97,707.0,189.0,1297.0,378,94160800.0
2838,2010/04/21,304,77,382.0,163.0,745.0,400,97377400.0
2839,2010/04/22,928,111,458.0,235.0,1039.0,652,92737800.0
2840,2010/04/23,142,70,821.0,172.0,1549.0,619,105207800.0
2841,2010/04/26,954,102,663.0,204.0,1312.0,511,129020600.0
2842,2010/04/27,368,169,769.0,377.0,1471.0,640,94453800.0
2843,2010/04/28,802,78,382.0,203.0,847.0,321,98069800.0
2844,2010/04/29,371,143,615.0,234.0,1438.0,685,91709000.0
2845,2010/04/30,108,158,545.0,317.0,1018.0,510,105460200.0
2846,2010/05/03,802,94,579.0,224.0,891.0,328,107778200.0
2847,2010/05/04,916,111,511.0,276.0,995.0,427,84980600.0
2848,2010/05/05,948,66,364.0,157.0,762.0,674,85020200.0
2849,2010/05/06,041,64,566.0,120.0,1307.0,316,93467600.0
2850,2010/05/07,752,108,831.0,221.0,1625.0,603,99876600.0
2851,2010/05/10,227,223,470.0,352.0,418.0,773,122995000.0
2852,2010/05/11,162,70,651.0,194.0,1405.0,444,89798000.0
2853,2010/05/12,093,76,432.0,150.0,1037.0,423,91789200.0
2854,2010/05/13,949,89,218.0,146.0,307.0,565,92160800.0
2855,2010/05/14,428,147,819.0,458.0,1537.0,693,98160000.0
2856,2010/05/17,427,206,1008.0,398.0,1792.0,524,117511800.0
2857,2010/05/18,832,85,669.0,184.0,1440.0,683,90194600.0
2858,2010/05/19,514,174,564.0,383.0,922.0,480,86182400.0
2859,2010/05/20,919,122,201.0,189.0,189.0,438,89352000.0
2860,2010/05/21,803,116,599.0,290.0,1326.0,379,95919800.0
2861,2010/05/24,017,98,509.0,163.0,1048.0,543,106981000.0
2862,2010/05/25,786,67,356.0,128.0,803.0,473,90459200.0
2863,2010/05/26,417,155,638.0,371.0,1105.0,392,89149000.0
2864,2010/05/27,169,108,568.0,223.0,1186.0,613,95041000.0
2865,2010/05/28,589,64,503.0,210.0,999.0,429,98210400.0
2866,2010/05/31,182,85,957.0,180.0,1857.0,426,117854200.0
2867,2010/06/01,727,140,275.0,241.0,329.0,664,92615400.0
2868,2010/06/02,520,110,423.0,194.0,877.0,299,93188400.0
2869,2010/06/03,567,95,446.0,223.0,878.0,383,91812800.0
2870,2010/06/04,951,77,590.0,162.0,1193.0,450,98622400.0
2871,2010/06/07,895,83,542.0,171.0,1007.0,470,113140800.0
2872,2010/06/08,882,75,270.0,151.0,417.0,353,89588600.0
2873,2010/06/09,998,72,256.0,197.0,356.0,389,87829600.0
2874,2010/06/10,328,140,602.0,310.0,1149.0,666,93001000.0
2875,2010/06/11,239,127,569.0,236.0,1174.0,868,95796600.0
2876,2010/06/14,999,995,,,,580,108160800.0
2877,2010/06/15,313,152,195.0,159.0,327.0,507,90372400.0
2878,2010/06/16,168,138,593.0,274.0,1251.0,464,90102400.0
2879,2010/06/17,030,60,152.0,110.0,202.0,363,93833000.0
2880,2010/06/18,027,68,447.0,124.0,887.0,755,92614400.0
2881,2010/06/21,606,156,479.0,336.0,585.0,475,115803000.0
2882,2010/06/22,549,67,558.0,210.0,1005.0,407,88011000.0
2883,2010/06/23,091,66,469.0,132.0,1025.0,263,85977600.0
2884,2010/06/24,554,101,192.0,147.0,259.0,503,91726800.0
2885,2010/06/25,089,70,574.0,232.0,1468.0,463,96522600.0
2886,2010/06/28,505,245,313.0,289.0,327.0,514,113621800.0
2887,2010/06/29,554,77,221.0,125.0,228.0,298,87396800.0
2888,2010/06/30,497,56,455.0,192.0,1013.0,357,92977600.0
2889,2010/07/01,104,158,544.0,289.0,931.0,283,93831200.0
2890,2010/07/02,023,78,598.0,185.0,1226.0,635,96494000.0
2891,2010/07/05,458,109,631.0,216.0,1107.0,631,114166200.0
2892,2010/07/06,274,125,628.0,211.0,1250.0,664,90736000.0
2893,2010/07/07,458,81,423.0,215.0,795.0,367,89299800.0
2894,2010/07/08,824,142,804.0,333.0,1368.0,621,92913000.0
2895,2010/07/09,287,64,695.0,220.0,1471.0,427,95690400.0
2896,2010/07/12,867,79,529.0,160.0,984.0,533,113498200.0
2897,2010/07/13,105,114,410.0,267.0,745.0,259,89454200.0
2898,2010/07/14,890,72,571.0,313.0,1331.0,352,86650800.0
2899,2010/07/15,731,126,620.0,291.0,1225.0,531,93703200.0
2900,2010/07/16,395,81,501.0,225.0,1055.0,272,94928400.0
2901,2010/07/19,523,159,688.0,257.0,1168.0,530,97997800.0
2902,2010/07/20,883,73,240.0,174.0,334.0,363,84291600.0
2903,2010/07/21,548,106,645.0,241.0,1237.0,864,83285800.0
2904,2010/07/22,223,161,281.0,239.0,344.0,474,86728400.0
2905,2010/07/23,551,87,201.0,167.0,303.0,439,92610000.0
2906,2010/07/26,396,93,630.0,216.0,1380.0,418,107162600.0
2907,2010/07/27,216,191,511.0,257.0,1191.0,465,83935600.0
2908,2010/07/28,793,52,391.0,134.0,861.0,269,84304600.0
2909,2010/07/29,827,135,625.0,313.0,1282.0,927,86094600.0
2910,2010/07/30,990,137,243.0,159.0,290.0,280,93147000.0
2911,2010/08/02,539,115,624.0,224.0,1141.0,603,105216600.0
2912,2010/08/03,014,55,419.0,133.0,976.0,383,83058200.0
2913,2010/08/04,828,158,226.0,275.0,256.0,713,83186400.0
2914,2010/08/05,673,157,431.0,212.0,1051.0,541,85204600.0
2915,2010/08/06,011,59,222.0,78.0,318.0,466,87503200.0
2916,2010/08/09,076,86,485.0,133.0,916.0,524,99882200.0
2917,2010/08/10,403,60,299.0,162.0,689.0,337,81040000.0
2918,2010/08/11,054,53,332.0,116.0,830.0,450,81578800.0
2919,2010/08/12,607,63,326.0,147.0,772.0,329,83734800.0
2920,2010/08/13,424,110,210.0,147.0,268.0,559,95076200.0
2921,2010/08/16,232,186,397.0,247.0,534.0,905,110028600.0
2922,2010/08/17,193,107,499.0,270.0,1044.0,347,86477000.0
2923,2010/08/18,931,77,438.0,148.0,1042.0,393,85414200.0
2924,2010/08/19,633,60,224.0,116.0,305.0,726,89019400.0
2925,2010/08/20,092,88,429.0,156.0,932.0,446,95345800.0
2926,2010/08/23,530,138,590.0,236.0,985.0,435,109038200.0
2927,2010/08/24,553,96,261.0,173.0,343.0,487,84267400.0
2928,2010/08/25,371,101,545.0,195.0,1082.0,376,89937600.0
2929,2010/08/26,199,86,266.0,162.0,385.0,478,93411400.0
2930,2010/08/27,054,82,410.0,139.0,843.0,476,95110800.0
2931,2010/08/30,296,105,597.0,198.0,1130.0,376,111011800.0
2932,2010/08/31,551,133,235.0,170.0,303.0,393,88248000.0
2933,2010/09/01,698,82,363.0,133.0,724.0,551,89665600.0
2934,2010/09/02,496,56,418.0,168.0,934.0,296,91555200.0
2935,2010/09/03,685,102,602.0,175.0,1203.0,562,96140400.0
2936,2010/09/06,007,133,264.0,190.0,312.0,466,110824000.0
2937,2010/09/07,736,72,393.0,153.0,794.0,463,85287800.0
2938,2010/09/08,257,96,596.0,219.0,1091.0,419,81767000.0
2939,2010/09/09,119,194,379.0,313.0,476.0,520,91626200.0
2940,2010/09/10,221,128,279.0,203.0,380.0,586,93198600.0
2941,2010/09/13,393,127,368.0,205.0,585.0,612,108089200.0
2942,2010/09/14,257,105,499.0,210.0,926.0,323,84989800.0
2943,2010/09/15,884,116,309.0,134.0,292.0,454,88546800.0
2944,2010/09/16,442,130,300.0,230.0,358.0,719,86826000.0
2945,2010/09/17,961,134,652.0,162.0,1464.0,694,94936000.0
2946,2010/09/20,475,114,493.0,198.0,798.0,745,97028200.0
2947,2010/09/21,155,79,328.0,134.0,597.0,624,81989200.0
2948,2010/09/22,376,65,421.0,146.0,793.0,348,83503000.0
2949,2010/09/23,663,150,294.0,236.0,367.0,363,75231400.0
2950,2010/09/24,619,109,626.0,294.0,1204.0,439,92761400.0
2951,2010/09/27,188,123,277.0,176.0,437.0,667,106617000.0
2952,2010/09/28,072,90,488.0,179.0,975.0,422,82811600.0
2953,2010/09/29,214,135,487.0,212.0,963.0,451,86022200.0
2954,2010/09/30,618,129,518.0,340.0,965.0,516,85101200.0
2955,2010/10/01,433,74,241.0,134.0,324.0,648,94085400.0
2956,2010/10/04,496,67,553.0,177.0,996.0,577,109731600.0
2957,2010/10/05,196,88,718.0,248.0,1499.0,361,87644800.0
2958,2010/10/06,296,134,557.0,289.0,1012.0,531,87361200.0
2959,2010/10/07,581,93,545.0,204.0,1060.0,349,91768000.0
2960,2010/10/08,936,82,980.0,208.0,2433.0,482,93899400.0
2961,2010/10/11,870,126,477.0,197.0,929.0,645,101086200.0
2962,2010/10/12,915,97,491.0,239.0,889.0,406,80129800.0
2963,2010/10/13,851,59,523.0,154.0,1255.0,427,83315200.0
2964,2010/10/14,722,150,268.0,159.0,398.0,519,86797800.0
2965,2010/10/15,368,132,747.0,392.0,1514.0,502,97841400.0
2966,2010/10/18,680,73,465.0,176.0,868.0,431,113178000.0
2967,2010/10/19,435,89,433.0,200.0,822.0,478,87253800.0
2968,2010/10/20,611,84,247.0,137.0,343.0,395,86186400.0
2969,2010/10/21,704,93,366.0,215.0,923.0,392,87297800.0
2970,2010/10/22,932,60,579.0,174.0,1303.0,640,92208400.0
2971,2010/10/25,228,158,318.0,271.0,349.0,704,109891000.0
2972,2010/10/26,207,88,400.0,196.0,755.0,292,85647600.0
2973,2010/10/27,227,233,306.0,342.0,372.0,771,86555400.0
2974,2010/10/28,666,547,,,,516,84258800.0
2975,2010/10/29,254,72,419.0,180.0,1040.0,631,93616400.0
2976,2010/11/01,204,112,597.0,251.0,1161.0,297,110020400.0
2977,2010/11/02,880,101,241.0,138.0,347.0,303,90372000.0
2978,2010/11/03,895,47,344.0,136.0,765.0,430,81739600.0
2979,2010/11/04,624,138,644.0,267.0,1071.0,607,89581800.0
2980,2010/11/05,676,51,213.0,122.0,245.0,473,95653000.0
2981,2010/11/08,742,125,1055.0,259.0,1933.0,684,113440800.0
2982,2010/11/09,503,107,432.0,200.0,789.0,382,84902200.0
2983,2010/11/10,279,103,579.0,257.0,1305.0,452,87135000.0
2984,2010/11/11,692,67,566.0,181.0,1292.0,409,89619200.0
2985,2010/11/12,719,101,502.0,265.0,964.0,523,93324400.0
2986,2010/11/15,656,125,231.0,157.0,288.0,543,108877800.0
2987,2010/11/16,139,73,521.0,166.0,1023.0,445,85966400.0
2988,2010/11/17,703,186,484.0,377.0,923.0,260,84164200.0
2989,2010/11/18,697,116,591.0,216.0,1238.0,321,87140600.0
2990,2010/11/19,345,90,464.0,209.0,791.0,591,92804800.0
2991,2010/11/22,272,156,484.0,206.0,718.0,566,107712600.0
2992,2010/11/23,153,94,628.0,165.0,1302.0,410,78456200.0
2993,2010/11/24,448,89,248.0,162.0,258.0,613,85128600.0
2994,2010/11/25,731,120,669.0,249.0,1151.0,446,91304200.0
2995,2010/11/26,897,95,517.0,276.0,1165.0,326,94959400.0
2996,2010/11/29,920,173,592.0,257.0,1075.0,526,110608400.0
2997,2010/11/30,852,81,789.0,179.0,1431.0,382,87105000.0
2998,2010/12/01,355,103,220.0,132.0,308.0,578,91438000.0
2999,2010/12/02,551,267,366.0,370.0,379.0,415,89363800.0
3000,2010/12/03,206,76,382.0,245.0,814.0,419,93484400.0
3001,2010/12/06,971,86,735.0,155.0,1355.0,408,115552200.0
3002,2010/12/07,947,48,424.0,157.0,886.0,568,86866200.0
3003,2010/12/08,583,107,904.0,291.0,1955.0,414,87787800.0
3004,2010/12/09,074,62,334.0,105.0,696.0,359,88062400.0
3005,2010/12/10,943,102,489.0,261.0,1151.0,456,97387200.0
3006,2010/12/13,180,104,621.0,179.0,1248.0,453,109514200.0
3007,2010/12/14,435,71,520.0,202.0,921.0,612,87495800.0
3008,2010/12/15,393,70,200.0,132.0,331.0,488,96538200.0
3009,2010/12/16,665,106,180.0,130.0,306.0,547,96534600.0
3010,2010/12/17,069,71,419.0,184.0,879.0,687,102241800.0
3011,2010/12/20,810,139,644.0,281.0,1164.0,720,123390200.0
3012,2010/12/21,554,152,242.0,200.0,260.0,622,93253400.0
3013,2010/12/22,819,113,830.0,369.0,1794.0,570,95398800.0
3014,2010/12/23,016,63,509.0,152.0,1099.0,375,90054600.0
3015,2010/12/24,157,106,790.0,306.0,1664.0,586,104947000.0
3016,2010/12/27,384,162,684.0,253.0,1204.0,597,119738000.0
3017,2010/12/28,176,66,457.0,142.0,1074.0,462,96828200.0
3018,2010/12/29,749,85,469.0,215.0,1079.0,464,97329600.0
3019,2010/12/30,349,78,524.0,191.0,1122.0,349,99018000.0
3020,2011/01/04,534,102,769.0,267.0,1396.0,556,101301400.0
3021,2011/01/05,692,118,661.0,219.0,1475.0,453,93325600.0
3022,2011/01/06,880,64,239.0,125.0,334.0,301,94329800.0
3023,2011/01/07,775,119,316.0,221.0,329.0,815,99105600.0
3024,2011/01/10,975,90,654.0,192.0,1185.0,399,114592200.0
3025,2011/01/11,757,104,268.0,180.0,374.0,570,94482800.0
3026,2011/01/12,282,47,234.0,98.0,430.0,441,93355400.0
3027,2011/01/13,798,86,589.0,218.0,1074.0,516,95050400.0
3028,2011/01/14,449,75,270.0,172.0,394.0,475,100635800.0
3029,2011/01/17,525,223,385.0,273.0,366.0,914,115320000.0
3030,2011/01/18,691,81,695.0,219.0,1623.0,336,90998400.0
3031,2011/01/19,424,121,249.0,173.0,245.0,616,91381000.0
3032,2011/01/20,353,200,454.0,313.0,550.0,514,94412400.0
3033,2011/01/21,923,137,516.0,273.0,1021.0,729,101995600.0
3034,2011/01/24,193,164,852.0,384.0,1358.0,496,119887600.0
3035,2011/01/25,269,119,636.0,310.0,1311.0,698,95607000.0
3036,2011/01/26,099,90,269.0,162.0,364.0,580,94239000.0
3037,2011/01/27,479,119,549.0,237.0,1003.0,451,96269400.0
3038,2011/01/28,222,555,,,,601,99735400.0
3039,2011/01/31,819,120,770.0,361.0,1438.0,782,114974400.0
3040,2011/02/01,110,152,276.0,259.0,277.0,363,92130800.0
3041,2011/02/02,594,122,479.0,179.0,810.0,1023,93621600.0
3042,2011/02/03,327,163,679.0,351.0,1347.0,722,95889400.0
3043,2011/02/04,761,64,556.0,153.0,1194.0,396,99955600.0
3044,2011/02/07,628,228,858.0,338.0,1416.0,734,120742800.0
3045,2011/02/08,166,76,263.0,132.0,403.0,473,90710600.0
3046,2011/02/09,576,62,516.0,144.0,922.0,517,90268600.0
3047,2011/02/10,841,98,553.0,254.0,1232.0,474,96526200.0
3048,2011/02/11,946,55,540.0,173.0,1165.0,694,83240600.0
3049,2011/02/14,457,101,598.0,278.0,1001.0,662,111313600.0
3050,2011/02/15,047,69,379.0,118.0,750.0,422,98117800.0
3051,2011/02/16,205,220,457.0,268.0,860.0,608,99530800.0
3052,2011/02/17,263,82,730.0,174.0,1590.0,470,97823400.0
3053,2011/02/18,080,76,289.0,198.0,305.0,429,101853600.0
3054,2011/02/21,008,101,314.0,172.0,400.0,584,121701200.0
3055,2011/02/22,402,88,488.0,241.0,965.0,398,94639800.0
3056,2011/02/23,374,129,494.0,296.0,1044.0,479,93479200.0
3057,2011/02/24,004,86,260.0,134.0,352.0,314,93498600.0
3058,2011/02/25,475,109,501.0,216.0,885.0,602,104472400.0
3059,2011/02/28,345,248,1029.0,580.0,1532.0,763,120417600.0
3060,2011/03/01,082,54,518.0,107.0,965.0,411,94166600.0
3061,2011/03/02,331,164,337.0,288.0,385.0,682,95738000.0
3062,2011/03/03,806,75,339.0,201.0,654.0,342,96154000.0
3063,2011/03/04,545,76,271.0,142.0,415.0,448,100250600.0
3064,2011/03/07,976,146,652.0,228.0,1379.0,720,117274800.0
3065,2011/03/08,152,58,533.0,133.0,1222.0,414,93360000.0
3066,2011/03/09,215,161,570.0,260.0,1103.0,526,90555000.0
3067,2011/03/10,724,161,730.0,357.0,1390.0,573,95835000.0
3068,2011/03/11,437,81,473.0,202.0,949.0,604,79573000.0
3069,2011/03/14,635,110,585.0,162.0,1129.0,462,86915800.0
3070,2011/03/15,746,96,424.0,231.0,829.0,559,74154200.0
3071,2011/03/16,402,81,349.0,173.0,735.0,240,73644800.0
3072,2011/03/17,557,83,241.0,160.0,241.0,543,75047400.0
3073,2011/03/18,095,45,343.0,116.0,650.0,423,82007200.0
3074,2011/03/21,138,141,848.0,238.0,1770.0,814,89557600.0
3075,2011/03/22,318,226,988.0,561.0,2100.0,580,76950600.0
3076,2011/03/23,261,59,485.0,148.0,1078.0,425,79638400.0
3077,2011/03/24,704,67,441.0,223.0,806.0,317,83629400.0
3078,2011/03/25,298,75,484.0,210.0,1153.0,347,90802600.0
3079,2011/03/28,335,155,321.0,252.0,353.0,690,109550800.0
3080,2011/03/29,680,109,344.0,163.0,767.0,552,83951800.0
3081,2011/03/30,352,100,584.0,176.0,1240.0,394,85283800.0
3082,2011/03/31,225,160,379.0,282.0,429.0,610,88302800.0
3083,2011/04/01,929,124,231.0,227.0,294.0,583,94157600.0
3084,2011/04/04,643,93,691.0,200.0,1370.0,611,105770400.0
3085,2011/04/05,303,90,258.0,198.0,395.0,345,84810200.0
3086,2011/04/06,763,87,469.0,179.0,872.0,408,86231800.0
3087,2011/04/07,360,54,435.0,139.0,1094.0,305,87173200.0
3088,2011/04/08,061,63,399.0,114.0,917.0,252,89164000.0
3089,2011/04/11,495,111,609.0,174.0,1059.0,458,106686600.0
3090,2011/04/12,657,79,529.0,162.0,894.0,768,81935400.0
3091,2011/04/13,200,99,167.0,132.0,206.0,749,84377600.0
3092,2011/04/14,963,96,632.0,204.0,1307.0,332,84420800.0
3093,2011/04/15,788,73,248.0,127.0,334.0,537,97282800.0
3094,2011/04/18,504,122,514.0,220.0,968.0,420,111672200.0
3095,2011/04/19,150,76,395.0,150.0,861.0,428,83179600.0
3096,2011/04/20,929,72,166.0,148.0,241.0,504,89333600.0
3097,2011/04/21,339,133,294.0,207.0,293.0,526,89480400.0
3098,2011/04/22,509,100,411.0,209.0,704.0,548,92742400.0
3099,2011/04/25,657,99,613.0,170.0,999.0,696,110323600.0
3100,2011/04/26,092,60,427.0,150.0,813.0,415,89449400.0
3101,2011/04/27,066,86,421.0,214.0,576.0,429,89347000.0
3102,2011/04/28,024,95,633.0,171.0,1325.0,625,93204400.0
3103,2011/04/29,355,71,257.0,149.0,297.0,537,87750400.0
3104,2011/05/02,606,172,442.0,301.0,570.0,477,112995800.0
3105,2011/05/03,192,58,437.0,152.0,855.0,262,75951800.0
3106,2011/05/04,807,72,367.0,145.0,737.0,333,79420800.0
3107,2011/05/05,586,75,447.0,158.0,775.0,354,80709800.0
3108,2011/05/06,500,114,273.0,182.0,386.0,575,90562000.0
3109,2011/05/09,869,100,512.0,224.0,898.0,650,105915200.0
3110,2011/05/10,447,92,212.0,150.0,291.0,452,81158400.0
3111,2011/05/11,671,46,350.0,121.0,864.0,631,78882200.0
3112,2011/05/12,514,175,547.0,322.0,881.0,657,83638800.0
3113,2011/05/13,574,42,497.0,160.0,1161.0,406,91813400.0
3114,2011/05/16,705,137,491.0,241.0,949.0,608,106798600.0
3115,2011/05/17,310,99,402.0,228.0,809.0,356,81023800.0
3116,2011/05/18,074,65,409.0,129.0,890.0,321,83421000.0
3117,2011/05/19,674,67,442.0,147.0,849.0,329,84357600.0
3118,2011/05/20,966,51,257.0,134.0,323.0,475,90701200.0
3119,2011/05/23,995,113,237.0,174.0,231.0,474,99783600.0
3120,2011/05/24,362,70,541.0,154.0,1155.0,320,80839600.0
3121,2011/05/25,655,43,297.0,147.0,315.0,501,87236000.0
3122,2011/05/26,199,43,210.0,100.0,311.0,497,86913800.0
3123,2011/05/27,359,92,512.0,258.0,1054.0,514,92211000.0
3124,2011/05/30,091,66,609.0,164.0,1150.0,335,104400400.0
3125,2011/05/31,253,111,599.0,208.0,1122.0,499,85811400.0
3126,2011/06/01,082,63,514.0,151.0,1031.0,509,86971400.0
3127,2011/06/02,168,94,553.0,246.0,1218.0,522,86043600.0
3128,2011/06/03,719,99,536.0,271.0,985.0,537,93809600.0
3129,2011/06/06,580,96,554.0,167.0,1000.0,423,104925600.0
3130,2011/06/07,998,73,201.0,131.0,206.0,419,81155000.0
3131,2011/06/08,910,87,568.0,215.0,1098.0,348,85221200.0
3132,2011/06/09,600,87,163.0,129.0,266.0,703,85369400.0
3133,2011/06/10,922,81,198.0,188.0,288.0,573,90799600.0
3134,2011/06/13,201,102,720.0,232.0,1214.0,587,102742000.0
3135,2011/06/14,655,64,217.0,111.0,250.0,603,80811200.0
3136,2011/06/15,944,90,202.0,162.0,303.0,1195,92817000.0
3137,2011/06/16,397,67,457.0,176.0,835.0,328,89406400.0
3138,2011/06/17,005,81,166.0,91.0,220.0,444,94949600.0
3139,2011/06/20,714,155,809.0,354.0,1372.0,512,110825200.0
3140,2011/06/21,643,63,514.0,184.0,1089.0,422,86476400.0
3141,2011/06/22,324,125,530.0,310.0,1003.0,615,87650400.0
3142,2011/06/23,845,94,453.0,254.0,851.0,487,87500800.0
3143,2011/06/24,997,85,231.0,188.0,287.0,369,93989800.0
3144,2011/06/27,674,82,614.0,191.0,1092.0,680,109576000.0
3145,2011/06/28,734,79,574.0,210.0,1165.0,575,85054000.0
3146,2011/06/29,210,107,422.0,171.0,808.0,383,85957200.0
3147,2011/06/30,825,122,626.0,304.0,1238.0,586,87640400.0
3148,2011/07/01,872,50,563.0,166.0,1283.0,513,92754400.0
3149,2011/07/04,140,76,635.0,174.0,1195.0,441,106698000.0
3150,2011/07/05,833,54,235.0,88.0,313.0,760,83984800.0
3151,2011/07/06,408,96,393.0,216.0,753.0,461,84832400.0
3152,2011/07/07,594,94,520.0,249.0,917.0,452,86552400.0
3153,2011/07/08,827,136,541.0,291.0,1015.0,704,92657200.0
3154,2011/07/11,161,105,311.0,145.0,488.0,742,103161200.0
3155,2011/07/12,747,97,224.0,145.0,260.0,419,80511200.0
3156,2011/07/13,366,61,238.0,150.0,290.0,735,82102800.0
3157,2011/07/14,973,44,414.0,118.0,844.0,452,83459200.0
3158,2011/07/15,291,110,508.0,259.0,1112.0,363,89977400.0
3159,2011/07/18,988,105,297.0,147.0,364.0,628,91320800.0
3160,2011/07/19,194,90,334.0,215.0,723.0,342,71327400.0
3161,2011/07/20,319,99,503.0,246.0,1030.0,682,78687400.0
3162,2011/07/21,534,54,531.0,220.0,1155.0,381,84569800.0
3163,2011/07/22,571,91,648.0,228.0,1448.0,408,89119200.0
3164,2011/07/25,420,160,695.0,325.0,1242.0,438,102956200.0
3165,2011/07/26,954,59,412.0,156.0,827.0,589,79999800.0
3166,2011/07/27,706,80,302.0,182.0,757.0,404,83613400.0
3167,2011/07/28,759,48,482.0,174.0,860.0,355,83648200.0
3168,2011/07/29,622,120,326.0,273.0,485.0,639,90868000.0
3169,2011/08/01,983,68,528.0,103.0,1182.0,516,103233000.0
3170,2011/08/02,006,70,175.0,128.0,229.0,256,80452600.0
3171,2011/08/03,981,53,592.0,124.0,1456.0,320,80221600.0
3172,2011/08/04,815,149,492.0,375.0,916.0,540,82423600.0
3173,2011/08/05,811,144,330.0,231.0,466.0,676,85349600.0
3174,2011/08/08,449,67,236.0,154.0,316.0,491,96110600.0
3175,2011/08/09,676,58,203.0,136.0,233.0,457,75176800.0
3176,2011/08/10,662,52,174.0,101.0,278.0,353,78591400.0
3177,2011/08/11,376,47,357.0,172.0,770.0,354,79330000.0
3178,2011/08/12,767,178,410.0,255.0,444.0,604,83872400.0
3179,2011/08/15,391,90,584.0,180.0,1272.0,480,98906000.0
3180,2011/08/16,293,100,486.0,165.0,1023.0,485,83022600.0
3181,2011/08/17,220,93,283.0,216.0,294.0,371,85504000.0
3182,2011/08/18,393,144,447.0,303.0,575.0,441,84402000.0
3183,2011/08/19,508,181,463.0,292.0,778.0,545,88361800.0
3184,2011/08/22,142,79,689.0,119.0,1196.0,592,104111200.0
3185,2011/08/23,183,72,594.0,155.0,1233.0,326,79645000.0
3186,2011/08/24,863,79,520.0,197.0,1274.0,370,82211400.0
3187,2011/08/25,267,70,535.0,180.0,1135.0,400,87922000.0
3188,2011/08/26,703,157,407.0,313.0,747.0,394,90478800.0
3189,2011/08/29,922,104,326.0,262.0,403.0,567,107213600.0
3190,2011/08/30,891,85,675.0,243.0,1580.0,411,82912200.0
3191,2011/08/31,725,141,639.0,298.0,1092.0,522,87472800.0
3192,2011/09/01,469,140,499.0,236.0,1038.0,562,86900600.0
3193,2011/09/02,674,92,425.0,243.0,857.0,754,87270200.0
3194,2011/09/05,262,95,280.0,145.0,554.0,432,103995800.0
3195,2011/09/06,464,119,264.0,150.0,333.0,514,82983000.0
3196,2011/09/07,854,64,432.0,140.0,984.0,496,87977000.0
3197,2011/09/08,401,87,511.0,210.0,1030.0,315,86585400.0
3198,2011/09/09,007,105,313.0,160.0,358.0,351,92015600.0
3199,2011/09/12,425,121,648.0,286.0,1061.0,522,104230800.0
3200,2011/09/13,705,88,337.0,187.0,616.0,343,81607000.0
3201,2011/09/14,286,67,466.0,182.0,961.0,395,83077000.0
3202,2011/09/15,606,101,411.0,260.0,453.0,341,85220800.0
3203,2011/09/16,966,89,256.0,153.0,342.0,731,88210000.0
3204,2011/09/19,203,89,464.0,179.0,929.0,405,94058000.0
3205,2011/09/20,316,106,514.0,297.0,961.0,382,75355000.0
3206,2011/09/21,874,54,421.0,160.0,934.0,451,68610000.0
3207,2011/09/22,251,96,570.0,141.0,1159.0,428,85813000.0
3208,2011/09/23,703,134,388.0,282.0,736.0,346,81096800.0
3209,2011/09/26,180,99,719.0,192.0,1338.0,399,105697000.0
3210,2011/09/27,679,57,386.0,212.0,839.0,366,81236400.0
3211,2011/09/28,232,94,293.0,163.0,451.0,809,83670200.0
3212,2011/09/29,404,183,296.0,203.0,375.0,498,85142200.0
3213,2011/09/30,978,59,442.0,200.0,906.0,728,88700600.0
3214,2011/10/03,418,201,737.0,441.0,1199.0,640,105047600.0
3215,2011/10/04,854,72,545.0,201.0,1030.0,444,80323800.0
3216,2011/10/05,256,91,511.0,208.0,1207.0,402,79319600.0
3217,2011/10/06,047,85,472.0,183.0,1002.0,637,84693600.0
3218,2011/10/07,208,106,477.0,245.0,973.0,569,89636600.0
3219,2011/10/10,393,101,382.0,218.0,441.0,604,94818600.0
3220,2011/10/11,644,51,175.0,86.0,256.0,506,75297400.0
3221,2011/10/12,353,66,273.0,129.0,332.0,353,79843800.0
3222,2011/10/13,589,85,355.0,215.0,699.0,440,83150200.0
3223,2011/10/14,680,57,384.0,165.0,811.0,387,91653800.0
3224,2011/10/17,957,91,621.0,160.0,1124.0,606,108531000.0
3225,2011/10/18,082,61,396.0,104.0,911.0,340,82630800.0
3226,2011/10/19,237,75,519.0,195.0,1127.0,462,84528600.0
3227,2011/10/20,087,56,343.0,155.0,833.0,400,87140600.0
3228,2011/10/21,859,65,420.0,162.0,919.0,383,90855200.0
3229,2011/10/24,369,250,820.0,449.0,1403.0,611,108127200.0
3230,2011/10/25,760,43,379.0,108.0,755.0,255,85252200.0
3231,2011/10/26,877,78,302.0,134.0,455.0,744,88508600.0
3232,2011/10/27,856,73,649.0,206.0,1219.0,369,89631800.0
3233,2011/10/28,677,112,326.0,174.0,491.0,462,94835200.0
3234,2011/10/31,488,83,295.0,141.0,335.0,707,111699800.0
3235,2011/11/01,740,54,433.0,124.0,945.0,340,88207200.0
3236,2011/11/02,569,71,555.0,273.0,1103.0,498,90684800.0
3237,2011/11/03,750,86,507.0,219.0,953.0,368,84531800.0
3238,2011/11/04,218,145,681.0,337.0,1280.0,554,96731400.0
3239,2011/11/07,770,191,342.0,322.0,406.0,599,109713800.0
3240,2011/11/08,711,92,554.0,207.0,738.0,570,85877600.0
3241,2011/11/09,252,98,270.0,157.0,408.0,379,85160000.0
3242,2011/11/10,901,79,431.0,194.0,989.0,323,86963000.0
3243,2011/11/11,798,81,564.0,232.0,992.0,447,86460000.0
3244,2011/11/14,124,152,764.0,289.0,1107.0,938,104740000.0
3245,2011/11/15,103,109,435.0,244.0,877.0,455,80996400.0
3246,2011/11/16,213,128,843.0,315.0,1533.0,469,81702400.0
3247,2011/11/17,660,116,441.0,299.0,513.0,295,83403200.0
3248,2011/11/18,875,150,557.0,280.0,1190.0,671,85685800.0
3249,2011/11/21,984,73,549.0,177.0,1072.0,401,97691400.0
3250,2011/11/22,835,68,581.0,213.0,1370.0,537,77365600.0
3251,2011/11/23,347,80,486.0,218.0,1005.0,454,71035200.0
3252,2011/11/24,642,59,681.0,178.0,1373.0,406,79517000.0
3253,2011/11/25,090,87,261.0,168.0,367.0,438,88075400.0
3254,2011/11/28,180,89,845.0,235.0,1611.0,549,100742800.0
3255,2011/11/29,861,51,474.0,130.0,1165.0,329,78454000.0
3256,2011/11/30,267,87,634.0,254.0,1256.0,385,83091800.0
3257,2011/12/01,300,80,249.0,104.0,220.0,702,84454400.0
3258,2011/12/02,883,80,228.0,159.0,272.0,349,86351200.0
3259,2011/12/05,048,63,498.0,197.0,1037.0,708,103183200.0
3260,2011/12/06,603,63,435.0,175.0,920.0,382,78548600.0
3261,2011/12/07,318,137,562.0,381.0,1278.0,457,84078200.0
3262,2011/12/08,174,83,608.0,185.0,1394.0,658,80373200.0
3263,2011/12/09,166,68,227.0,176.0,472.0,715,89516000.0
3264,2011/12/12,188,131,338.0,233.0,452.0,607,105170400.0
3265,2011/12/13,317,107,499.0,278.0,950.0,515,82633400.0
3266,2011/12/14,029,70,484.0,203.0,891.0,603,83496400.0
3267,2011/12/15,409,112,472.0,289.0,949.0,521,91657600.0
3268,2011/12/16,591,78,539.0,201.0,1140.0,446,94469600.0
3269,2011/12/19,526,134,737.0,269.0,1336.0,762,110694400.0
3270,2011/12/20,853,90,696.0,219.0,1409.0,545,84470000.0
3271,2011/12/21,198,128,910.0,491.0,1932.0,374,89174000.0
3272,2011/12/22,045,67,390.0,150.0,832.0,506,90830800.0
3273,2011/12/23,427,120,740.0,414.0,1592.0,523,85813400.0
3274,2011/12/26,029,83,488.0,187.0,987.0,964,108141800.0
3275,2011/12/27,941,46,496.0,125.0,1137.0,340,87351400.0
3276,2011/12/28,228,119,307.0,294.0,329.0,700,91986600.0
3277,2011/12/29,389,72,458.0,228.0,1090.0,390,93821400.0
3278,2011/12/30,786,53,455.0,144.0,972.0,312,95118000.0
3279,2012/01/04,416,203,639.0,300.0,1264.0,438,89282600.0
3280,2012/01/05,447,88,237.0,194.0,264.0,525,88817000.0
3281,2012/01/06,458,155,768.0,356.0,1335.0,734,94602000.0
3282,2012/01/09,965,120,853.0,185.0,1595.0,554,109375000.0
3283,2012/01/10,813,104,736.0,283.0,1254.0,358,88775800.0
3284,2012/01/11,861,71,616.0,157.0,1334.0,322,88712400.0
3285,2012/01/12,552,83,270.0,160.0,345.0,418,88979800.0
3286,2012/01/13,910,100,491.0,222.0,1124.0,407,94010200.0
3287,2012/01/16,674,232,681.0,363.0,1113.0,845,110804600.0
3288,2012/01/17,398,100,493.0,204.0,899.0,384,85753400.0
3289,2012/01/18,093,68,403.0,181.0,964.0,303,86676400.0
3290,2012/01/19,251,64,618.0,233.0,1394.0,400,84912400.0
3291,2012/01/20,556,114,256.0,155.0,282.0,420,88297600.0
3292,2012/01/23,707,174,258.0,235.0,296.0,601,107134200.0
3293,2012/01/24,478,95,511.0,290.0,877.0,510,80168200.0
3294,2012/01/25,017,57,385.0,134.0,883.0,366,86541400.0
3295,2012/01/26,233,101,242.0,136.0,415.0,864,87624600.0
3296,2012/01/27,079,39,348.0,143.0,827.0,452,93414400.0
3297,2012/01/30,181,126,324.0,190.0,508.0,622,108787400.0
3298,2012/01/31,718,115,657.0,331.0,1315.0,649,84905400.0
3299,2012/02/01,076,73,396.0,185.0,888.0,443,86377000.0
3300,2012/02/02,782,52,476.0,149.0,1137.0,351,85096200.0
3301,2012/02/03,768,75,557.0,202.0,1099.0,553,92575200.0
3302,2012/02/06,871,84,829.0,216.0,1639.0,488,108445200.0
3303,2012/02/07,933,63,209.0,95.0,360.0,478,83571400.0
3304,2012/02/08,890,73,616.0,244.0,1345.0,334,86176000.0
3305,2012/02/09,359,85,518.0,232.0,1048.0,452,86211400.0
3306,2012/02/10,005,68,213.0,136.0,276.0,488,93041200.0
3307,2012/02/13,732,81,654.0,170.0,1427.0,612,105545400.0
3308,2012/02/14,219,121,525.0,276.0,1019.0,516,78508000.0
3309,2012/02/15,059,70,433.0,155.0,1000.0,286,90088800.0
3310,2012/02/16,668,65,226.0,142.0,270.0,457,91216800.0
3311,2012/02/17,629,89,581.0,283.0,1248.0,587,95027000.0
3312,2012/02/20,563,111,642.0,216.0,1071.0,564,111848600.0
3313,2012/02/21,126,148,607.0,277.0,1144.0,555,86367400.0
3314,2012/02/22,141,82,293.0,175.0,460.0,549,89359600.0
3315,2012/02/23,366,53,199.0,123.0,204.0,607,84858600.0
3316,2012/02/24,267,79,642.0,246.0,1298.0,524,96871000.0
3317,2012/02/27,343,137,267.0,180.0,274.0,508,112204800.0
3318,2012/02/28,490,80,389.0,173.0,870.0,294,87008000.0
3319,2012/02/29,874,142,476.0,243.0,1073.0,781,84375600.0
3320,2012/03/01,012,75,422.0,174.0,789.0,818,91069000.0
3321,2012/03/02,007,90,272.0,209.0,344.0,362,90368200.0
3322,2012/03/05,976,73,559.0,217.0,1046.0,534,106457600.0
3323,2012/03/06,833,60,180.0,83.0,286.0,648,85507800.0
3324,2012/03/07,017,62,339.0,151.0,852.0,444,87634200.0
3325,2012/03/08,940,51,304.0,114.0,657.0,338,89485800.0
3326,2012/03/09,422,110,270.0,217.0,319.0,616,89430600.0
3327,2012/03/12,771,95,287.0,130.0,405.0,449,106814200.0
3328,2012/03/13,300,62,233.0,113.0,227.0,749,83271600.0
3329,2012/03/14,906,58,437.0,141.0,890.0,336,86167600.0
3330,2012/03/15,552,83,339.0,154.0,380.0,545,85485400.0
3331,2012/03/16,136,86,857.0,212.0,1885.0,613,90070200.0
3332,2012/03/19,160,96,544.0,150.0,1166.0,367,103525400.0
3333,2012/03/20,800,77,238.0,103.0,286.0,540,74843200.0
3334,2012/03/21,241,72,474.0,168.0,1037.0,286,81948600.0
3335,2012/03/22,158,97,447.0,165.0,965.0,470,83668600.0
3336,2012/03/23,228,93,235.0,198.0,332.0,502,85334200.0
3337,2012/03/26,226,173,337.0,280.0,361.0,633,105456800.0
3338,2012/03/27,599,83,173.0,103.0,232.0,848,81559600.0
3339,2012/03/28,124,84,433.0,223.0,848.0,541,84629600.0
3340,2012/03/29,594,60,473.0,212.0,947.0,350,86124000.0
3341,2012/03/30,627,118,546.0,248.0,998.0,725,93287800.0
3342,2012/04/02,860,94,514.0,222.0,928.0,375,107226600.0
3343,2012/04/03,766,61,222.0,95.0,252.0,638,73225400.0
3344,2012/04/04,575,74,221.0,124.0,273.0,768,83549600.0
3345,2012/04/05,895,26,406.0,110.0,903.0,349,87889200.0
3346,2012/04/06,952,127,507.0,178.0,1200.0,400,90923000.0
3347,2012/04/09,790,62,472.0,172.0,870.0,474,106049600.0
3348,2012/04/10,284,52,435.0,129.0,1028.0,677,84419000.0
3349,2012/04/11,175,86,639.0,288.0,1258.0,385,81223800.0
3350,2012/04/12,916,160,557.0,313.0,1184.0,486,87338600.0
3351,2012/04/13,098,100,562.0,216.0,1295.0,516,97551800.0
3352,2012/04/16,789,120,771.0,367.0,1352.0,609,113989800.0
3353,2012/04/17,667,103,243.0,160.0,242.0,454,86490800.0
3354,2012/04/18,105,82,423.0,206.0,815.0,408,89360000.0
3355,2012/04/19,278,87,499.0,227.0,962.0,467,88655200.0
3356,2012/04/20,420,391,890.0,824.0,1254.0,483,93649800.0
3357,2012/04/23,451,85,708.0,172.0,1292.0,549,106270200.0
3358,2012/04/24,378,85,425.0,222.0,925.0,378,83427800.0
3359,2012/04/25,994,75,260.0,160.0,254.0,356,88341000.0
3360,2012/04/26,322,164,296.0,200.0,469.0,724,86671800.0
3361,2012/04/27,564,83,527.0,187.0,1105.0,480,92725200.0
3362,2012/04/30,448,129,340.0,222.0,256.0,582,99550600.0
3363,2012/05/01,905,60,343.0,136.0,694.0,330,84954000.0
3364,2012/05/02,138,72,709.0,257.0,1658.0,622,84582200.0
3365,2012/05/03,064,80,320.0,119.0,726.0,303,77072000.0
3366,2012/05/04,409,70,393.0,229.0,735.0,356,81391600.0
3367,2012/05/07,701,85,610.0,189.0,1029.0,412,105860200.0
3368,2012/05/08,685,91,431.0,160.0,932.0,572,81321200.0
3369,2012/05/09,214,73,546.0,238.0,1011.0,567,82201400.0
3370,2012/05/10,535,86,255.0,149.0,356.0,445,83940000.0
3371,2012/05/11,439,80,544.0,247.0,1031.0,557,91045200.0
3372,2012/05/14,301,124,585.0,236.0,1212.0,351,103080800.0
3373,2012/05/15,709,78,375.0,149.0,679.0,297,76646200.0
3374,2012/05/16,286,107,719.0,259.0,1384.0,429,82805200.0
3375,2012/05/17,885,102,290.0,207.0,384.0,288,84330400.0
3376,2012/05/18,156,78,562.0,216.0,1165.0,756,86491400.0
3377,2012/05/21,828,126,253.0,239.0,270.0,650,101284800.0
3378,2012/05/22,768,49,401.0,147.0,745.0,464,77184800.0
3379,2012/05/23,073,112,441.0,166.0,1088.0,934,80025000.0
3380,2012/05/24,547,79,406.0,226.0,881.0,758,79531200.0
3381,2012/05/25,262,63,255.0,114.0,443.0,413,86307000.0
3382,2012/05/28,320,148,504.0,249.0,863.0,405,99837000.0
3383,2012/05/29,538,77,569.0,267.0,1246.0,395,75558000.0
3384,2012/05/30,038,54,467.0,190.0,1238.0,317,81499200.0
3385,2012/05/31,975,62,404.0,145.0,776.0,539,83750000.0
3386,2012/06/01,729,116,588.0,316.0,1102.0,550,89269200.0
3387,2012/06/04,221,144,328.0,217.0,451.0,665,100291600.0
3388,2012/06/05,819,128,605.0,411.0,1293.0,568,77462600.0
3389,2012/06/06,917,163,416.0,237.0,879.0,384,79269600.0
3390,2012/06/07,197,63,418.0,143.0,875.0,461,80296200.0
3391,2012/06/08,696,97,277.0,149.0,324.0,771,85977000.0
3392,2012/06/11,600,101,297.0,216.0,364.0,993,98480400.0
3393,2012/06/12,098,96,798.0,217.0,1788.0,375,72582200.0
3394,2012/06/13,194,58,388.0,179.0,815.0,279,77178600.0
3395,2012/06/14,495,58,435.0,96.0,923.0,402,78995000.0
3396,2012/06/15,051,55,483.0,121.0,1086.0,411,93659000.0
3397,2012/06/18,826,142,701.0,263.0,1254.0,646,105835200.0
3398,2012/06/19,137,67,496.0,146.0,1101.0,478,75016000.0
3399,2012/06/20,486,57,466.0,167.0,1002.0,390,86233000.0
3400,2012/06/21,714,127,604.0,322.0,1151.0,431,84002000.0
3401,2012/06/22,811,75,241.0,173.0,457.0,556,91339000.0
3402,2012/06/25,523,182,792.0,361.0,1394.0,843,107856600.0
3403,2012/06/26,357,151,642.0,312.0,1144.0,461,85229800.0
3404,2012/06/27,884,76,204.0,167.0,241.0,367,86501400.0
3405,2012/06/28,819,115,679.0,338.0,1363.0,436,87698000.0
3406,2012/06/29,410,112,598.0,252.0,1169.0,516,94179800.0
3407,2012/07/02,835,96,827.0,280.0,1491.0,592,106103000.0
3408,2012/07/03,077,57,201.0,105.0,264.0,568,79075000.0
3409,2012/07/04,851,36,496.0,104.0,1072.0,310,83347600.0
3410,2012/07/05,550,106,259.0,159.0,348.0,336,86079800.0
3411,2012/07/06,148,77,586.0,221.0,1259.0,792,88825400.0
3412,2012/07/09,092,106,568.0,185.0,1182.0,754,103796000.0
3413,2012/07/10,738,54,431.0,136.0,936.0,503,80694600.0
3414,2012/07/11,034,46,366.0,145.0,827.0,460,82446600.0
3415,2012/07/12,612,118,531.0,246.0,1181.0,438,80943000.0
3416,2012/07/13,680,73,421.0,154.0,871.0,355,87383200.0
3417,2012/07/16,047,74,497.0,183.0,976.0,558,90808600.0
3418,2012/07/17,544,58,315.0,263.0,335.0,658,77409600.0
3419,2012/07/18,825,106,583.0,273.0,1276.0,648,77732600.0
3420,2012/07/19,377,66,203.0,113.0,331.0,399,78069800.0
3421,2012/07/20,515,100,297.0,185.0,406.0,484,82592200.0
3422,2012/07/23,615,159,558.0,292.0,978.0,425,97105000.0
3423,2012/07/24,059,60,348.0,157.0,703.0,290,76247000.0
3424,2012/07/25,899,59,200.0,129.0,296.0,580,79662000.0
3425,2012/07/26,506,72,345.0,191.0,707.0,439,79768800.0
3426,2012/07/27,726,131,592.0,386.0,1107.0,474,83277200.0
3427,2012/07/30,486,57,509.0,167.0,951.0,350,93123400.0
3428,2012/07/31,916,116,501.0,273.0,968.0,365,75612000.0
3429,2012/08/01,568,74,397.0,203.0,801.0,508,78463400.0
3430,2012/08/02,261,68,437.0,164.0,1010.0,426,78005600.0
3431,2012/08/03,360,67,514.0,183.0,1224.0,455,83092600.0
3432,2012/08/06,055,103,367.0,123.0,558.0,786,94005600.0
3433,2012/08/07,788,51,200.0,117.0,270.0,501,71695600.0
3434,2012/08/08,121,121,229.0,172.0,375.0,297,73562600.0
3435,2012/08/09,343,87,250.0,169.0,315.0,497,74261000.0
3436,2012/08/10,090,79,356.0,237.0,404.0,462,80150600.0
3437,2012/08/13,302,98,406.0,158.0,731.0,599,86662600.0
3438,2012/08/14,333,476,,,,705,67608800.0
3439,2012/08/15,430,88,421.0,175.0,782.0,930,76637200.0
3440,2012/08/16,979,112,155.0,141.0,219.0,541,78806400.0
3441,2012/08/17,911,129,342.0,215.0,441.0,546,84003600.0
3442,2012/08/20,689,128,464.0,215.0,853.0,485,97278800.0
3443,2012/08/21,656,89,269.0,138.0,324.0,448,73912600.0
3444,2012/08/22,810,124,561.0,330.0,1096.0,349,76442400.0
3445,2012/08/23,514,118,381.0,229.0,782.0,435,75733600.0
3446,2012/08/24,537,75,560.0,163.0,1088.0,478,83506200.0
3447,2012/08/27,099,106,292.0,122.0,383.0,481,95932200.0
3448,2012/08/28,282,102,301.0,159.0,560.0,349,75247400.0
3449,2012/08/29,887,67,182.0,133.0,293.0,385,76645800.0
3450,2012/08/30,526,85,416.0,192.0,863.0,426,78154200.0
3451,2012/08/31,310,149,539.0,285.0,942.0,354,84306400.0
3452,2012/09/03,458,100,547.0,258.0,1014.0,520,97795600.0
3453,2012/09/04,357,119,512.0,266.0,900.0,400,75563800.0
3454,2012/09/05,748,108,425.0,200.0,897.0,450,79089600.0
3455,2012/09/06,988,68,237.0,128.0,316.0,529,79648400.0
3456,2012/09/07,926,138,541.0,311.0,1245.0,459,84184000.0
3457,2012/09/10,351,108,815.0,225.0,1665.0,471,97036000.0
3458,2012/09/11,185,120,493.0,156.0,1016.0,332,74710200.0
3459,2012/09/12,441,108,251.0,157.0,349.0,297,77282000.0
3460,2012/09/13,124,92,509.0,262.0,1009.0,558,77250600.0
3461,2012/09/14,445,79,194.0,168.0,234.0,442,82844600.0
3462,2012/09/17,784,52,451.0,113.0,847.0,372,86426800.0
3463,2012/09/18,731,75,426.0,170.0,753.0,621,72216000.0
3464,2012/09/19,728,102,493.0,261.0,906.0,449,75755200.0
3465,2012/09/20,049,54,354.0,168.0,744.0,413,78019200.0
3466,2012/09/21,059,64,442.0,174.0,910.0,433,81296600.0
3467,2012/09/24,715,125,694.0,304.0,1269.0,566,93651400.0
3468,2012/09/25,100,75,217.0,133.0,274.0,843,77573600.0
3469,2012/09/26,466,69,187.0,108.0,301.0,773,77231000.0
3470,2012/09/27,660,185,503.0,320.0,590.0,429,77833200.0
3471,2012/09/28,928,341,860.0,775.0,1286.0,558,82886800.0
3472,2012/10/01,274,135,819.0,287.0,1327.0,722,93508400.0
3473,2012/10/02,298,83,357.0,150.0,816.0,398,73912400.0
3474,2012/10/03,498,60,389.0,147.0,813.0,356,75578200.0
3475,2012/10/04,116,81,243.0,200.0,311.0,395,77988600.0
3476,2012/10/05,851,63,455.0,128.0,1039.0,518,82760600.0
3477,2012/10/08,782,57,560.0,192.0,1172.0,454,87959600.0
3478,2012/10/09,144,85,177.0,133.0,251.0,518,73215400.0
3479,2012/10/10,042,82,446.0,154.0,1052.0,445,76195000.0
3480,2012/10/11,612,71,566.0,206.0,1080.0,380,76686800.0
3481,2012/10/12,472,60,631.0,199.0,1171.0,570,82148800.0
3482,2012/10/15,063,75,544.0,135.0,1082.0,835,101955800.0
3483,2012/10/16,236,139,489.0,253.0,1145.0,608,78820600.0
3484,2012/10/17,033,155,405.0,342.0,582.0,920,77206000.0
3485,2012/10/18,662,58,287.0,164.0,439.0,321,77167200.0
3486,2012/10/19,320,118,591.0,310.0,1124.0,441,85141200.0
3487,2012/10/22,714,135,789.0,328.0,1281.0,553,97351200.0
3488,2012/10/23,240,48,413.0,123.0,985.0,266,72310800.0
3489,2012/10/24,341,68,472.0,186.0,1053.0,385,80130400.0
3490,2012/10/25,837,63,394.0,160.0,826.0,428,83572800.0
3491,2012/10/26,697,65,415.0,189.0,951.0,457,87672200.0
3492,2012/10/29,480,76,420.0,178.0,877.0,474,100339200.0
3493,2012/10/30,804,64,312.0,170.0,745.0,561,78130600.0
3494,2012/10/31,264,54,611.0,183.0,1143.0,385,82787800.0
3495,2012/11/01,778,87,236.0,158.0,256.0,510,83075800.0
3496,2012/11/02,561,85,434.0,147.0,958.0,320,86801200.0
3497,2012/11/05,620,112,548.0,248.0,1000.0,381,99841200.0
3498,2012/11/06,044,80,331.0,137.0,375.0,479,73796600.0
3499,2012/11/07,085,60,332.0,125.0,783.0,343,78512400.0
3500,2012/11/08,966,84,249.0,116.0,257.0,510,79188800.0
3501,2012/11/09,666,581,,,,519,85250200.0
3502,2012/11/12,781,78,621.0,166.0,1213.0,378,94597200.0
3503,2012/11/13,019,67,437.0,176.0,1017.0,611,73066400.0
3504,2012/11/14,605,60,302.0,168.0,589.0,359,74416000.0
3505,2012/11/15,495,43,460.0,155.0,1017.0,371,78059600.0
3506,2012/11/16,464,60,221.0,100.0,277.0,363,82019000.0
3507,2012/11/19,713,148,719.0,288.0,1193.0,601,93016200.0
3508,2012/11/20,776,70,207.0,132.0,233.0,446,73557600.0
3509,2012/11/21,872,82,655.0,179.0,1246.0,336,76264600.0
3510,2012/11/22,307,84,382.0,217.0,867.0,394,79760000.0
3511,2012/11/23,369,90,540.0,304.0,1037.0,594,72242000.0
3512,2012/11/26,204,86,587.0,200.0,1145.0,347,90085400.0
3513,2012/11/27,660,134,395.0,278.0,514.0,318,74173600.0
3514,2012/11/28,195,90,464.0,186.0,1080.0,258,74734200.0
3515,2012/11/29,950,89,416.0,140.0,897.0,590,75713000.0
3516,2012/11/30,943,87,404.0,171.0,811.0,423,82476200.0
3517,2012/12/03,217,138,668.0,334.0,1381.0,606,95271200.0
3518,2012/12/04,798,55,345.0,222.0,713.0,390,72741800.0
3519,2012/12/05,793,48,364.0,164.0,750.0,355,77819200.0
3520,2012/12/06,931,93,588.0,176.0,1222.0,432,77582000.0
3521,2012/12/07,167,53,438.0,154.0,915.0,437,83283000.0
3522,2012/12/10,540,89,639.0,181.0,1260.0,357,96651400.0
3523,2012/12/11,776,89,187.0,154.0,254.0,369,76118200.0
3524,2012/12/12,249,53,490.0,164.0,1106.0,305,78481800.0
3525,2012/12/13,374,82,428.0,234.0,896.0,454,79954200.0
3526,2012/12/14,282,56,323.0,142.0,489.0,484,90928400.0
3527,2012/12/17,141,114,321.0,169.0,470.0,430,104125600.0
3528,2012/12/18,199,69,279.0,135.0,436.0,656,80671600.0
3529,2012/12/19,036,85,448.0,220.0,869.0,434,83107000.0
3530,2012/12/20,619,168,617.0,369.0,1275.0,513,84746200.0
3531,2012/12/21,273,86,559.0,185.0,1233.0,457,88602400.0
3532,2012/12/24,579,74,504.0,213.0,877.0,509,94565600.0
3533,2012/12/25,296,79,481.0,278.0,1096.0,489,81668600.0
3534,2012/12/26,426,121,472.0,227.0,927.0,633,83752600.0
3535,2012/12/27,836,63,677.0,228.0,1455.0,374,89773000.0
3536,2012/12/28,889,121,307.0,199.0,316.0,567,99009400.0
3537,2013/01/04,609,93,465.0,253.0,926.0,440,102903400.0
3538,2013/01/07,778,165,329.0,220.0,332.0,1124,108967200.0
3539,2013/01/08,877,111,327.0,178.0,439.0,588,82920800.0
3540,2013/01/09,239,65,466.0,183.0,1104.0,470,84820600.0
3541,2013/01/10,240,75,562.0,214.0,1241.0,385,85982800.0
3542,2013/01/11,044,98,312.0,165.0,449.0,555,89744600.0
3543,2013/01/14,238,99,601.0,236.0,1135.0,516,89236800.0
3544,2013/01/15,447,88,182.0,135.0,180.0,504,77001800.0
3545,2013/01/16,663,88,279.0,123.0,231.0,427,81621600.0
3546,2013/01/17,433,76,245.0,147.0,333.0,727,83562000.0
3547,2013/01/18,228,146,364.0,360.0,392.0,592,87262200.0
3548,2013/01/21,871,81,663.0,161.0,1313.0,468,104488800.0
3549,2013/01/22,068,50,330.0,98.0,718.0,426,77558800.0
3550,2013/01/23,352,130,562.0,180.0,1114.0,649,83095600.0
3551,2013/01/24,794,60,528.0,247.0,1091.0,446,81588200.0
3552,2013/01/25,272,85,379.0,139.0,562.0,343,88243600.0
3553,2013/01/28,481,58,747.0,204.0,1341.0,475,103750800.0
3554,2013/01/29,533,54,227.0,126.0,348.0,491,81678400.0
3555,2013/01/30,015,70,485.0,147.0,992.0,765,83336000.0
3556,2013/01/31,158,108,617.0,299.0,1175.0,647,84748200.0
3557,2013/02/01,844,70,340.0,136.0,422.0,513,89975200.0
3558,2013/02/04,258,192,972.0,416.0,1346.0,452,106610200.0
3559,2013/02/05,300,73,192.0,133.0,208.0,886,81637000.0
3560,2013/02/06,068,48,334.0,119.0,680.0,410,76818600.0
3561,2013/02/07,252,88,313.0,131.0,446.0,376,83672600.0
3562,2013/02/08,199,61,252.0,130.0,364.0,682,87135800.0
3563,2013/02/11,481,84,604.0,158.0,1008.0,512,97342600.0
3564,2013/02/12,731,60,484.0,208.0,1005.0,338,74263400.0
3565,2013/02/13,381,71,632.0,208.0,1503.0,241,79170000.0
3566,2013/02/14,507,77,429.0,186.0,971.0,328,83625600.0
3567,2013/02/15,574,43,417.0,144.0,846.0,547,92639000.0
3568,2013/02/18,972,94,701.0,205.0,1429.0,500,106769000.0
3569,2013/02/19,139,81,587.0,184.0,1301.0,454,79708200.0
3570,2013/02/20,230,101,466.0,191.0,981.0,338,86828200.0
3571,2013/02/21,396,91,530.0,215.0,1151.0,466,85455400.0
3572,2013/02/22,728,132,752.0,390.0,1432.0,767,92295000.0
3573,2013/02/25,751,109,894.0,206.0,1740.0,594,106753600.0
3574,2013/02/26,199,67,213.0,128.0,325.0,523,84756600.0
3575,2013/02/27,181,135,320.0,151.0,486.0,638,85162400.0
3576,2013/02/28,717,144,426.0,262.0,532.0,589,88690200.0
3577,2013/03/01,837,42,460.0,164.0,1088.0,443,90259800.0
3578,2013/03/04,723,195,827.0,413.0,1410.0,598,108429000.0
3579,2013/03/05,797,64,268.0,151.0,299.0,290,83540400.0
3580,2013/03/06,473,72,441.0,155.0,910.0,434,86214600.0
3581,2013/03/07,158,68,552.0,240.0,1116.0,503,86250800.0
3582,2013/03/08,168,115,670.0,357.0,1318.0,577,93053200.0
3583,2013/03/11,898,71,284.0,154.0,342.0,593,104118600.0
3584,2013/03/12,986,52,369.0,148.0,788.0,398,81100000.0
3585,2013/03/13,980,66,541.0,192.0,1184.0,323,80139200.0
3586,2013/03/14,528,95,511.0,261.0,913.0,467,82384400.0
3587,2013/03/15,888,763,,,,951,89917200.0
3588,2013/03/18,369,172,742.0,423.0,1051.0,534,97346200.0
3589,2013/03/19,349,63,408.0,144.0,820.0,358,78907600.0
3590,2013/03/20,333,668,,,,663,73250200.0
3591,2013/03/21,735,87,713.0,214.0,1220.0,473,81126400.0
3592,2013/03/22,448,93,243.0,232.0,242.0,606,86191400.0
3593,2013/03/25,291,96,633.0,209.0,1183.0,417,101581000.0
3594,2013/03/26,782,56,523.0,160.0,1251.0,394,78728800.0
3595,2013/03/27,538,116,731.0,311.0,1502.0,622,80279600.0
3596,2013/03/28,510,116,347.0,243.0,760.0,473,82329200.0
3597,2013/03/29,259,67,590.0,222.0,1257.0,521,87410400.0
3598,2013/04/01,044,94,273.0,123.0,316.0,645,101437800.0
3599,2013/04/02,344,61,198.0,105.0,306.0,421,73649800.0
3600,2013/04/03,893,86,456.0,230.0,969.0,354,76524800.0
3601,2013/04/04,422,127,256.0,177.0,279.0,573,79256600.0
3602,2013/04/05,318,131,604.0,337.0,1188.0,600,82471000.0
3603,2013/04/08,233,123,353.0,181.0,474.0,836,95933000.0
3604,2013/04/09,582,76,535.0,136.0,1083.0,344,76502000.0
3605,2013/04/10,045,62,339.0,126.0,700.0,387,79312800.0
3606,2013/04/11,102,100,312.0,163.0,571.0,327,78527600.0
3607,2013/04/12,318,127,620.0,328.0,1146.0,483,80294600.0
3608,2013/04/15,760,64,464.0,168.0,1010.0,371,105751800.0
3609,2013/04/16,210,64,347.0,127.0,619.0,288,82003600.0
3610,2013/04/17,114,97,261.0,244.0,379.0,447,83236200.0
3611,2013/04/18,044,141,328.0,223.0,393.0,788,83556400.0
3612,2013/04/19,003,95,238.0,155.0,322.0,462,87881000.0
3613,2013/04/22,947,64,488.0,152.0,854.0,604,102027000.0
3614,2013/04/23,715,81,596.0,317.0,1034.0,393,78790000.0
3615,2013/04/24,722,90,296.0,162.0,373.0,520,77072600.0
3616,2013/04/25,294,89,492.0,169.0,976.0,434,84699000.0
3617,2013/04/26,921,86,504.0,181.0,1033.0,388,85610800.0
3618,2013/04/29,693,136,799.0,218.0,1347.0,457,95050000.0
3619,2013/04/30,706,61,358.0,126.0,730.0,357,81659000.0
3620,2013/05/01,104,125,558.0,275.0,995.0,324,85521200.0
3621,2013/05/02,832,72,570.0,182.0,1285.0,624,86601600.0
3622,2013/05/03,714,188,726.0,469.0,1342.0,442,77674200.0
3623,2013/05/06,160,61,449.0,136.0,1001.0,344,94665200.0
3624,2013/05/07,570,96,513.0,154.0,1110.0,682,74763000.0
3625,2013/05/08,407,99,393.0,193.0,968.0,347,80343200.0
3626,2013/05/09,314,126,409.0,289.0,809.0,366,80191000.0
3627,2013/05/10,034,65,408.0,175.0,960.0,430,82338200.0
3628,2013/05/13,488,82,276.0,121.0,294.0,786,100458600.0
3629,2013/05/14,164,70,414.0,169.0,881.0,378,77524000.0
3630,2013/05/15,531,125,713.0,248.0,1438.0,363,80093400.0
3631,2013/05/16,318,235,807.0,600.0,1374.0,496,78262000.0
3632,2013/05/17,165,84,522.0,194.0,1020.0,393,81998400.0
3633,2013/05/20,963,113,886.0,204.0,1488.0,371,96611600.0
3634,2013/05/21,444,640,,,,676,75669800.0
3635,2013/05/22,244,104,296.0,193.0,371.0,910,74209400.0
3636,2013/05/23,899,43,177.0,125.0,245.0,818,76672400.0
3637,2013/05/24,456,55,325.0,192.0,519.0,750,81571000.0
3638,2013/05/27,345,229,733.0,469.0,1017.0,462,96366600.0
3639,2013/05/28,819,125,524.0,408.0,1133.0,390,75573000.0
3640,2013/05/29,980,81,654.0,270.0,1440.0,384,76774000.0
3641,2013/05/30,041,60,439.0,126.0,920.0,328,75313400.0
3642,2013/05/31,953,48,412.0,111.0,821.0,425,81128000.0
3643,2013/06/03,723,155,732.0,350.0,1287.0,532,97378200.0
3644,2013/06/04,611,86,218.0,172.0,256.0,576,76042400.0
3645,2013/06/05,143,62,522.0,134.0,924.0,381,77328000.0
3646,2013/06/06,292,34,205.0,110.0,338.0,322,77651600.0
3647,2013/06/07,004,93,286.0,132.0,299.0,334,80233400.0
3648,2013/06/10,497,80,645.0,170.0,1060.0,266,95789600.0
3649,2013/06/11,137,65,558.0,152.0,1208.0,340,72909400.0
3650,2013/06/12,378,73,374.0,241.0,750.0,571,74780600.0
3651,2013/06/13,165,69,438.0,128.0,853.0,325,73175200.0
3652,2013/06/14,477,73,246.0,120.0,271.0,607,85038400.0
3653,2013/06/17,883,119,293.0,216.0,360.0,648,100436000.0
3654,2013/06/18,481,51,550.0,169.0,1147.0,307,76800000.0
3655,2013/06/19,238,82,458.0,215.0,906.0,472,75701000.0
3656,2013/06/20,031,62,396.0,105.0,934.0,312,76266600.0
3657,2013/06/21,527,121,508.0,302.0,1057.0,548,79532000.0
3658,2013/06/24,068,79,448.0,163.0,801.0,519,96800600.0
3659,2013/06/25,032,34,375.0,88.0,805.0,337,78733000.0
3660,2013/06/26,314,127,606.0,344.0,1053.0,693,77129800.0
3661,2013/06/27,725,158,551.0,287.0,929.0,630,84059000.0
3662,2013/06/28,848,85,322.0,126.0,337.0,542,86640000.0
3663,2013/07/01,790,66,430.0,168.0,885.0,640,103773800.0
3664,2013/07/02,307,75,482.0,216.0,1143.0,447,79461800.0
3665,2013/07/03,587,44,365.0,135.0,787.0,349,80765200.0
3666,2013/07/04,812,90,525.0,262.0,1186.0,553,80001400.0
3667,2013/07/05,676,92,229.0,182.0,271.0,523,83551400.0
3668,2013/07/08,551,137,360.0,238.0,362.0,557,95535400.0
3669,2013/07/09,082,69,339.0,130.0,836.0,405,73903800.0
3670,2013/07/10,343,71,212.0,128.0,289.0,399,77119200.0
3671,2013/07/11,820,86,328.0,193.0,652.0,339,77084800.0
3672,2013/07/12,456,79,330.0,184.0,571.0,474,79978200.0
3673,2013/07/15,940,58,383.0,139.0,772.0,306,88215800.0
3674,2013/07/16,950,73,476.0,202.0,922.0,322,75468000.0
3675,2013/07/17,044,303,389.0,355.0,351.0,938,76512000.0
3676,2013/07/18,195,57,395.0,183.0,818.0,583,76076000.0
3677,2013/07/19,235,109,491.0,252.0,956.0,459,79607200.0
3678,2013/07/22,342,101,634.0,172.0,1291.0,591,93010400.0
3679,2013/07/23,293,53,390.0,142.0,812.0,326,72312200.0
3680,2013/07/24,346,109,429.0,193.0,889.0,1153,74315200.0
3681,2013/07/25,740,48,380.0,122.0,889.0,378,79198000.0
3682,2013/07/26,501,75,395.0,173.0,845.0,422,79415200.0
3683,2013/07/29,333,502,,,,871,91216200.0
3684,2013/07/30,254,89,428.0,189.0,897.0,820,72814800.0
3685,2013/07/31,757,63,196.0,95.0,279.0,397,76816200.0
3686,2013/08/01,811,124,285.0,233.0,367.0,431,76860200.0
3687,2013/08/02,914,82,389.0,210.0,770.0,454,78376200.0
3688,2013/08/05,257,114,690.0,257.0,1131.0,311,90392200.0
3689,2013/08/06,497,36,413.0,148.0,827.0,260,71739400.0
3690,2013/08/07,017,63,348.0,124.0,806.0,394,74411800.0
3691,2013/08/08,283,48,526.0,173.0,1185.0,347,73056600.0
3692,2013/08/09,917,98,454.0,248.0,931.0,328,75339000.0
3693,2013/08/12,234,124,481.0,228.0,804.0,481,85930000.0
3694,2013/08/13,078,52,316.0,121.0,769.0,413,68182400.0
3695,2013/08/14,155,65,216.0,121.0,303.0,658,68920000.0
3696,2013/08/15,801,96,528.0,210.0,1104.0,306,77142000.0
3697,2013/08/16,900,99,244.0,169.0,332.0,974,80056600.0
3698,2013/08/19,155,67,273.0,116.0,393.0,500,94696400.0
3699,2013/08/20,317,98,486.0,274.0,1000.0,401,75125600.0
3700,2013/08/21,710,138,366.0,203.0,843.0,353,76666400.0
3701,2013/08/22,850,67,388.0,140.0,873.0,313,76504600.0
3702,2013/08/23,294,65,517.0,216.0,1072.0,438,81419600.0
3703,2013/08/26,893,93,454.0,206.0,983.0,1394,97751200.0
3704,2013/08/27,682,78,584.0,201.0,1290.0,417,77081800.0
3705,2013/08/28,793,53,411.0,201.0,814.0,300,79665200.0
3706,2013/08/29,351,91,542.0,176.0,1183.0,425,80377600.0
3707,2013/08/30,311,114,286.0,200.0,405.0,489,80917200.0
3708,2013/09/02,501,100,603.0,194.0,1047.0,312,94924800.0
3709,2013/09/03,204,58,601.0,230.0,1214.0,273,74428800.0
3710,2013/09/04,975,45,403.0,159.0,773.0,648,75045000.0
3711,2013/09/05,536,74,362.0,156.0,753.0,462,77077000.0
3712,2013/09/06,791,44,429.0,125.0,926.0,327,80653000.0
3713,2013/09/09,547,68,466.0,149.0,844.0,650,96306600.0
3714,2013/09/10,300,67,154.0,107.0,151.0,583,76420600.0
3715,2013/09/11,192,71,588.0,176.0,1313.0,319,77339000.0
3716,2013/09/12,537,82,729.0,200.0,1323.0,381,76643000.0
3717,2013/09/13,511,107,302.0,185.0,383.0,551,80454800.0
3718,2013/09/16,137,89,870.0,253.0,1570.0,322,81626400.0
3719,2013/09/17,760,50,268.0,115.0,584.0,371,74385000.0
3720,2013/09/18,595,67,177.0,125.0,273.0,291,77050200.0
3721,2013/09/19,789,104,378.0,253.0,785.0,683,75887400.0
3722,2013/09/20,039,72,401.0,133.0,876.0,524,78109400.0
3723,2013/09/23,389,88,436.0,231.0,868.0,352,85452200.0
3724,2013/09/24,613,91,446.0,217.0,942.0,335,72170600.0
3725,2013/09/25,825,124,554.0,274.0,1077.0,593,75630600.0
3726,2013/09/26,236,134,497.0,257.0,1140.0,443,76583600.0
3727,2013/09/27,895,59,428.0,190.0,905.0,314,79988600.0
3728,2013/09/30,817,123,686.0,286.0,1129.0,603,95797200.0
3729,2013/10/01,113,100,218.0,170.0,326.0,357,74792200.0
3730,2013/10/02,021,54,738.0,121.0,1421.0,337,76314200.0
3731,2013/10/03,996,80,194.0,141.0,251.0,447,76297200.0
3732,2013/10/04,865,68,404.0,140.0,866.0,340,78422800.0
3733,2013/10/07,694,108,642.0,219.0,1186.0,360,92078800.0
3734,2013/10/08,708,142,297.0,209.0,606.0,1067,71082000.0
3735,2013/10/09,451,65,433.0,140.0,987.0,327,71077800.0
3736,2013/10/10,110,122,369.0,260.0,413.0,575,74047800.0
3737,2013/10/11,484,37,270.0,121.0,294.0,380,73950200.0
3738,2013/10/14,572,113,705.0,242.0,1312.0,502,81522400.0
3739,2013/10/15,355,67,198.0,96.0,198.0,555,68132000.0
3740,2013/10/16,249,78,372.0,194.0,877.0,447,72291200.0
3741,2013/10/17,896,81,386.0,178.0,791.0,485,75794000.0
3742,2013/10/18,139,102,531.0,196.0,1326.0,520,77867400.0
3743,2013/10/21,077,66,243.0,112.0,327.0,546,93011200.0
3744,2013/10/22,503,80,358.0,189.0,721.0,435,73068400.0
3745,2013/10/23,907,66,301.0,128.0,717.0,251,73406200.0
3746,2013/10/24,306,68,384.0,195.0,729.0,238,72854600.0
3747,2013/10/25,693,90,788.0,319.0,1758.0,592,76577600.0
3748,2013/10/28,454,84,218.0,118.0,245.0,462,95178600.0
3749,2013/10/29,140,60,404.0,123.0,944.0,293,71781600.0
3750,2013/10/30,348,94,388.0,176.0,874.0,463,76130000.0
3751,2013/10/31,052,78,405.0,137.0,879.0,464,77619800.0
3752,2013/11/01,535,70,203.0,121.0,282.0,513,79273800.0
3753,2013/11/04,952,51,553.0,145.0,1234.0,329,87781600.0
3754,2013/11/05,650,73,308.0,149.0,642.0,382,74390200.0
3755,2013/11/06,524,75,361.0,197.0,743.0,627,75764600.0
3756,2013/11/07,694,51,365.0,137.0,857.0,366,74426400.0
3757,2013/11/08,380,69,387.0,165.0,979.0,329,79155800.0
3758,2013/11/11,885,81,236.0,156.0,301.0,467,93184800.0
3759,2013/11/12,470,97,343.0,133.0,736.0,311,70672600.0
3760,2013/11/13,910,86,475.0,213.0,932.0,357,72821200.0
3761,2013/11/14,014,76,443.0,161.0,975.0,679,72707400.0
3762,2013/11/15,638,155,457.0,280.0,894.0,554,75746200.0
3763,2013/11/18,439,95,551.0,236.0,1099.0,508,91610400.0
3764,2013/11/19,484,57,265.0,125.0,271.0,293,70004600.0
3765,2013/11/20,721,130,501.0,267.0,1105.0,334,73292000.0
3766,2013/11/21,922,92,234.0,167.0,338.0,783,71201400.0
3767,2013/11/22,983,44,552.0,120.0,1123.0,344,74216400.0
3768,2013/11/25,081,74,619.0,139.0,1208.0,1446,89317200.0
3769,2013/11/26,975,35,457.0,111.0,952.0,458,72111600.0
3770,2013/11/27,724,132,652.0,329.0,1299.0,378,73841200.0
3771,2013/11/28,244,89,218.0,129.0,316.0,678,74486400.0
3772,2013/11/29,842,68,610.0,146.0,1174.0,438,76615600.0
3773,2013/12/02,421,144,775.0,276.0,1365.0,422,93371400.0
3774,2013/12/03,752,84,562.0,149.0,1126.0,305,75053600.0
3775,2013/12/04,928,93,461.0,249.0,908.0,487,76111200.0
3776,2013/12/05,674,88,371.0,153.0,768.0,609,77243800.0
3777,2013/12/06,443,75,203.0,154.0,224.0,375,78489400.0
3778,2013/12/09,542,91,664.0,165.0,1231.0,558,93813800.0
3779,2013/12/10,023,53,400.0,136.0,889.0,483,74567400.0
3780,2013/12/11,622,86,282.0,160.0,403.0,881,79299800.0
3781,2013/12/12,372,56,523.0,148.0,1200.0,350,77198800.0
3782,2013/12/13,186,128,532.0,272.0,1316.0,455,85561800.0
3783,2013/12/16,515,159,451.0,229.0,506.0,665,101617200.0
3784,2013/12/17,576,31,454.0,130.0,909.0,384,79176400.0
3785,2013/12/18,107,112,403.0,241.0,745.0,422,78344400.0
3786,2013/12/19,540,44,333.0,92.0,757.0,289,78317800.0
3787,2013/12/20,879,65,447.0,154.0,890.0,445,81267000.0
3788,2013/12/23,997,60,210.0,152.0,243.0,436,92153600.0
3789,2013/12/24,456,107,436.0,260.0,660.0,407,79067800.0
3790,2013/12/25,271,73,502.0,156.0,1159.0,327,84537200.0
3791,2013/12/26,672,60,522.0,151.0,1099.0,452,83634000.0
3792,2013/12/27,127,206,560.0,394.0,1018.0,860,91709600.0
3793,2013/12/30,549,80,612.0,192.0,1235.0,572,105959800.0
3794,2014/01/06,098,100,668.0,224.0,1519.0,874,117156600.0
3795,2014/01/07,578,77,531.0,194.0,1000.0,527,90008200.0
3796,2014/01/08,721,128,627.0,277.0,1285.0,492,87645000.0
3797,2014/01/09,613,114,707.0,309.0,1380.0,443,90156600.0
3798,2014/01/10,005,71,191.0,128.0,236.0,550,90652400.0
3799,2014/01/13,136,143,745.0,229.0,1305.0,632,102820200.0
3800,2014/01/14,560,96,353.0,159.0,672.0,625,84592400.0
3801,2014/01/15,506,59,380.0,134.0,807.0,396,88858200.0
3802,2014/01/16,641,71,561.0,158.0,1238.0,458,90109200.0
3803,2014/01/17,720,108,489.0,255.0,1077.0,382,93428400.0
3804,2014/01/20,921,200,1017.0,340.0,1699.0,762,112483200.0
3805,2014/01/21,119,184,340.0,332.0,338.0,676,86707400.0
3806,2014/01/22,154,63,482.0,125.0,1181.0,523,87005000.0
3807,2014/01/23,314,128,568.0,398.0,960.0,601,86341600.0
3808,2014/01/24,311,128,419.0,278.0,551.0,768,94914200.0
3809,2014/01/27,138,134,1212.0,404.0,2343.0,646,110964600.0
3810,2014/01/28,369,175,705.0,475.0,1034.0,644,87961400.0
3811,2014/01/29,070,66,217.0,102.0,394.0,474,89878600.0
3812,2014/01/30,327,122,576.0,343.0,1143.0,542,86861800.0
3813,2014/01/31,729,142,661.0,359.0,1271.0,1250,92957400.0
3814,2014/02/03,044,318,387.0,326.0,423.0,890,111690400.0
3815,2014/02/04,861,51,501.0,167.0,1170.0,470,81994800.0
3816,2014/02/05,200,105,191.0,133.0,223.0,781,85297000.0
3817,2014/02/06,095,52,395.0,122.0,793.0,402,82457200.0
3818,2014/02/07,264,65,581.0,146.0,1154.0,406,85565600.0
3819,2014/02/10,423,176,663.0,296.0,1125.0,577,96714400.0
3820,2014/02/11,343,80,265.0,133.0,286.0,380,75085200.0
3821,2014/02/12,951,55,424.0,131.0,971.0,493,82790400.0
3822,2014/02/13,805,66,432.0,183.0,833.0,399,82008800.0
3823,2014/02/14,709,47,347.0,171.0,729.0,410,81971000.0
3824,2014/02/17,271,134,1382.0,318.0,2678.0,438,103360600.0
3825,2014/02/18,687,64,353.0,170.0,736.0,540,81467800.0
3826,2014/02/19,722,121,320.0,203.0,418.0,615,84095600.0
3827,2014/02/20,099,74,169.0,113.0,271.0,655,84160200.0
3828,2014/02/21,172,93,856.0,188.0,1861.0,464,85159000.0
3829,2014/02/24,287,88,825.0,260.0,1709.0,409,103609800.0
3830,2014/02/25,061,59,419.0,105.0,919.0,353,84849600.0
3831,2014/02/26,272,122,439.0,215.0,661.0,445,88245800.0
3832,2014/02/27,171,82,411.0,175.0,790.0,353,86266600.0
3833,2014/02/28,101,116,288.0,200.0,336.0,470,95661400.0
3834,2014/03/03,992,91,276.0,186.0,408.0,561,108736600.0
3835,2014/03/04,834,65,517.0,225.0,962.0,631,86347800.0
3836,2014/03/05,624,127,598.0,255.0,1092.0,574,83110800.0
3837,2014/03/06,087,44,320.0,115.0,727.0,302,85995000.0
3838,2014/03/07,169,91,582.0,277.0,1323.0,535,88423000.0
3839,2014/03/10,975,98,521.0,209.0,966.0,553,104940800.0
3840,2014/03/11,661,65,227.0,142.0,348.0,331,83157800.0
3841,2014/03/12,558,88,186.0,156.0,216.0,642,85867800.0
3842,2014/03/13,619,110,437.0,298.0,915.0,564,78489600.0
3843,2014/03/14,784,63,441.0,159.0,977.0,369,87230000.0
3844,2014/03/17,198,140,788.0,471.0,1712.0,594,103712600.0
3845,2014/03/18,729,110,579.0,307.0,1202.0,504,79059600.0
3846,2014/03/19,045,112,464.0,141.0,817.0,462,84035800.0
3847,2014/03/20,608,64,426.0,198.0,819.0,341,78567200.0
3848,2014/03/21,787,84,255.0,155.0,348.0,366,75544400.0
3849,2014/03/24,263,116,781.0,216.0,1504.0,606,100297400.0
3850,2014/03/25,636,63,184.0,108.0,286.0,707,80941600.0
3851,2014/03/26,710,83,418.0,210.0,854.0,463,81690400.0
3852,2014/03/27,841,90,573.0,204.0,1215.0,465,82262200.0
3853,2014/03/28,643,82,457.0,139.0,996.0,467,86990400.0
3854,2014/03/31,098,79,480.0,195.0,1092.0,420,100822800.0
3855,2014/04/01,108,139,536.0,339.0,1069.0,352,79475800.0
3856,2014/04/02,606,110,379.0,236.0,505.0,333,83095800.0
3857,2014/04/03,858,36,164.0,94.0,233.0,323,78294200.0
3858,2014/04/04,740,59,448.0,187.0,990.0,433,84006200.0
3859,2014/04/07,942,54,711.0,140.0,1408.0,587,99398000.0
3860,2014/04/08,701,64,404.0,147.0,765.0,308,79321200.0
3861,2014/04/09,295,77,506.0,180.0,1101.0,381,80890400.0
3862,2014/04/10,808,126,238.0,234.0,248.0,395,81418800.0
3863,2014/04/11,135,88,602.0,228.0,1283.0,409,83802800.0
3864,2014/04/14,123,239,790.0,401.0,1182.0,585,98093600.0
3865,2014/04/15,160,45,481.0,133.0,1132.0,412,84944200.0
3866,2014/04/16,637,67,446.0,192.0,1016.0,399,86671200.0
3867,2014/04/17,493,93,425.0,225.0,998.0,450,85471200.0
3868,2014/04/18,725,148,695.0,392.0,1340.0,511,85829400.0
3869,2014/04/21,017,105,632.0,187.0,1089.0,687,101185200.0
3870,2014/04/22,290,50,442.0,117.0,938.0,339,81484400.0
3871,2014/04/23,951,57,486.0,136.0,973.0,556,83927200.0
3872,2014/04/24,809,86,492.0,245.0,1069.0,430,83008800.0
3873,2014/04/25,589,68,428.0,237.0,851.0,489,89410600.0
3874,2014/04/28,442,86,366.0,169.0,449.0,491,106552800.0
3875,2014/04/29,199,135,267.0,177.0,337.0,578,75574000.0
3876,2014/04/30,495,51,473.0,158.0,904.0,303,84927200.0
3877,2014/05/01,808,113,238.0,230.0,247.0,652,86310800.0
3878,2014/05/02,336,128,240.0,208.0,317.0,652,90106200.0
3879,2014/05/05,994,55,208.0,131.0,242.0,463,91248800.0
3880,2014/05/06,806,60,350.0,179.0,711.0,341,74451600.0
3881,2014/05/07,297,83,457.0,157.0,1104.0,360,80370000.0
3882,2014/05/08,353,89,222.0,165.0,252.0,486,81877200.0
3883,2014/05/09,154,56,548.0,111.0,1313.0,407,84322200.0
3884,2014/05/12,367,111,519.0,176.0,829.0,652,99911600.0
3885,2014/05/13,934,75,553.0,177.0,1279.0,471,79567000.0
3886,2014/05/14,463,101,473.0,179.0,1008.0,471,81446400.0
3887,2014/05/15,153,83,671.0,173.0,1400.0,350,81150000.0
3888,2014/05/16,065,51,407.0,127.0,776.0,393,85058800.0
3889,2014/05/19,836,79,706.0,224.0,1321.0,701,99649400.0
3890,2014/05/20,281,47,478.0,192.0,1141.0,435,79076400.0
3891,2014/05/21,746,50,331.0,156.0,751.0,724,79174000.0
3892,2014/05/22,433,108,303.0,179.0,325.0,826,81398600.0
3893,2014/05/23,034,65,466.0,180.0,1039.0,624,85076600.0
3894,2014/05/26,086,47,464.0,128.0,983.0,446,98245600.0
3895,2014/05/27,845,86,438.0,242.0,835.0,507,79629200.0
3896,2014/05/28,474,72,243.0,139.0,358.0,800,81478600.0
3897,2014/05/29,761,89,513.0,129.0,1142.0,366,81110400.0
3898,2014/05/30,839,74,463.0,156.0,984.0,607,84923400.0
3899,2014/06/02,468,135,798.0,317.0,1188.0,580,97170200.0
3900,2014/06/03,327,90,597.0,329.0,1106.0,612,77754000.0
3901,2014/06/04,769,53,385.0,163.0,864.0,433,80798000.0
3902,2014/06/05,790,49,337.0,128.0,729.0,426,78880600.0
3903,2014/06/06,928,99,426.0,294.0,973.0,472,79771000.0
3904,2014/06/09,620,110,436.0,182.0,844.0,398,93258200.0
3905,2014/06/10,431,65,416.0,105.0,1058.0,483,77519200.0
3906,2014/06/11,334,85,309.0,157.0,380.0,500,78122800.0
3907,2014/06/12,429,92,411.0,238.0,795.0,406,76993600.0
3908,2014/06/13,690,80,421.0,163.0,895.0,346,88693400.0
3909,2014/06/16,797,81,249.0,157.0,283.0,365,103325800.0
3910,2014/06/17,226,98,245.0,182.0,310.0,682,79836000.0
3911,2014/06/18,084,52,407.0,118.0,856.0,446,82531200.0
3912,2014/06/19,568,75,489.0,238.0,910.0,461,81946800.0
3913,2014/06/20,644,74,231.0,133.0,290.0,675,85465800.0
3914,2014/06/23,338,119,254.0,175.0,269.0,629,100244800.0
3915,2014/06/24,955,48,196.0,105.0,299.0,654,78407600.0
3916,2014/06/25,732,66,491.0,138.0,1129.0,511,84291600.0
3917,2014/06/26,101,72,227.0,174.0,259.0,437,83100000.0
3918,2014/06/27,785,46,362.0,119.0,848.0,414,84942600.0
3919,2014/06/30,092,80,566.0,170.0,987.0,540,101897600.0
3920,2014/07/01,571,74,613.0,242.0,1377.0,579,81069600.0
3921,2014/07/02,953,73,463.0,139.0,1000.0,423,84159600.0
3922,2014/07/03,307,95,713.0,286.0,1581.0,394,80926600.0
3923,2014/07/04,583,103,691.0,246.0,1441.0,500,85753200.0
3924,2014/07/07,076,95,538.0,197.0,1018.0,602,99025600.0
3925,2014/07/08,856,59,425.0,138.0,801.0,446,78087800.0
3926,2014/07/09,389,76,401.0,216.0,842.0,376,78516600.0
3927,2014/07/10,647,75,384.0,163.0,827.0,654,79573200.0
3928,2014/07/11,398,62,424.0,177.0,878.0,624,84605800.0
3929,2014/07/14,061,72,533.0,125.0,1146.0,468,97959400.0
3930,2014/07/15,495,88,432.0,216.0,887.0,472,78992000.0
3931,2014/07/16,239,62,442.0,197.0,1013.0,536,80744000.0
3932,2014/07/17,621,98,594.0,257.0,1279.0,454,80832800.0
3933,2014/07/18,790,69,373.0,172.0,731.0,392,83731400.0
3934,2014/07/21,954,100,411.0,172.0,756.0,523,88971800.0
3935,2014/07/22,197,52,481.0,169.0,976.0,361,76816600.0
3936,2014/07/23,059,94,431.0,178.0,785.0,654,77869200.0
3937,2014/07/24,070,40,188.0,94.0,272.0,311,76889000.0
3938,2014/07/25,498,57,373.0,159.0,765.0,530,81410000.0
3939,2014/07/28,190,89,729.0,206.0,1298.0,528,94699800.0
3940,2014/07/29,234,74,387.0,198.0,733.0,425,76141200.0
3941,2014/07/30,392,74,483.0,176.0,1018.0,384,78469200.0
3942,2014/07/31,649,83,491.0,184.0,1040.0,457,80116000.0
3943,2014/08/01,940,77,450.0,172.0,1098.0,356,83350000.0
3944,2014/08/04,764,93,479.0,154.0,891.0,510,93510000.0
3945,2014/08/05,955,39,164.0,74.0,209.0,548,75248400.0
3946,2014/08/06,933,48,274.0,112.0,367.0,531,78887800.0
3947,2014/08/07,857,114,412.0,165.0,915.0,394,77083200.0
3948,2014/08/08,031,53,428.0,105.0,918.0,371,80583200.0
3949,2014/08/11,793,79,643.0,208.0,1030.0,656,91743800.0
3950,2014/08/12,448,88,291.0,179.0,251.0,529,75568400.0
3951,2014/08/13,528,101,650.0,325.0,1193.0,422,75276000.0
3952,2014/08/14,371,70,523.0,186.0,1139.0,285,72206800.0
3953,2014/08/15,122,90,240.0,169.0,368.0,545,83533200.0
3954,2014/08/18,425,128,612.0,350.0,1093.0,635,100074800.0
3955,2014/08/19,701,54,462.0,203.0,901.0,420,77143000.0
3956,2014/08/20,852,77,536.0,124.0,1097.0,453,78519800.0
3957,2014/08/21,059,63,375.0,144.0,744.0,283,79219600.0
3958,2014/08/22,685,69,417.0,148.0,815.0,398,81180800.0
3959,2014/08/25,105,119,590.0,260.0,1047.0,446,99084600.0
3960,2014/08/26,958,101,441.0,201.0,930.0,545,77395200.0
3961,2014/08/27,314,122,459.0,302.0,787.0,696,81335600.0
3962,2014/08/28,376,64,438.0,202.0,888.0,421,81571400.0
3963,2014/08/29,653,78,401.0,132.0,826.0,499,85223400.0
3964,2014/09/01,151,89,235.0,123.0,448.0,546,100078600.0
3965,2014/09/02,721,112,678.0,350.0,1315.0,362,80908400.0
3966,2014/09/03,058,71,457.0,173.0,926.0,380,83235200.0
3967,2014/09/04,586,79,480.0,178.0,1003.0,390,80177200.0
3968,2014/09/05,621,99,609.0,227.0,1366.0,324,85197600.0
3969,2014/09/08,802,128,565.0,299.0,963.0,489,98873200.0
3970,2014/09/09,983,47,534.0,151.0,1294.0,336,78098200.0
3971,2014/09/10,816,124,506.0,304.0,1222.0,965,80965400.0
3972,2014/09/11,644,52,177.0,91.0,193.0,643,78876600.0
3973,2014/09/12,249,55,552.0,185.0,1120.0,485,84204200.0
3974,2014/09/15,509,76,565.0,181.0,1048.0,407,90814400.0
3975,2014/09/16,289,41,419.0,138.0,1016.0,415,73460000.0
3976,2014/09/17,927,108,450.0,293.0,1062.0,475,79537400.0
3977,2014/09/18,498,85,378.0,209.0,731.0,670,78769200.0
3978,2014/09/19,181,72,245.0,142.0,382.0,415,82347400.0
3979,2014/09/22,174,102,855.0,247.0,1845.0,602,96057800.0
3980,2014/09/23,468,79,385.0,197.0,686.0,390,70301600.0
3981,2014/09/24,697,75,342.0,165.0,712.0,340,76093600.0
3982,2014/09/25,113,113,232.0,203.0,318.0,369,77903000.0
3983,2014/09/26,517,85,614.0,288.0,1143.0,526,83253200.0
3984,2014/09/29,786,92,447.0,192.0,857.0,449,96198000.0
3985,2014/09/30,066,180,357.0,186.0,445.0,1089,77404200.0
3986,2014/10/01,354,84,451.0,162.0,872.0,481,78151600.0
3987,2014/10/02,045,64,345.0,122.0,734.0,495,77132400.0
3988,2014/10/03,745,60,436.0,162.0,807.0,333,81247800.0
3989,2014/10/06,065,69,445.0,134.0,835.0,451,90458000.0
3990,2014/10/07,890,72,459.0,215.0,1095.0,441,75792400.0
3991,2014/10/08,148,91,551.0,179.0,1096.0,448,79285200.0
3992,2014/10/09,178,133,635.0,333.0,1276.0,537,76180600.0
3993,2014/10/10,782,89,581.0,209.0,1329.0,481,81576800.0
3994,2014/10/13,509,73,508.0,196.0,987.0,369,80033600.0
3995,2014/10/14,369,164,609.0,460.0,1129.0,393,69324600.0
3996,2014/10/15,893,113,677.0,371.0,1279.0,509,81062000.0
3997,2014/10/16,963,95,527.0,227.0,1174.0,409,80912200.0
3998,2014/10/17,908,112,513.0,254.0,1231.0,392,84210000.0
3999,2014/10/20,717,118,279.0,195.0,270.0,622,97254600.0
4000,2014/10/21,404,55,235.0,128.0,423.0,360,76199400.0
4001,2014/10/22,373,144,257.0,193.0,284.0,495,74760800.0
4002,2014/10/23,336,60,145.0,90.0,226.0,685,76962400.0
4003,2014/10/24,799,66,182.0,105.0,264.0,672,84399400.0
4004,2014/10/27,444,443,,,,666,99072000.0
4005,2014/10/28,260,64,282.0,121.0,642.0,299,76784400.0
4006,2014/10/29,009,60,179.0,137.0,285.0,384,78915000.0
4007,2014/10/30,274,94,582.0,271.0,1186.0,396,77578200.0
4008,2014/10/31,885,57,235.0,157.0,277.0,538,82298000.0
4009,2014/11/03,040,67,205.0,97.0,289.0,407,88709600.0
4010,2014/11/04,832,71,452.0,152.0,957.0,469,75407400.0
4011,2014/11/05,861,49,465.0,124.0,1149.0,438,78768200.0
4012,2014/11/06,551,140,457.0,327.0,470.0,470,77047200.0
4013,2014/11/07,866,53,200.0,111.0,264.0,518,80475200.0
4014,2014/11/10,611,137,357.0,240.0,511.0,726,93616600.0
4015,2014/11/11,181,96,308.0,157.0,450.0,320,74573400.0
4016,2014/11/12,112,184,443.0,388.0,390.0,658,77201200.0
4017,2014/11/13,277,95,292.0,179.0,372.0,560,76033400.0
4018,2014/11/14,194,75,380.0,167.0,865.0,514,79979600.0
4019,2014/11/17,335,136,342.0,230.0,284.0,524,91518000.0
4020,2014/11/18,618,133,440.0,278.0,882.0,755,72475200.0
4021,2014/11/19,095,48,482.0,162.0,1104.0,264,75656000.0
4022,2014/11/20,536,72,353.0,153.0,669.0,432,72814800.0
4023,2014/11/21,426,96,496.0,207.0,982.0,489,77538200.0
4024,2014/11/24,000,289,,,,817,84415400.0
4025,2014/11/25,303,82,286.0,151.0,297.0,537,68993400.0
4026,2014/11/26,372,67,518.0,177.0,1205.0,423,72077000.0
4027,2014/11/27,384,61,430.0,137.0,732.0,414,76218800.0
4028,2014/11/28,990,69,203.0,174.0,309.0,424,80391200.0
4029,2014/12/01,913,114,712.0,276.0,1365.0,442,93551200.0
4030,2014/12/02,725,117,508.0,314.0,1022.0,456,73305000.0
4031,2014/12/03,076,57,299.0,135.0,673.0,359,76142400.0
4032,2014/12/04,916,86,432.0,265.0,930.0,334,71826000.0
4033,2014/12/05,384,67,400.0,166.0,829.0,350,80119800.0
4034,2014/12/08,900,80,202.0,133.0,333.0,542,92470600.0
4035,2014/12/09,312,115,422.0,182.0,802.0,352,72676400.0
4036,2014/12/10,501,70,379.0,185.0,901.0,440,78554000.0
4037,2014/12/11,840,79,291.0,124.0,678.0,335,76249800.0
4038,2014/12/12,410,223,682.0,339.0,1194.0,498,85714200.0
4039,2014/12/15,511,162,427.0,281.0,591.0,827,106322600.0
4040,2014/12/16,889,79,173.0,128.0,218.0,460,78025800.0
4041,2014/12/17,235,111,483.0,215.0,986.0,365,81814600.0
4042,2014/12/18,983,51,616.0,167.0,1496.0,332,80516200.0
4043,2014/12/19,929,124,219.0,201.0,274.0,480,86633600.0
4044,2014/12/22,853,113,880.0,196.0,1779.0,520,103156600.0
4045,2014/12/23,330,170,282.0,261.0,320.0,464,75698000.0
4046,2014/12/24,516,121,445.0,239.0,914.0,426,85066400.0
4047,2014/12/25,728,137,619.0,407.0,1073.0,586,85609800.0
4048,2014/12/26,167,119,568.0,291.0,1158.0,806,89935400.0
4049,2014/12/29,537,115,876.0,231.0,1519.0,554,106226200.0
4050,2014/12/30,642,101,732.0,196.0,1447.0,555,86782800.0
4051,2015/01/05,025,106,519.0,204.0,991.0,607,103500800.0
4052,2015/01/06,202,113,299.0,177.0,343.0,327,79740600.0
4053,2015/01/07,826,102,446.0,254.0,894.0,439,83573400.0
4054,2015/01/08,211,83,267.0,132.0,356.0,406,79491200.0
4055,2015/01/09,031,65,623.0,118.0,1298.0,441,85656800.0
4056,2015/01/12,763,84,508.0,172.0,887.0,511,97687800.0
4057,2015/01/13,836,65,555.0,207.0,1057.0,668,80132800.0
4058,2015/01/14,271,78,643.0,230.0,1589.0,395,83863000.0
4059,2015/01/15,765,48,321.0,94.0,660.0,280,78408800.0
4060,2015/01/16,048,57,367.0,112.0,740.0,501,87591000.0
4061,2015/01/19,222,699,,,,656,101566000.0
4062,2015/01/20,597,88,375.0,159.0,708.0,670,78037400.0
4063,2015/01/21,772,53,225.0,128.0,327.0,430,78544400.0
4064,2015/01/22,849,89,353.0,119.0,864.0,417,75793000.0
4065,2015/01/23,432,77,529.0,201.0,995.0,553,85173800.0
4066,2015/01/26,996,71,239.0,135.0,253.0,667,103737400.0
4067,2015/01/27,722,92,334.0,249.0,515.0,421,80924200.0
4068,2015/01/28,740,56,359.0,108.0,854.0,283,82166600.0
4069,2015/01/29,809,65,560.0,255.0,1153.0,420,81394400.0
4070,2015/01/30,355,60,263.0,125.0,239.0,595,80601600.0
4071,2015/02/02,192,92,811.0,239.0,1542.0,532,101014800.0
4072,2015/02/03,250,53,378.0,121.0,753.0,500,80384000.0
4073,2015/02/04,365,101,439.0,189.0,744.0,335,82702200.0
4074,2015/02/05,690,49,349.0,153.0,710.0,386,79124000.0
4075,2015/02/06,201,76,480.0,165.0,950.0,454,87229200.0
4076,2015/02/09,377,87,227.0,142.0,337.0,505,98556400.0
4077,2015/02/10,583,86,632.0,238.0,1206.0,708,79360000.0
4078,2015/02/11,266,60,205.0,117.0,274.0,538,76769600.0
4079,2015/02/12,349,79,419.0,155.0,966.0,414,81320800.0
4080,2015/02/13,539,75,479.0,199.0,1004.0,569,91216200.0
4081,2015/02/16,202,153,383.0,239.0,385.0,431,108827000.0
4082,2015/02/17,845,89,415.0,211.0,822.0,433,81295800.0
4083,2015/02/18,682,60,540.0,166.0,1170.0,477,83289400.0
4084,2015/02/19,521,126,684.0,275.0,1375.0,482,84935400.0
4085,2015/02/20,829,126,522.0,259.0,1026.0,480,88472200.0
4086,2015/02/23,618,160,670.0,374.0,1168.0,999,104659400.0
4087,2015/02/24,904,94,420.0,159.0,771.0,466,81055400.0
4088,2015/02/25,824,116,555.0,275.0,1019.0,509,85540200.0
4089,2015/02/26,574,45,379.0,113.0,901.0,495,80628600.0
4090,2015/02/27,311,152,393.0,279.0,432.0,647,89644000.0
4091,2015/03/02,161,78,267.0,128.0,414.0,450,102475200.0
4092,2015/03/03,462,114,572.0,207.0,1102.0,1393,80588000.0
4093,2015/03/04,227,140,326.0,364.0,392.0,612,83121000.0
4094,2015/03/05,751,78,611.0,163.0,1349.0,537,82141400.0
4095,2015/03/06,526,122,647.0,318.0,1162.0,479,85551200.0
4096,2015/03/09,862,103,738.0,203.0,1232.0,508,96869600.0
4097,2015/03/10,100,62,193.0,106.0,214.0,788,78666000.0
4098,2015/03/11,623,135,509.0,269.0,1031.0,484,79181600.0
4099,2015/03/12,553,70,200.0,96.0,262.0,386,79634600.0
4100,2015/03/13,302,86,598.0,226.0,1105.0,367,123108400.0
4101,2015/03/16,813,133,1083.0,341.0,1845.0,580,111008000.0
4102,2015/03/17,607,50,360.0,119.0,743.0,365,83740200.0
4103,2015/03/18,944,80,358.0,171.0,454.0,719,84539200.0
4104,2015/03/19,339,106,267.0,209.0,259.0,525,80318400.0
4105,2015/03/20,663,99,228.0,187.0,305.0,457,87194000.0
4106,2015/03/23,011,73,316.0,127.0,471.0,626,102511800.0
4107,2015/03/24,245,69,514.0,186.0,1002.0,334,77605800.0
4108,2015/03/25,427,137,662.0,283.0,1193.0,512,83776800.0
4109,2015/03/26,908,63,514.0,278.0,1154.0,439,84087000.0
4110,2015/03/27,928,113,550.0,276.0,975.0,603,86978200.0
4111,2015/03/30,187,63,762.0,186.0,1396.0,664,102623600.0
4112,2015/03/31,007,87,257.0,150.0,250.0,288,81308400.0
4113,2015/04/01,336,83,249.0,169.0,271.0,645,81651400.0
4114,2015/04/02,677,99,278.0,188.0,371.0,466,83229400.0
4115,2015/04/03,845,78,491.0,211.0,876.0,395,83649800.0
4116,2015/04/06,159,95,686.0,228.0,1188.0,482,100917200.0
4117,2015/04/07,589,85,344.0,222.0,732.0,410,76520200.0
4118,2015/04/08,521,64,500.0,157.0,951.0,417,77809600.0
4119,2015/04/09,988,61,234.0,108.0,275.0,1003,80080800.0
4120,2015/04/10,658,76,446.0,169.0,848.0,540,81361000.0
4121,2015/04/13,507,87,481.0,225.0,787.0,410,95748400.0
4122,2015/04/14,986,41,336.0,146.0,795.0,412,75040600.0
4123,2015/04/15,675,91,599.0,190.0,1054.0,659,87964800.0
4124,2015/04/16,009,78,223.0,148.0,306.0,410,88746800.0
4125,2015/04/17,348,66,495.0,201.0,947.0,504,88022400.0
4126,2015/04/20,164,96,677.0,268.0,1286.0,594,100529600.0
4127,2015/04/21,222,521,,,,728,82935200.0
4128,2015/04/22,220,107,328.0,179.0,416.0,463,82195600.0
4129,2015/04/23,081,56,455.0,109.0,1067.0,360,81307200.0
4130,2015/04/24,153,113,756.0,207.0,1580.0,477,87276200.0
4131,2015/04/27,190,58,638.0,187.0,1235.0,761,103401200.0
4132,2015/04/28,450,50,408.0,130.0,821.0,298,81751600.0
4133,2015/04/29,899,72,296.0,199.0,344.0,869,77025600.0
4134,2015/04/30,242,57,275.0,105.0,402.0,442,83960200.0
4135,2015/05/01,897,46,586.0,165.0,1239.0,415,88064800.0
4136,2015/05/04,636,59,262.0,122.0,280.0,692,90638800.0
4137,2015/05/05,856,43,384.0,150.0,790.0,508,72881600.0
4138,2015/05/06,906,52,329.0,113.0,617.0,381,75681800.0
4139,2015/05/07,905,47,477.0,208.0,1035.0,412,78667600.0
4140,2015/05/08,440,110,347.0,192.0,526.0,431,85997200.0
4141,2015/05/11,356,111,602.0,195.0,838.0,427,100857200.0
4142,2015/05/12,800,67,204.0,140.0,241.0,830,75232800.0
4143,2015/05/13,595,49,206.0,93.0,280.0,370,79842400.0
4144,2015/05/14,361,67,467.0,149.0,1062.0,407,77667800.0
4145,2015/05/15,735,109,652.0,246.0,1101.0,502,84431000.0
4146,2015/05/18,991,77,292.0,145.0,427.0,706,96763000.0
4147,2015/05/19,433,91,210.0,103.0,269.0,839,76382600.0
4148,2015/05/20,576,40,423.0,105.0,749.0,447,79033400.0
4149,2015/05/21,934,60,436.0,159.0,987.0,588,79292200.0
4150,2015/05/22,977,81,267.0,161.0,282.0,594,82220600.0
4151,2015/05/25,362,114,695.0,188.0,1382.0,471,99016600.0
4152,2015/05/26,166,56,218.0,127.0,359.0,658,78675200.0
4153,2015/05/27,309,70,416.0,230.0,785.0,455,80804200.0
4154,2015/05/28,384,63,376.0,176.0,729.0,471,78931000.0
4155,2015/05/29,778,83,252.0,179.0,300.0,630,82715600.0
4156,2015/06/01,465,95,573.0,190.0,996.0,555,97995200.0
4157,2015/06/02,641,74,385.0,78.0,811.0,471,77393000.0
4158,2015/06/03,537,81,639.0,173.0,1216.0,440,78294800.0
4159,2015/06/04,858,60,240.0,141.0,313.0,429,79822200.0
4160,2015/06/05,191,87,324.0,128.0,527.0,327,81975600.0
4161,2015/06/08,081,63,687.0,146.0,1296.0,387,95754400.0
4162,2015/06/09,240,92,501.0,196.0,1058.0,316,75004400.0
4163,2015/06/10,455,62,235.0,120.0,256.0,817,78977400.0
4164,2015/06/11,402,85,373.0,195.0,747.0,347,76605800.0
4165,2015/06/12,549,102,462.0,269.0,983.0,408,80908200.0
4166,2015/06/15,690,74,492.0,185.0,956.0,605,101721000.0
4167,2015/06/16,589,89,410.0,226.0,864.0,559,82770000.0
4168,2015/06/17,451,81,496.0,194.0,1094.0,473,84355400.0
4169,2015/06/18,313,137,373.0,255.0,339.0,807,82427400.0
4170,2015/06/19,258,108,656.0,268.0,1157.0,421,84796000.0
4171,2015/06/22,880,78,306.0,171.0,340.0,751,101830000.0
4172,2015/06/23,454,80,266.0,140.0,351.0,438,78179000.0
4173,2015/06/24,691,64,490.0,161.0,1125.0,383,80790000.0
4174,2015/06/25,885,80,221.0,122.0,304.0,516,83645800.0
4175,2015/06/26,086,61,466.0,149.0,873.0,417,84801800.0
4176,2015/06/29,319,142,648.0,277.0,1131.0,756,102291600.0
4177,2015/06/30,686,60,169.0,104.0,235.0,299,81554200.0
4178,2015/07/01,470,62,414.0,139.0,896.0,626,82915800.0
4179,2015/07/02,516,97,452.0,224.0,869.0,440,83324200.0
4180,2015/07/03,447,78,227.0,142.0,270.0,638,85761000.0
4181,2015/07/06,174,87,924.0,193.0,1795.0,616,100393800.0
4182,2015/07/07,097,60,387.0,118.0,869.0,370,80492000.0
4183,2015/07/08,583,87,649.0,313.0,1433.0,496,80613400.0
4184,2015/07/09,590,43,500.0,151.0,1007.0,425,78823200.0
4185,2015/07/10,818,131,274.0,260.0,301.0,536,85246600.0
4186,2015/07/13,721,220,926.0,445.0,1583.0,750,94980600.0
4187,2015/07/14,279,114,489.0,253.0,1018.0,825,74063000.0
4188,2015/07/15,023,56,377.0,139.0,813.0,458,78771400.0
4189,2015/07/16,334,84,325.0,235.0,264.0,427,74501600.0
4190,2015/07/17,598,67,392.0,163.0,756.0,688,79018200.0
4191,2015/07/20,844,67,279.0,120.0,348.0,724,86182000.0
4192,2015/07/21,895,51,307.0,86.0,711.0,406,73863000.0
4193,2015/07/22,013,57,365.0,109.0,825.0,286,74595400.0
4194,2015/07/23,300,111,252.0,180.0,254.0,776,74843600.0
4195,2015/07/24,468,80,397.0,206.0,846.0,570,79162600.0
4196,2015/07/27,287,77,887.0,204.0,1681.0,565,92725800.0
4197,2015/07/28,080,36,167.0,97.0,219.0,332,74211000.0
4198,2015/07/29,461,67,454.0,133.0,808.0,405,76541000.0
4199,2015/07/30,409,69,338.0,208.0,679.0,416,75559200.0
4200,2015/07/31,004,67,336.0,184.0,384.0,317,80136200.0
4201,2015/08/03,336,119,257.0,172.0,228.0,681,89943000.0
4202,2015/08/04,907,59,314.0,136.0,580.0,333,72594000.0
4203,2015/08/05,275,85,635.0,215.0,1366.0,475,75822200.0
4204,2015/08/06,426,80,504.0,252.0,976.0,418,73334000.0
4205,2015/08/07,802,84,414.0,247.0,850.0,384,76672400.0
4206,2015/08/10,567,90,445.0,206.0,709.0,392,89721800.0
4207,2015/08/11,419,78,355.0,218.0,798.0,463,72560800.0
4208,2015/08/12,119,147,319.0,273.0,294.0,290,73891400.0
4209,2015/08/13,809,79,648.0,363.0,1477.0,412,70201400.0
4210,2015/08/14,859,55,622.0,213.0,1421.0,397,81144400.0
4211,2015/08/17,507,95,451.0,216.0,818.0,398,93554400.0
4212,2015/08/18,978,54,594.0,177.0,1134.0,571,78109000.0
4213,2015/08/19,580,72,546.0,162.0,944.0,476,78146400.0
4214,2015/08/20,214,82,489.0,220.0,953.0,583,78339200.0
4215,2015/08/21,372,82,545.0,207.0,1321.0,451,81950400.0
4216,2015/08/24,315,216,815.0,414.0,1269.0,1153,95148400.0
4217,2015/08/25,282,63,265.0,110.0,450.0,373,74637800.0
4218,2015/08/26,920,106,418.0,224.0,844.0,350,78738400.0
4219,2015/08/27,778,61,217.0,161.0,232.0,354,79186000.0
4220,2015/08/28,169,62,501.0,197.0,1085.0,860,82204000.0
4221,2015/08/31,763,79,534.0,142.0,1004.0,486,96831800.0
4222,2015/09/01,104,109,436.0,264.0,852.0,309,76363200.0
4223,2015/09/02,787,36,174.0,125.0,270.0,362,79810200.0
4224,2015/09/03,890,73,604.0,281.0,1359.0,648,78884000.0
4225,2015/09/04,489,68,441.0,217.0,790.0,531,83598400.0
4226,2015/09/07,678,147,511.0,292.0,839.0,790,97073600.0
4227,2015/09/08,423,63,419.0,183.0,857.0,345,73435800.0
4228,2015/09/09,896,44,304.0,143.0,680.0,421,74103400.0
4229,2015/09/10,468,101,469.0,264.0,848.0,351,76833200.0
4230,2015/09/11,549,55,499.0,216.0,1008.0,426,83705600.0
4231,2015/09/14,820,98,426.0,201.0,838.0,348,96472400.0
4232,2015/09/15,759,65,423.0,146.0,795.0,329,76778000.0
4233,2015/09/16,117,213,326.0,377.0,361.0,639,79021600.0
4234,2015/09/17,306,95,326.0,221.0,832.0,318,72625200.0
4235,2015/09/18,302,54,335.0,141.0,748.0,250,79724400.0
4236,2015/09/21,243,59,544.0,143.0,1039.0,742,83876200.0
4237,2015/09/22,264,55,555.0,119.0,1090.0,323,68047600.0
4238,2015/09/23,144,49,208.0,113.0,310.0,587,70746600.0
4239,2015/09/24,924,258,649.0,616.0,897.0,581,73065600.0
4240,2015/09/25,792,87,522.0,161.0,1206.0,441,79366000.0
4241,2015/09/28,191,50,337.0,113.0,494.0,450,96546400.0
4242,2015/09/29,166,58,205.0,107.0,260.0,467,76674800.0
4243,2015/09/30,945,49,344.0,104.0,711.0,549,79103800.0
4244,2015/10/01,203,51,354.0,170.0,688.0,429,75917400.0
4245,2015/10/02,468,88,454.0,286.0,861.0,413,80551200.0
4246,2015/10/05,173,67,701.0,190.0,1316.0,437,96596800.0
4247,2015/10/06,524,110,451.0,216.0,828.0,438,75405800.0
4248,2015/10/07,425,98,381.0,229.0,631.0,505,77501400.0
4249,2015/10/08,321,98,466.0,187.0,1031.0,328,76173800.0
4250,2015/10/09,658,50,500.0,182.0,1000.0,433,81181400.0
4251,2015/10/12,185,67,635.0,195.0,1270.0,449,86395400.0
4252,2015/10/13,418,96,431.0,248.0,903.0,487,69863400.0
4253,2015/10/14,119,111,268.0,250.0,293.0,458,75533600.0
4254,2015/10/15,288,58,238.0,121.0,355.0,571,83729000.0
4255,2015/10/16,503,112,397.0,296.0,959.0,314,83686800.0
4256,2015/10/19,363,83,288.0,149.0,352.0,438,97125600.0
4257,2015/10/20,504,57,327.0,159.0,717.0,370,77083200.0
4258,2015/10/21,458,78,518.0,233.0,1010.0,385,81159000.0
4259,2015/10/22,396,69,659.0,250.0,1623.0,432,79844000.0
4260,2015/10/23,686,60,217.0,141.0,263.0,477,85108400.0
4261,2015/10/26,370,96,624.0,140.0,1365.0,542,99998400.0
4262,2015/10/27,906,48,360.0,161.0,751.0,408,78929200.0
4263,2015/10/28,049,45,328.0,124.0,834.0,383,82529200.0
4264,2015/10/29,118,162,345.0,318.0,380.0,421,81927600.0
4265,2015/10/30,394,65,421.0,152.0,896.0,415,85611000.0
4266,2015/11/02,675,77,654.0,213.0,1082.0,480,96944600.0
4267,2015/11/03,230,55,464.0,128.0,899.0,558,72805400.0
4268,2015/11/04,675,44,414.0,112.0,747.0,268,80191400.0
4269,2015/11/05,715,117,597.0,291.0,1048.0,399,81055600.0
4270,2015/11/06,220,80,270.0,172.0,282.0,378,84727600.0
4271,2015/11/09,708,88,443.0,213.0,787.0,517,95486600.0
4272,2015/11/10,945,54,454.0,159.0,903.0,378,76390800.0
4273,2015/11/11,493,71,432.0,188.0,826.0,487,81760400.0
4274,2015/11/12,711,121,325.0,155.0,536.0,597,78464800.0
4275,2015/11/13,050,56,212.0,137.0,248.0,343,81356400.0
4276,2015/11/16,305,415,585.0,280.0,906.0,739,92905400.0
4277,2015/11/17,757,66,212.0,124.0,210.0,536,72356600.0
4278,2015/11/18,414,85,174.0,177.0,193.0,384,73140800.0
4279,2015/11/19,161,72,324.0,166.0,505.0,376,76952600.0
4280,2015/11/20,851,52,438.0,142.0,918.0,406,79667600.0
4281,2015/11/23,359,86,533.0,229.0,1016.0,323,85042200.0
4282,2015/11/24,691,54,411.0,133.0,1001.0,298,72089400.0
4283,2015/11/25,748,63,466.0,226.0,936.0,477,76885400.0
4284,2015/11/26,895,71,632.0,228.0,1233.0,437,75511400.0
4285,2015/11/27,372,58,528.0,199.0,1235.0,526,79865800.0
4286,2015/11/30,547,100,558.0,203.0,921.0,578,96073400.0
4287,2015/12/01,784,61,433.0,147.0,774.0,409,78470200.0
4288,2015/12/02,999,522,,,,599,81152800.0
4289,2015/12/03,422,73,192.0,162.0,260.0,567,76692200.0
4290,2015/12/04,192,64,575.0,173.0,1251.0,387,81963800.0
4291,2015/12/07,429,130,811.0,360.0,1328.0,805,97550600.0
4292,2015/12/08,368,109,574.0,278.0,1149.0,468,76623800.0
4293,2015/12/09,687,87,418.0,130.0,844.0,521,79044800.0
4294,2015/12/10,336,98,266.0,201.0,225.0,745,79741000.0
4295,2015/12/11,332,104,233.0,126.0,255.0,495,82708400.0
4296,2015/12/14,671,83,583.0,223.0,1093.0,540,100407600.0
4297,2015/12/15,484,63,309.0,117.0,299.0,332,84190800.0
4298,2015/12/16,166,93,242.0,130.0,325.0,584,87382000.0
4299,2015/12/17,308,152,462.0,317.0,950.0,395,86045000.0
4300,2015/12/18,966,82,270.0,134.0,294.0,357,88419000.0
4301,2015/12/21,530,109,527.0,204.0,959.0,444,102761400.0
4302,2015/12/22,454,83,198.0,133.0,263.0,423,83034800.0
4303,2015/12/23,447,70,204.0,139.0,198.0,404,78669000.0
4304,2015/12/24,187,47,508.0,123.0,1083.0,419,86563800.0
4305,2015/12/25,166,107,255.0,148.0,334.0,547,92422200.0
4306,2015/12/28,549,104,853.0,276.0,1584.0,521,112410800.0
4307,2015/12/29,710,95,441.0,282.0,852.0,681,91582400.0
4308,2015/12/30,350,63,485.0,177.0,1058.0,379,95408200.0
4309,2016/01/04,748,51,502.0,187.0,937.0,456,
4310,2016/01/05,988,98,293.0,207.0,364.0,554,
4311,2016/01/06,274,100,568.0,220.0,1145.0,540,
4312,2016/01/07,603,75,419.0,191.0,902.0,403,
4313,2016/01/08,797,58,227.0,182.0,234.0,730,
4314,2016/01/11,787,118,432.0,209.0,501.0,502,
4315,2016/01/12,946,77,415.0,188.0,932.0,1252,
4316,2016/01/13,081,54,519.0,137.0,1103.0,375,
4317,2016/01/14,727,95,216.0,205.0,262.0,649,
4318,2016/01/15,992,57,322.0,147.0,423.0,419,
4319,2016/01/18,283,111,624.0,211.0,1282.0,480,
4320,2016/01/19,392,62,458.0,175.0,969.0,277,
4321,2016/01/20,814,116,547.0,243.0,1064.0,483,
4322,2016/01/21,725,196,718.0,454.0,1175.0,729,
4323,2016/01/22,751,60,655.0,166.0,1232.0,698,
4324,2016/01/25,211,88,446.0,191.0,531.0,621,
4325,2016/01/26,564,39,387.0,109.0,718.0,342,
4326,2016/01/27,504,78,408.0,175.0,802.0,377,
4327,2016/01/28,234,74,502.0,212.0,1003.0,429,
4328,2016/01/29,694,36,377.0,141.0,781.0,340,
4329,2016/02/01,366,99,309.0,165.0,314.0,664,
4330,2016/02/02,602,71,355.0,155.0,650.0,400,
4331,2016/02/03,712,113,663.0,274.0,1471.0,582,
4332,2016/02/04,182,83,645.0,162.0,1455.0,443,
4333,2016/02/05,418,100,457.0,312.0,941.0,605,
4334,2016/02/08,305,126,681.0,299.0,1110.0,467,
4335,2016/02/09,344,67,203.0,118.0,273.0,634,
4336,2016/02/10,307,86,400.0,202.0,833.0,366,
4337,2016/02/11,136,88,515.0,196.0,1104.0,562,
4338,2016/02/12,147,152,739.0,344.0,1491.0,460,
4339,2016/02/15,886,115,273.0,182.0,368.0,633,
4340,2016/02/16,721,141,595.0,281.0,1194.0,428,
4341,2016/02/17,092,74,478.0,157.0,1033.0,495,
4342,2016/02/18,934,64,437.0,158.0,998.0,398,
4343,2016/02/19,055,62,288.0,120.0,401.0,822,
4344,2016/02/22,456,150,624.0,306.0,861.0,640,
4345,2016/02/23,908,92,536.0,332.0,1158.0,450,
4346,2016/02/24,837,82,532.0,190.0,1239.0,475,
4347,2016/02/25,878,78,316.0,178.0,378.0,615,
4348,2016/02/26,250,50,381.0,122.0,783.0,424,
4349,2016/02/29,311,169,459.0,314.0,549.0,686,
4350,2016/03/01,099,36,205.0,109.0,296.0,609,
4351,2016/03/02,927,88,492.0,291.0,1070.0,483,
4352,2016/03/03,002,143,215.0,133.0,285.0,388,
4353,2016/03/04,201,105,695.0,231.0,1244.0,537,
4354,2016/03/07,405,120,436.0,230.0,774.0,371,
4355,2016/03/08,500,100,275.0,146.0,270.0,1105,
4356,2016/03/09,334,82,228.0,167.0,264.0,385,
4357,2016/03/10,244,93,307.0,161.0,390.0,781,
4358,2016/03/11,200,128,186.0,161.0,189.0,724,
4359,2016/03/14,426,135,790.0,298.0,1216.0,462,
4360,2016/03/15,986,68,376.0,123.0,821.0,419,
4361,2016/03/16,937,54,399.0,129.0,853.0,370,
4362,2016/03/17,146,73,459.0,128.0,935.0,416,
4363,2016/03/18,213,93,592.0,222.0,1083.0,521,
4364,2016/03/21,257,107,699.0,235.0,1153.0,416,
4365,2016/03/22,187,49,475.0,114.0,964.0,433,
4366,2016/03/23,355,94,276.0,176.0,223.0,468,
4367,2016/03/24,207,108,400.0,252.0,790.0,391,
4368,2016/03/25,913,80,511.0,232.0,1126.0,306,
4369,2016/03/28,457,76,475.0,250.0,821.0,531,
4370,2016/03/29,446,92,264.0,145.0,213.0,504,
4371,2016/03/30,622,112,301.0,193.0,389.0,660,
4372,2016/03/31,654,53,542.0,107.0,1006.0,465,
4373,2016/04/01,375,134,745.0,329.0,1311.0,500,
4374,2016/04/04,304,123,538.0,235.0,920.0,460,
4375,2016/04/05,602,61,301.0,132.0,598.0,347,
4376,2016/04/06,878,79,223.0,120.0,270.0,439,
4377,2016/04/07,065,44,313.0,87.0,711.0,490,
4378,2016/04/08,863,43,570.0,181.0,1137.0,409,
4379,2016/04/11,900,92,316.0,179.0,320.0,869,
4380,2016/04/12,813,83,549.0,254.0,1256.0,400,
4381,2016/04/13,763,57,426.0,134.0,760.0,239,
4382,2016/04/14,661,79,278.0,136.0,388.0,302,
4383,2016/04/15,836,67,591.0,192.0,1106.0,683,
4384,2016/04/18,180,77,688.0,206.0,1302.0,396,
4385,2016/04/19,230,63,504.0,136.0,973.0,345,
4386,2016/04/20,660,158,385.0,202.0,390.0,566,
4387,2016/04/21,603,110,676.0,289.0,1332.0,446,
4388,2016/04/22,099,67,238.0,130.0,307.0,814,
4389,2016/04/25,188,118,353.0,218.0,463.0,719,
4390,2016/04/26,263,74,564.0,155.0,1189.0,441,
4391,2016/04/27,962,49,484.0,144.0,1066.0,360,
4392,2016/04/28,183,105,665.0,226.0,1395.0,364,
4393,2016/04/29,183,72,554.0,204.0,1297.0,270,
4394,2016/05/02,701,73,579.0,232.0,938.0,457,
4395,2016/05/03,732,75,539.0,141.0,1270.0,425,
4396,2016/05/04,942,57,510.0,101.0,1116.0,438,
4397,2016/05/05,987,46,452.0,151.0,939.0,415,
4398,2016/05/06,528,158,621.0,351.0,1124.0,590,
4399,2016/05/09,468,189,618.0,328.0,907.0,522,
4400,2016/05/10,933,36,227.0,115.0,278.0,888,
4401,2016/05/11,511,324,449.0,532.0,431.0,698,
4402,2016/05/12,497,88,379.0,157.0,874.0,326,
4403,2016/05/13,339,72,227.0,169.0,271.0,656,
4404,2016/05/16,975,98,526.0,187.0,870.0,528,
4405,2016/05/17,750,80,379.0,169.0,826.0,365,
4406,2016/05/18,590,60,593.0,218.0,1214.0,433,
4407,2016/05/19,237,67,438.0,155.0,988.0,384,
4408,2016/05/20,402,81,478.0,233.0,993.0,524,
4409,2016/05/23,985,159,416.0,173.0,996.0,468,
4410,2016/05/24,664,43,204.0,133.0,249.0,440,
4411,2016/05/25,070,154,246.0,142.0,280.0,316,
4412,2016/05/26,642,65,542.0,148.0,1121.0,332,
4413,2016/05/27,271,56,617.0,191.0,1399.0,320,
4414,2016/05/30,921,126,600.0,227.0,1159.0,468,
4415,2016/05/31,397,100,419.0,169.0,866.0,326,
4416,2016/06/01,658,63,504.0,217.0,1055.0,499,
4417,2016/06/02,256,123,398.0,174.0,838.0,409,
4418,2016/06/03,093,54,389.0,127.0,839.0,399,
4419,2016/06/06,617,129,486.0,282.0,807.0,749,
4420,2016/06/07,034,38,278.0,109.0,585.0,467,
4421,2016/06/08,262,81,242.0,129.0,349.0,394,
4422,2016/06/09,355,59,219.0,103.0,255.0,571,
4423,2016/06/10,809,110,500.0,380.0,1178.0,638,
4424,2016/06/13,244,67,245.0,129.0,284.0,675,
4425,2016/06/14,543,61,489.0,137.0,1042.0,344,
4426,2016/06/15,742,80,636.0,173.0,1394.0,590,
4427,2016/06/16,370,57,431.0,149.0,986.0,340,
4428,2016/06/17,063,84,510.0,138.0,1102.0,614,
4429,2016/06/20,724,120,709.0,291.0,1264.0,617,
4430,2016/06/21,615,119,472.0,278.0,818.0,508,
4431,2016/06/22,125,107,471.0,285.0,914.0,434,
4432,2016/06/23,693,55,595.0,193.0,1408.0,304,
4433,2016/06/24,088,69,335.0,154.0,441.0,734,
4434,2016/06/27,440,151,396.0,280.0,444.0,427,
4435,2016/06/28,546,59,532.0,207.0,978.0,425,
4436,2016/06/29,748,97,462.0,271.0,915.0,535,
4437,2016/06/30,602,65,360.0,163.0,739.0,395,
4438,2016/07/01,958,57,460.0,141.0,1042.0,416,
4439,2016/07/04,728,162,684.0,428.0,1145.0,544,
4440,2016/07/05,514,122,425.0,245.0,875.0,409,
4441,2016/07/06,510,99,420.0,225.0,905.0,386,
4442,2016/07/07,003,44,208.0,110.0,278.0,365,
4443,2016/07/08,443,66,244.0,175.0,287.0,333,
4444,2016/07/11,826,132,638.0,291.0,1116.0,522,
4445,2016/07/12,716,117,423.0,255.0,787.0,449,
4446,2016/07/13,291,88,451.0,202.0,1028.0,412,
4447,2016/07/14,001,40,183.0,95.0,287.0,338,
4448,2016/07/15,292,49,270.0,137.0,377.0,431,
4449,2016/07/18,914,106,487.0,243.0,823.0,387,
4450,2016/07/19,804,97,343.0,230.0,637.0,448,
4451,2016/07/20,451,45,402.0,173.0,866.0,429,
4452,2016/07/21,095,68,445.0,152.0,1013.0,401,
4453,2016/07/22,141,86,298.0,147.0,446.0,419,
4454,2016/07/25,097,54,441.0,135.0,906.0,386,
4455,2016/07/26,356,81,375.0,184.0,738.0,339,
4456,2016/07/27,052,53,342.0,131.0,735.0,650,
4457,2016/07/28,047,50,396.0,136.0,852.0,407,
4458,2016/07/29,532,71,478.0,140.0,1097.0,455,
4459,2016/08/01,806,76,493.0,210.0,777.0,440,
4460,2016/08/02,206,57,401.0,187.0,769.0,305,
4461,2016/08/03,308,103,661.0,311.0,1414.0,392,
4462,2016/08/04,867,42,300.0,148.0,623.0,376,
4463,2016/08/05,623,108,571.0,298.0,1026.0,527,
4464,2016/08/08,682,58,663.0,136.0,1416.0,400,
4465,2016/08/09,058,45,382.0,127.0,770.0,339,
4466,2016/08/10,472,69,524.0,182.0,1132.0,447,
4467,2016/08/11,067,50,353.0,148.0,714.0,313,
4468,2016/08/12,377,73,221.0,148.0,327.0,940,
4469,2016/08/15,367,89,603.0,268.0,966.0,390,
4470,2016/08/16,773,178,238.0,215.0,302.0,431,
4471,2016/08/17,001,39,167.0,84.0,277.0,306,
4472,2016/08/18,142,59,500.0,124.0,1039.0,422,
4473,2016/08/19,768,44,353.0,146.0,642.0,407,
4474,2016/08/22,621,121,669.0,284.0,1241.0,441,
4475,2016/08/23,695,84,416.0,164.0,818.0,349,
4476,2016/08/24,431,56,415.0,116.0,1026.0,554,
4477,2016/08/25,111,459,,,,656,
4478,2016/08/26,100,189,380.0,285.0,534.0,972,
4479,2016/08/29,595,59,209.0,117.0,298.0,330,
4480,2016/08/30,988,59,182.0,113.0,275.0,493,
4481,2016/08/31,103,80,506.0,275.0,976.0,387,
4482,2016/09/01,054,56,381.0,124.0,782.0,524,
4483,2016/09/02,284,54,521.0,153.0,1057.0,425,
4484,2016/09/05,337,197,322.0,215.0,325.0,488,
4485,2016/09/06,509,71,417.0,222.0,925.0,546,
4486,2016/09/07,701,71,462.0,182.0,908.0,406,
4487,2016/09/08,346,49,377.0,162.0,885.0,442,
4488,2016/09/09,879,66,516.0,190.0,928.0,648,
4489,2016/09/12,450,71,469.0,178.0,829.0,398,
4490,2016/09/13,437,41,435.0,146.0,956.0,287,
4491,2016/09/14,927,89,469.0,262.0,973.0,486,
4492,2016/09/15,053,56,386.0,121.0,941.0,685,
4493,2016/09/16,804,54,409.0,176.0,688.0,402,
4494,2016/09/19,470,65,504.0,156.0,981.0,355,
4495,2016/09/20,401,76,353.0,173.0,845.0,354,
4496,2016/09/21,211,74,264.0,144.0,400.0,598,
4497,2016/09/22,373,73,197.0,148.0,245.0,241,
4498,2016/09/23,947,55,380.0,133.0,760.0,487,
4499,2016/09/26,545,68,251.0,127.0,228.0,539,
4500,2016/09/27,237,70,516.0,195.0,1155.0,399,
4501,2016/09/28,139,73,492.0,158.0,1004.0,500,
4502,2016/09/29,161,63,267.0,146.0,394.0,381,
4503,2016/09/30,719,84,509.0,282.0,885.0,545,
4504,2016/10/03,636,78,273.0,106.0,284.0,582,
4505,2016/10/04,167,64,458.0,190.0,834.0,429,
4506,2016/10/05,861,57,501.0,152.0,1296.0,273,
4507,2016/10/06,787,84,289.0,180.0,330.0,501,
4508,2016/10/07,316,123,596.0,293.0,1124.0,443,
4509,2016/10/10,657,66,520.0,135.0,908.0,464,
4510,2016/10/11,480,49,313.0,95.0,652.0,274,
4511,2016/10/12,829,83,468.0,224.0,1101.0,522,
4512,2016/10/13,662,39,171.0,89.0,224.0,437,
4513,2016/10/14,271,55,691.0,259.0,1421.0,444,
4514,2016/10/17,946,67,508.0,176.0,973.0,506,
4515,2016/10/18,410,71,534.0,208.0,1009.0,340,
4516,2016/10/19,774,66,215.0,124.0,259.0,525,
4517,2016/10/20,693,54,630.0,194.0,1338.0,511,
4518,2016/10/21,471,72,780.0,273.0,1583.0,283,
4519,2016/10/24,217,149,674.0,301.0,1295.0,623,
4520,2016/10/25,111,342,,,,580,
4521,2016/10/26,090,81,323.0,177.0,405.0,510,
4522,2016/10/27,640,53,471.0,174.0,843.0,302,
4523,2016/10/28,568,84,495.0,247.0,883.0,543,
4524,2016/10/31,485,83,554.0,165.0,1011.0,519,
4525,2016/11/01,643,63,435.0,149.0,918.0,408,
4526,2016/11/02,215,108,478.0,201.0,920.0,389,
4527,2016/11/03,306,120,425.0,302.0,836.0,419,
4528,2016/11/04,971,52,476.0,132.0,907.0,348,
4529,2016/11/07,721,174,1023.0,486.0,1713.0,525,
4530,2016/11/08,994,43,177.0,97.0,201.0,422,
4531,2016/11/09,687,36,397.0,131.0,743.0,398,
4532,2016/11/10,526,96,415.0,227.0,783.0,417,
4533,2016/11/11,623,82,568.0,267.0,987.0,416,
4534,2016/11/14,244,91,289.0,174.0,334.0,846,
4535,2016/11/15,697,44,357.0,137.0,711.0,378,
4536,2016/11/16,396,77,652.0,228.0,1326.0,490,
4537,2016/11/17,899,49,227.0,124.0,240.0,640,
4538,2016/11/18,281,72,513.0,150.0,1167.0,474,
4539,2016/11/21,722,110,361.0,237.0,401.0,780,
4540,2016/11/22,325,179,402.0,259.0,777.0,413,
4541,2016/11/23,850,51,309.0,137.0,791.0,420,
4542,2016/11/24,839,54,445.0,144.0,1160.0,484,
4543,2016/11/25,609,63,414.0,181.0,757.0,449,
4544,2016/11/28,090,120,420.0,195.0,434.0,532,
4545,2016/11/29,217,110,785.0,318.0,1667.0,427,
4546,2016/11/30,628,91,492.0,263.0,899.0,543,
4547,2016/12/01,939,130,230.0,163.0,239.0,587,
4548,2016/12/02,336,130,349.0,257.0,291.0,501,
4549,2016/12/05,043,63,491.0,95.0,850.0,587,
4550,2016/12/06,699,82,189.0,131.0,223.0,418,
4551,2016/12/07,367,100,453.0,197.0,725.0,479,
4552,2016/12/08,087,47,377.0,136.0,772.0,462,
4553,2016/12/09,721,287,1009.0,566.0,1978.0,452,
4554,2016/12/12,687,98,580.0,286.0,968.0,400,
4555,2016/12/13,231,58,589.0,103.0,1210.0,340,
4556,2016/12/14,915,103,420.0,190.0,824.0,363,
4557,2016/12/15,679,70,405.0,194.0,805.0,543,
4558,2016/12/16,073,59,473.0,117.0,1161.0,461,
4559,2016/12/19,137,111,887.0,302.0,1609.0,790,
4560,2016/12/20,513,109,627.0,283.0,1198.0,436,
4561,2016/12/21,651,83,582.0,222.0,1068.0,869,
4562,2016/12/22,291,41,520.0,190.0,1224.0,360,
4563,2016/12/23,153,65,574.0,127.0,1208.0,364,
4564,2016/12/26,934,83,572.0,238.0,1156.0,694,
4565,2016/12/27,837,50,381.0,120.0,935.0,497,
4566,2016/12/28,007,77,377.0,187.0,337.0,531,
4567,2016/12/29,415,125,460.0,275.0,877.0,424,
4568,2016/12/30,767,46,237.0,117.0,308.0,542,
4569,2017/01/04,450,47,544.0,147.0,843.0,335,
4570,2017/01/05,387,66,369.0,135.0,700.0,624,
4571,2017/01/06,714,126,678.0,344.0,1292.0,443,
4572,2017/01/09,076,78,577.0,176.0,1018.0,771,
4573,2017/01/10,339,79,270.0,179.0,259.0,495,
4574,2017/01/11,694,88,485.0,214.0,980.0,423,
4575,2017/01/12,575,96,217.0,161.0,249.0,478,
4576,2017/01/13,211,134,388.0,237.0,605.0,749,
4577,2017/01/16,085,61,442.0,83.0,805.0,431,
4578,2017/01/17,649,49,381.0,104.0,701.0,507,
4579,2017/01/18,745,50,597.0,185.0,1005.0,491,
4580,2017/01/19,697,104,411.0,270.0,867.0,537,
4581,2017/01/20,859,75,460.0,231.0,997.0,534,
4582,2017/01/23,857,71,611.0,165.0,1119.0,594,
4583,2017/01/24,387,76,381.0,162.0,784.0,696,
4584,2017/01/25,644,59,224.0,127.0,242.0,675,
4585,2017/01/26,852,51,608.0,141.0,1318.0,433,
4586,2017/01/27,132,46,599.0,121.0,1215.0,473,
4587,2017/01/30,440,144,291.0,140.0,329.0,379,
4588,2017/01/31,837,73,502.0,227.0,1020.0,634,
4589,2017/02/01,906,94,467.0,228.0,781.0,471,
4590,2017/02/02,292,67,244.0,171.0,337.0,433,
4591,2017/02/03,132,50,817.0,134.0,1487.0,379,
4592,2017/02/06,762,54,658.0,161.0,1159.0,575,
4593,2017/02/07,862,59,542.0,152.0,1189.0,278,
4594,2017/02/08,828,105,295.0,205.0,268.0,960,
4595,2017/02/09,070,54,177.0,89.0,248.0,387,
4596,2017/02/10,261,63,579.0,165.0,1187.0,407,
4597,2017/02/13,425,133,650.0,321.0,1140.0,558,
4598,2017/02/14,027,45,433.0,135.0,830.0,538,
4599,2017/02/15,089,42,584.0,218.0,1510.0,722,
4600,2017/02/16,464,46,174.0,108.0,256.0,425,
4601,2017/02/17,015,65,424.0,135.0,906.0,472,
4602,2017/02/20,890,89,584.0,253.0,1187.0,425,
4603,2017/02/21,866,45,237.0,83.0,266.0,852,
4604,2017/02/22,893,65,442.0,243.0,935.0,432,
4605,2017/02/23,840,37,395.0,110.0,832.0,342,
4606,2017/02/24,631,72,563.0,153.0,1236.0,486,
4607,2017/02/27,147,138,894.0,389.0,1659.0,773,
4608,2017/02/28,788,56,272.0,117.0,349.0,666,
4609,2017/03/01,157,75,572.0,243.0,1234.0,479,
4610,2017/03/02,449,56,168.0,142.0,217.0,350,
4611,2017/03/03,111,613,,,,775,
4612,2017/03/06,226,150,400.0,280.0,370.0,623,
4613,2017/03/07,868,61,198.0,135.0,280.0,525,
4614,2017/03/08,959,53,220.0,111.0,253.0,412,
4615,2017/03/09,960,65,420.0,137.0,787.0,400,
4616,2017/03/10,689,86,542.0,262.0,1043.0,507,
4617,2017/03/13,785,77,655.0,150.0,1284.0,419,
4618,2017/03/14,101,70,208.0,161.0,240.0,435,
4619,2017/03/15,789,97,538.0,286.0,902.0,368,
4620,2017/03/16,101,88,243.0,165.0,306.0,353,
4621,2017/03/17,692,65,443.0,143.0,972.0,577,
4622,2017/03/20,164,92,495.0,195.0,897.0,434,
4623,2017/03/21,064,25,281.0,86.0,623.0,282,
4624,2017/03/22,712,82,795.0,266.0,1840.0,427,
4625,2017/03/23,405,65,439.0,216.0,709.0,394,
4626,2017/03/24,719,78,401.0,237.0,764.0,415,
4627,2017/03/27,546,64,637.0,175.0,1017.0,556,
4628,2017/03/28,619,108,516.0,353.0,1130.0,365,
4629,2017/03/29,053,34,408.0,127.0,947.0,540,
4630,2017/03/30,638,142,525.0,275.0,1000.0,1649,
4631,2017/03/31,226,75,240.0,196.0,261.0,403,
4632,2017/04/03,066,104,381.0,144.0,455.0,828,
4633,2017/04/04,642,47,622.0,172.0,1263.0,391,
4634,2017/04/05,374,128,506.0,302.0,951.0,713,
4635,2017/04/06,984,34,354.0,82.0,825.0,377,
4636,2017/04/07,132,73,671.0,189.0,1237.0,445,
4637,2017/04/10,473,76,436.0,163.0,946.0,444,
4638,2017/04/11,081,43,415.0,134.0,962.0,333,
4639,2017/04/12,353,66,251.0,136.0,270.0,366,
4640,2017/04/13,067,45,348.0,117.0,689.0,531,
4641,2017/04/14,535,76,258.0,141.0,350.0,760,
4642,2017/04/17,439,111,576.0,276.0,996.0,616,
4643,2017/04/18,833,61,200.0,99.0,266.0,728,
4644,2017/04/19,091,60,493.0,134.0,999.0,449,
4645,2017/04/20,771,89,239.0,127.0,292.0,339,
4646,2017/04/21,254,83,472.0,167.0,906.0,492,
4647,2017/04/24,364,121,782.0,228.0,1506.0,713,
4648,2017/04/25,849,55,397.0,108.0,736.0,388,
4649,2017/04/26,796,56,357.0,107.0,776.0,413,
4650,2017/04/27,799,87,271.0,160.0,287.0,792,
4651,2017/04/28,508,97,495.0,233.0,838.0,679,
4652,2017/05/01,525,135,310.0,209.0,290.0,589,
4653,2017/05/02,939,39,149.0,76.0,184.0,435,
4654,2017/05/03,479,61,418.0,198.0,834.0,361,
4655,2017/05/04,904,67,356.0,177.0,812.0,343,
4656,2017/05/05,433,58,253.0,104.0,277.0,467,
4657,2017/05/08,459,80,597.0,247.0,1160.0,484,
4658,2017/05/09,768,53,487.0,188.0,901.0,497,
4659,2017/05/10,161,74,248.0,123.0,407.0,391,
4660,2017/05/11,895,62,403.0,163.0,797.0,411,
4661,2017/05/12,922,61,209.0,185.0,276.0,541,
4662,2017/05/15,682,77,631.0,151.0,1196.0,467,
4663,2017/05/16,017,88,406.0,163.0,825.0,745,
4664,2017/05/17,597,46,435.0,140.0,802.0,409,
4665,2017/05/18,423,99,506.0,306.0,895.0,477,
4666,2017/05/19,909,74,228.0,138.0,243.0,427,
4667,2017/05/22,052,50,472.0,113.0,970.0,405,
4668,2017/05/23,509,73,525.0,271.0,939.0,233,
4669,2017/05/24,307,57,328.0,166.0,775.0,316,
4670,2017/05/25,039,77,433.0,154.0,858.0,667,
4671,2017/05/26,041,59,469.0,116.0,998.0,583,
4672,2017/05/29,990,89,303.0,139.0,359.0,717,
4673,2017/05/30,537,65,498.0,176.0,936.0,489,
4674,2017/05/31,471,62,595.0,199.0,1280.0,298,
4675,2017/06/01,570,45,409.0,111.0,868.0,345,
4676,2017/06/02,622,89,358.0,213.0,438.0,467,
4677,2017/06/05,873,81,545.0,170.0,1173.0,385,
4678,2017/06/06,289,74,507.0,189.0,1021.0,448,
4679,2017/06/07,870,56,372.0,126.0,717.0,284,
4680,2017/06/08,037,74,366.0,139.0,847.0,460,
4681,2017/06/09,908,135,815.0,480.0,1382.0,542,
4682,2017/06/12,172,52,1060.0,222.0,2198.0,451,
4683,2017/06/13,577,53,199.0,85.0,238.0,570,
4684,2017/06/14,428,106,344.0,260.0,671.0,366,
4685,2017/06/15,501,76,450.0,180.0,880.0,393,
4686,2017/06/16,540,58,568.0,136.0,1071.0,382,
4687,2017/06/19,874,119,593.0,185.0,1051.0,519,
4688,2017/06/20,671,45,437.0,117.0,969.0,330,
4689,2017/06/21,311,73,227.0,175.0,342.0,627,
4690,2017/06/22,375,81,555.0,226.0,1007.0,496,
4691,2017/06/23,811,83,228.0,169.0,333.0,496,
4692,2017/06/26,242,55,297.0,104.0,407.0,453,
4693,2017/06/27,171,79,378.0,199.0,575.0,468,
4694,2017/06/28,796,88,346.0,157.0,732.0,590,
4695,2017/06/29,208,60,411.0,177.0,786.0,322,
4696,2017/06/30,161,73,280.0,133.0,472.0,403,
4697,2017/07/03,871,125,702.0,322.0,1379.0,714,
4698,2017/07/04,713,98,569.0,281.0,1136.0,401,
4699,2017/07/05,749,47,388.0,163.0,793.0,456,
4700,2017/07/06,817,92,562.0,234.0,1081.0,584,
4701,2017/07/07,346,61,414.0,183.0,880.0,471,
4702,2017/07/10,844,48,332.0,122.0,372.0,775,
4703,2017/07/11,010,183,304.0,242.0,373.0,429,
4704,2017/07/12,904,48,298.0,141.0,680.0,334,
4705,2017/07/13,159,85,455.0,150.0,916.0,542,
4706,2017/07/14,458,54,409.0,199.0,892.0,506,
4707,2017/07/17,401,100,510.0,218.0,884.0,432,
4708,2017/07/18,880,57,243.0,119.0,272.0,334,
4709,2017/07/19,332,51,225.0,104.0,270.0,456,
4710,2017/07/20,008,65,175.0,97.0,243.0,335,
4711,2017/07/21,109,123,600.0,276.0,980.0,462,
4712,2017/07/24,381,79,772.0,206.0,1626.0,389,
4713,2017/07/25,661,54,251.0,116.0,346.0,308,
4714,2017/07/26,898,64,208.0,116.0,223.0,954,
4715,2017/07/27,593,73,338.0,139.0,721.0,402,
4716,2017/07/28,679,52,383.0,175.0,697.0,406,
4717,2017/07/31,718,134,765.0,322.0,1402.0,689,
4718,2017/08/01,463,75,479.0,154.0,905.0,506,
4719,2017/08/02,722,101,269.0,199.0,375.0,580,
4720,2017/08/03,661,93,219.0,95.0,303.0,339,
4721,2017/08/04,082,28,388.0,110.0,864.0,293,
4722,2017/08/07,207,62,399.0,178.0,708.0,494,
4723,2017/08/08,594,56,427.0,233.0,971.0,377,
4724,2017/08/09,097,40,408.0,132.0,865.0,365,
4725,2017/08/10,229,67,256.0,152.0,277.0,560,
4726,2017/08/11,347,47,381.0,148.0,818.0,439,
4727,2017/08/14,693,71,636.0,214.0,1378.0,325,
4728,2017/08/15,201,65,385.0,118.0,722.0,430,
4729,2017/08/16,508,72,423.0,173.0,775.0,446,
4730,2017/08/17,711,98,341.0,177.0,499.0,711,
4731,2017/08/18,105,91,420.0,249.0,823.0,456,
4732,2017/08/21,933,53,291.0,119.0,323.0,571,
4733,2017/08/22,015,36,334.0,122.0,740.0,369,
4734,2017/08/23,409,68,369.0,212.0,673.0,498,
4735,2017/08/24,432,60,391.0,123.0,811.0,342,
4736,2017/08/25,253,72,492.0,155.0,980.0,607,
4737,2017/08/28,185,70,655.0,173.0,1311.0,551,
4738,2017/08/29,153,85,642.0,197.0,1318.0,302,
4739,2017/08/30,862,45,475.0,138.0,1098.0,323,
4740,2017/08/31,007,84,323.0,176.0,300.0,388,
4741,2017/09/01,906,106,445.0,232.0,822.0,563,
4742,2017/09/04,630,125,578.0,233.0,982.0,524,
4743,2017/09/05,058,68,401.0,134.0,827.0,369,
4744,2017/09/06,301,104,481.0,197.0,889.0,679,
4745,2017/09/07,297,52,585.0,176.0,1222.0,483,
4746,2017/09/08,707,83,255.0,166.0,281.0,502,
4747,2017/09/11,199,126,413.0,204.0,489.0,738,
4748,2017/09/12,147,73,570.0,227.0,1106.0,338,
4749,2017/09/13,302,82,449.0,230.0,911.0,472,
4750,2017/09/14,648,60,410.0,147.0,870.0,479,
4751,2017/09/15,132,102,657.0,300.0,1222.0,413,
4752,2017/09/18,372,71,582.0,159.0,1166.0,606,
4753,2017/09/19,005,74,195.0,96.0,230.0,427,
4754,2017/09/20,684,53,324.0,90.0,739.0,335,
4755,2017/09/21,276,55,357.0,113.0,760.0,303,
4756,2017/09/22,222,536,,,,731,
4757,2017/09/25,313,153,313.0,244.0,378.0,572,
4758,2017/09/26,214,83,471.0,216.0,883.0,505,
4759,2017/09/27,228,103,238.0,203.0,233.0,441,
4760,2017/09/28,347,77,403.0,190.0,898.0,353,
4761,2017/09/29,573,103,598.0,154.0,1083.0,425,
4762,2017/10/02,321,126,1053.0,293.0,1602.0,561,
4763,2017/10/03,679,59,360.0,173.0,661.0,284,
4764,2017/10/04,925,163,405.0,289.0,817.0,358,
4765,2017/10/05,870,47,361.0,136.0,730.0,383,
4766,2017/10/06,656,45,197.0,103.0,265.0,515,
4767,2017/10/09,187,82,528.0,193.0,1038.0,588,
4768,2017/10/10,925,74,323.0,191.0,612.0,298,
4769,2017/10/11,085,48,417.0,88.0,876.0,284,
4770,2017/10/12,933,59,266.0,109.0,279.0,596,
4771,2017/10/13,394,66,455.0,152.0,954.0,444,
4772,2017/10/16,236,123,663.0,295.0,1445.0,679,
4773,2017/10/17,219,79,484.0,216.0,1133.0,420,
4774,2017/10/18,021,35,441.0,92.0,910.0,411,
4775,2017/10/19,227,116,324.0,243.0,317.0,494,
4776,2017/10/20,420,107,490.0,267.0,933.0,613,
4777,2017/10/23,071,72,567.0,129.0,1096.0,531,
4778,2017/10/24,252,71,244.0,163.0,372.0,338,
4779,2017/10/25,921,92,477.0,222.0,915.0,409,
4780,2017/10/26,072,93,531.0,247.0,1061.0,463,
4781,2017/10/27,830,89,440.0,201.0,945.0,277,
4782,2017/10/30,205,95,487.0,176.0,871.0,394,
4783,2017/10/31,023,68,566.0,195.0,1084.0,492,
4784,2017/11/01,046,54,313.0,141.0,629.0,473,
4785,2017/11/02,501,82,590.0,230.0,1023.0,573,
4786,2017/11/03,221,113,310.0,233.0,374.0,553,
4787,2017/11/06,996,72,231.0,123.0,252.0,451,
4788,2017/11/07,496,40,393.0,142.0,868.0,281,
4789,2017/11/08,714,96,563.0,320.0,1074.0,326,
4790,2017/11/09,836,40,477.0,155.0,1014.0,397,
4791,2017/11/10,621,107,582.0,242.0,1168.0,708,
4792,2017/11/13,732,75,805.0,242.0,1558.0,596,
4793,2017/11/14,523,105,410.0,241.0,842.0,477,
4794,2017/11/15,385,139,747.0,373.0,1523.0,435,
4795,2017/11/16,754,47,391.0,95.0,740.0,377,
4796,2017/11/17,434,46,222.0,92.0,259.0,660,
4797,2017/11/20,891,89,639.0,220.0,1427.0,303,
4798,2017/11/21,176,66,397.0,135.0,883.0,282,
4799,2017/11/22,609,74,483.0,226.0,873.0,408,
4800,2017/11/23,794,66,375.0,159.0,772.0,292,
4801,2017/11/24,177,124,219.0,136.0,307.0,624,
4802,2017/11/27,173,75,679.0,177.0,1374.0,398,
4803,2017/11/28,261,72,500.0,116.0,1037.0,582,
4804,2017/11/29,782,61,536.0,193.0,1148.0,371,
4805,2017/11/30,820,73,423.0,222.0,800.0,333,
4806,2017/12/01,242,45,254.0,97.0,374.0,361,
4807,2017/12/04,945,70,653.0,205.0,1085.0,422,
4808,2017/12/05,233,42,198.0,81.0,253.0,562,
4809,2017/12/06,218,89,524.0,254.0,1101.0,581,
4810,2017/12/07,618,120,491.0,296.0,911.0,406,
4811,2017/12/08,937,34,354.0,120.0,1071.0,495,
4812,2017/12/11,278,95,629.0,232.0,1250.0,751,
4813,2017/12/12,276,47,434.0,180.0,948.0,326,
4814,2017/12/13,043,53,357.0,111.0,744.0,375,
4815,2017/12/14,078,50,325.0,122.0,733.0,461,
4816,2017/12/15,542,41,487.0,116.0,1111.0,355,
4817,2017/12/18,325,186,792.0,309.0,1192.0,656,
4818,2017/12/19,162,41,605.0,128.0,1390.0,392,
4819,2017/12/20,351,96,751.0,233.0,1506.0,560,
4820,2017/12/21,663,48,228.0,112.0,255.0,456,
4821,2017/12/22,288,43,201.0,99.0,295.0,584,
4822,2017/12/25,720,94,530.0,231.0,1047.0,416,
4823,2017/12/26,809,116,818.0,453.0,1533.0,544,
4824,2017/12/27,372,77,640.0,185.0,1428.0,461,
4825,2017/12/28,591,63,398.0,149.0,952.0,427,
4826,2017/12/29,842,73,655.0,158.0,1350.0,522,
4827,2018/01/04,858,62,262.0,144.0,237.0,574,
4828,2018/01/05,384,79,450.0,208.0,822.0,442,
4829,2018/01/08,976,81,598.0,149.0,1095.0,509,
4830,2018/01/09,930,90,475.0,180.0,890.0,356,
4831,2018/01/10,634,125,517.0,304.0,985.0,475,
4832,2018/01/11,223,133,341.0,285.0,340.0,597,
4833,2018/01/12,413,108,517.0,254.0,1099.0,483,
4834,2018/01/15,881,70,242.0,140.0,382.0,508,
4835,2018/01/16,368,85,615.0,260.0,1067.0,651,
4836,2018/01/17,873,70,509.0,248.0,1079.0,441,
4837,2018/01/18,916,110,527.0,331.0,1037.0,497,
4838,2018/01/19,955,49,251.0,144.0,296.0,1064,
4839,2018/01/22,122,320,563.0,599.0,497.0,742,
4840,2018/01/23,327,105,691.0,310.0,1329.0,543,
4841,2018/01/24,092,78,430.0,177.0,823.0,402,
4842,2018/01/25,282,47,248.0,107.0,367.0,279,
4843,2018/01/26,956,54,358.0,136.0,807.0,377,
4844,2018/01/29,415,121,670.0,347.0,1055.0,536,
4845,2018/01/30,432,62,596.0,166.0,1150.0,626,
4846,2018/01/31,437,39,459.0,151.0,1014.0,518,
4847,2018/02/01,546,53,461.0,201.0,850.0,491,
4848,2018/02/02,291,62,637.0,217.0,1238.0,347,
4849,2018/02/05,461,102,649.0,183.0,1113.0,518,
4850,2018/02/06,139,72,497.0,150.0,1094.0,539,
4851,2018/02/07,138,85,674.0,273.0,1532.0,541,
4852,2018/02/08,448,71,251.0,153.0,248.0,424,
4853,2018/02/09,936,68,644.0,227.0,1502.0,506,
4854,2018/02/12,221,123,642.0,249.0,940.0,668,
4855,2018/02/13,876,38,340.0,96.0,612.0,269,
4856,2018/02/14,347,89,446.0,220.0,846.0,538,
4857,2018/02/15,631,80,662.0,180.0,1418.0,498,
4858,2018/02/16,725,176,684.0,398.0,1212.0,593,
4859,2018/02/19,949,64,204.0,114.0,240.0,477,
4860,2018/02/20,271,118,957.0,382.0,2102.0,412,
4861,2018/02/21,545,53,161.0,89.0,179.0,411,
4862,2018/02/22,320,90,451.0,254.0,871.0,320,
4863,2018/02/23,060,94,264.0,135.0,267.0,479,
4864,2018/02/26,060,77,258.0,133.0,310.0,273,
4865,2018/02/27,350,45,428.0,126.0,880.0,443,
4866,2018/02/28,839,61,547.0,218.0,1162.0,466,
4867,2018/03/01,382,77,626.0,202.0,1334.0,418,
4868,2018/03/02,776,56,173.0,93.0,223.0,444,
4869,2018/03/05,411,111,325.0,212.0,498.0,862,
4870,2018/03/06,586,53,438.0,162.0,885.0,448,
4871,2018/03/07,045,79,456.0,172.0,910.0,393,
4872,2018/03/08,123,137,761.0,388.0,1418.0,524,
4873,2018/03/09,720,48,391.0,146.0,747.0,323,
4874,2018/03/12,497,67,586.0,194.0,986.0,576,
4875,2018/03/13,243,47,532.0,140.0,1088.0,363,
4876,2018/03/14,363,52,305.0,148.0,362.0,408,
4877,2018/03/15,236,89,689.0,329.0,1359.0,829,
4878,2018/03/16,399,49,189.0,126.0,233.0,570,
4879,2018/03/19,217,150,1109.0,408.0,1900.0,515,
4880,2018/03/20,118,113,269.0,235.0,274.0,468,
4881,2018/03/21,486,41,477.0,132.0,809.0,308,
4882,2018/03/22,029,52,407.0,135.0,705.0,458,
4883,2018/03/23,900,123,358.0,235.0,407.0,1333,
4884,2018/03/26,484,78,308.0,112.0,304.0,408,
4885,2018/03/27,905,72,441.0,196.0,849.0,412,
4886,2018/03/28,800,58,247.0,117.0,268.0,572,
4887,2018/03/29,339,141,389.0,263.0,335.0,552,
4888,2018/03/30,950,51,538.0,149.0,1001.0,405,
4889,2018/04/02,684,99,665.0,159.0,1045.0,424,
4890,2018/04/03,507,76,411.0,187.0,660.0,377,
4891,2018/04/04,750,63,418.0,166.0,740.0,358,
4892,2018/04/05,352,42,644.0,128.0,1123.0,359,
4893,2018/04/06,516,96,462.0,261.0,867.0,400,
4894,2018/04/09,760,77,503.0,131.0,911.0,554,
4895,2018/04/10,016,54,586.0,167.0,1130.0,335,
4896,2018/04/11,759,36,368.0,147.0,709.0,384,
4897,2018/04/12,196,46,529.0,145.0,1111.0,392,
4898,2018/04/13,775,80,239.0,148.0,243.0,545,
4899,2018/04/16,118,129,379.0,265.0,348.0,571,
4900,2018/04/17,993,59,179.0,122.0,225.0,374,
4901,2018/04/18,984,46,424.0,112.0,915.0,440,
4902,2018/04/19,159,63,559.0,186.0,884.0,381,
4903,2018/04/20,955,51,322.0,135.0,323.0,547,
4904,2018/04/23,716,113,608.0,289.0,962.0,603,
4905,2018/04/24,936,64,615.0,171.0,1231.0,555,
4906,2018/04/25,081,105,515.0,158.0,1075.0,382,
4907,2018/04/26,355,87,293.0,158.0,271.0,459,
4908,2018/04/27,714,123,753.0,399.0,1305.0,462,
4909,2018/04/30,002,56,239.0,115.0,275.0,421,
4910,2018/05/01,440,91,330.0,184.0,334.0,492,
4911,2018/05/02,372,147,661.0,222.0,1412.0,457,
4912,2018/05/03,589,76,427.0,208.0,773.0,397,
4913,2018/05/04,119,107,312.0,287.0,336.0,422,
4914,2018/05/07,299,77,366.0,144.0,490.0,601,
4915,2018/05/08,909,86,289.0,163.0,307.0,456,
4916,2018/05/09,037,37,434.0,116.0,968.0,495,
4917,2018/05/10,402,72,440.0,231.0,775.0,279,
4918,2018/05/11,030,52,376.0,183.0,411.0,421,
4919,2018/05/14,604,98,422.0,165.0,690.0,488,
4920,2018/05/15,497,41,384.0,147.0,766.0,380,
4921,2018/05/16,909,91,316.0,137.0,344.0,486,
4922,2018/05/17,851,72,626.0,194.0,1328.0,468,
4923,2018/05/18,934,48,469.0,187.0,969.0,347,
4924,2018/05/21,109,130,689.0,320.0,1071.0,584,
4925,2018/05/22,531,109,663.0,246.0,1193.0,387,
4926,2018/05/23,393,73,371.0,142.0,393.0,374,
4927,2018/05/24,496,44,442.0,135.0,861.0,307,
4928,2018/05/25,535,62,288.0,162.0,286.0,468,
4929,2018/05/28,513,168,1000.0,296.0,1526.0,462,
4930,2018/05/29,797,87,206.0,154.0,209.0,284,
4931,2018/05/30,648,65,525.0,183.0,963.0,398,
4932,2018/05/31,319,106,597.0,325.0,1178.0,433,
4933,2018/06/01,669,141,455.0,195.0,347.0,1111,
4934,2018/06/04,173,81,752.0,191.0,1337.0,420,
4935,2018/06/05,269,80,452.0,165.0,860.0,406,
4936,2018/06/06,557,90,198.0,129.0,200.0,409,
4937,2018/06/07,653,63,479.0,150.0,922.0,399,
4938,2018/06/08,137,87,621.0,201.0,1195.0,545,
4939,2018/06/11,413,90,538.0,241.0,915.0,558,
4940,2018/06/12,193,93,622.0,284.0,1193.0,402,
4941,2018/06/13,642,55,602.0,145.0,1248.0,444,
4942,2018/06/14,487,48,358.0,111.0,797.0,431,
4943,2018/06/15,765,74,578.0,162.0,1001.0,651,
4944,2018/06/18,119,183,371.0,335.0,366.0,587,
4945,2018/06/19,182,32,534.0,115.0,1153.0,288,
4946,2018/06/20,912,98,660.0,247.0,1427.0,461,
4947,2018/06/21,018,72,598.0,161.0,1245.0,515,
4948,2018/06/22,001,108,343.0,190.0,369.0,615,
4949,2018/06/25,549,56,555.0,196.0,1096.0,453,
4950,2018/06/26,256,88,545.0,196.0,1016.0,419,
4951,2018/06/27,032,61,428.0,118.0,948.0,476,
4952,2018/06/28,751,45,590.0,158.0,1236.0,325,
4953,2018/06/29,349,54,445.0,154.0,931.0,366,
4954,2018/07/02,193,143,897.0,369.0,1610.0,547,
4955,2018/07/03,489,79,314.0,161.0,708.0,406,
4956,2018/07/04,901,90,578.0,237.0,1070.0,344,
4957,2018/07/05,668,54,233.0,105.0,246.0,476,
4958,2018/07/06,870,80,404.0,227.0,738.0,468,
4959,2018/07/09,061,55,513.0,140.0,969.0,421,
4960,2018/07/10,625,114,476.0,231.0,836.0,693,
4961,2018/07/11,223,95,235.0,195.0,261.0,555,
4962,2018/07/12,205,58,369.0,154.0,657.0,300,
4963,2018/07/13,989,71,261.0,127.0,302.0,360,
4964,2018/07/16,176,85,800.0,163.0,1558.0,431,
4965,2018/07/17,877,48,301.0,128.0,409.0,638,
4966,2018/07/18,580,54,418.0,166.0,814.0,272,
4967,2018/07/19,051,58,446.0,148.0,967.0,367,
4968,2018/07/20,115,156,346.0,335.0,361.0,489,
4969,2018/07/23,330,121,346.0,255.0,317.0,336,
4970,2018/07/24,977,40,151.0,90.0,225.0,293,
4971,2018/07/25,778,94,295.0,156.0,318.0,511,
4972,2018/07/26,220,94,268.0,189.0,276.0,293,
4973,2018/07/27,241,54,560.0,147.0,1076.0,493,
4974,2018/07/30,096,81,520.0,123.0,872.0,502,
4975,2018/07/31,430,72,352.0,162.0,639.0,281,
4976,2018/08/01,918,115,546.0,276.0,1119.0,435,
4977,2018/08/02,644,56,256.0,128.0,210.0,661,
4978,2018/08/03,646,49,336.0,153.0,319.0,429,
4979,2018/08/06,047,65,497.0,127.0,807.0,502,
4980,2018/08/07,260,46,362.0,105.0,785.0,302,
4981,2018/08/08,529,103,499.0,231.0,879.0,384,
4982,2018/08/09,879,60,434.0,171.0,911.0,423,
4983,2018/08/10,890,100,887.0,374.0,1720.0,519,
4984,2018/08/13,069,62,505.0,172.0,837.0,483,
4985,2018/08/14,322,55,226.0,124.0,282.0,397,
4986,2018/08/15,505,112,258.0,185.0,286.0,409,
4987,2018/08/16,480,49,395.0,136.0,727.0,331,
4988,2018/08/17,131,103,374.0,215.0,533.0,501,
4989,2018/08/20,203,315,824.0,268.0,1336.0,687,
4990,2018/08/21,078,39,402.0,121.0,734.0,373,
4991,2018/08/22,308,142,510.0,289.0,1031.0,467,
4992,2018/08/23,371,81,665.0,162.0,1176.0,384,
4993,2018/08/24,075,47,437.0,120.0,800.0,357,
4994,2018/08/27,300,150,338.0,218.0,308.0,868,
4995,2018/08/28,650,62,364.0,122.0,791.0,514,
4996,2018/08/29,731,128,628.0,252.0,1096.0,385,
4997,2018/08/30,943,105,538.0,174.0,886.0,434,
4998,2018/08/31,271,95,800.0,319.0,1770.0,307,
4999,2018/09/03,045,94,625.0,221.0,1124.0,523,
5000,2018/09/04,317,119,696.0,275.0,1280.0,430,
5001,2018/09/05,488,88,333.0,131.0,323.0,560,
5002,2018/09/06,480,67,505.0,179.0,878.0,310,
5003,2018/09/07,571,92,636.0,226.0,1162.0,470,
5004,2018/09/10,635,76,466.0,142.0,769.0,460,
5005,2018/09/11,283,67,463.0,175.0,963.0,652,
5006,2018/09/12,739,50,386.0,142.0,766.0,487,
5007,2018/09/13,704,69,420.0,155.0,809.0,341,
5008,2018/09/14,589,70,400.0,192.0,823.0,399,
5009,2018/09/17,674,96,536.0,205.0,1024.0,535,
5010,2018/09/18,960,41,391.0,125.0,797.0,292,
5011,2018/09/19,046,65,438.0,155.0,780.0,478,
5012,2018/09/20,234,89,437.0,168.0,818.0,506,
5013,2018/09/21,681,127,482.0,164.0,979.0,355,
5014,2018/09/24,240,77,551.0,159.0,1007.0,359,
5015,2018/09/25,365,47,337.0,128.0,657.0,293,
5016,2018/09/26,763,58,408.0,147.0,769.0,380,
5017,2018/09/27,026,54,369.0,118.0,720.0,600,
5018,2018/09/28,669,65,228.0,171.0,270.0,481,
5019,2018/10/01,942,65,651.0,125.0,1314.0,517,
5020,2018/10/02,461,56,453.0,139.0,912.0,343,
5021,2018/10/03,877,50,218.0,109.0,286.0,394,
5022,2018/10/04,449,56,225.0,181.0,230.0,437,
5023,2018/10/05,233,72,251.0,106.0,312.0,695,
5024,2018/10/08,361,91,680.0,190.0,1050.0,393,
5025,2018/10/09,368,76,430.0,211.0,805.0,445,
5026,2018/10/10,131,67,262.0,158.0,417.0,402,
5027,2018/10/11,046,51,395.0,167.0,698.0,378,
5028,2018/10/12,046,79,376.0,177.0,804.0,355,
5029,2018/10/15,352,74,723.0,183.0,1386.0,561,
5030,2018/10/16,870,71,417.0,179.0,886.0,416,
5031,2018/10/17,271,92,815.0,335.0,1686.0,567,
5032,2018/10/18,083,116,455.0,192.0,1016.0,418,
5033,2018/10/19,930,69,493.0,202.0,958.0,447,
5034,2018/10/22,098,100,866.0,234.0,1716.0,776,
5035,2018/10/23,012,56,500.0,146.0,851.0,371,
5036,2018/10/24,049,72,432.0,187.0,902.0,315,
5037,2018/10/25,594,93,535.0,314.0,996.0,494,
5038,2018/10/26,244,88,276.0,184.0,317.0,674,
5039,2018/10/29,453,108,786.0,210.0,1263.0,476,
5040,2018/10/30,546,56,686.0,195.0,1007.0,499,
5041,2018/10/31,379,73,409.0,194.0,698.0,436,
5042,2018/11/01,458,77,425.0,207.0,769.0,519,
5043,2018/11/02,115,102,240.0,235.0,277.0,431,
5044,2018/11/05,735,97,912.0,188.0,1538.0,423,
5045,2018/11/06,350,66,422.0,189.0,889.0,382,
5046,2018/11/07,142,39,581.0,117.0,1087.0,396,
5047,2018/11/08,343,76,239.0,125.0,303.0,404,
5048,2018/11/09,209,77,478.0,187.0,831.0,493,
5049,2018/11/12,132,121,1047.0,324.0,1730.0,565,
5050,2018/11/13,309,103,495.0,269.0,880.0,336,
5051,2018/11/14,281,56,527.0,152.0,1123.0,351,
5052,2018/11/15,105,94,528.0,264.0,961.0,344,
5053,2018/11/16,800,66,237.0,157.0,265.0,1084,
5054,2018/11/19,775,89,182.0,128.0,188.0,487,
5055,2018/11/20,476,54,442.0,152.0,951.0,447,
5056,2018/11/21,885,59,195.0,120.0,247.0,376,
5057,2018/11/22,589,107,439.0,294.0,833.0,438,
5058,2018/11/23,275,48,488.0,170.0,895.0,343,
5059,2018/11/26,196,74,593.0,206.0,1241.0,508,
5060,2018/11/27,948,52,604.0,97.0,709.0,467,
5061,2018/11/28,987,41,538.0,139.0,1094.0,558,
5062,2018/11/29,405,114,449.0,256.0,916.0,351,
5063,2018/11/30,285,106,651.0,256.0,1236.0,424,
5064,2018/12/03,313,121,358.0,243.0,388.0,531,
5065,2018/12/04,921,80,656.0,270.0,1275.0,523,
5066,2018/12/05,009,67,239.0,173.0,334.0,484,
5067,2018/12/06,295,91,381.0,169.0,843.0,450,
5068,2018/12/07,223,115,373.0,237.0,349.0,469,
5069,2018/12/10,991,70,309.0,154.0,457.0,404,
5070,2018/12/11,656,45,180.0,106.0,256.0,438,
5071,2018/12/12,304,55,355.0,159.0,741.0,295,
5072,2018/12/13,136,105,594.0,198.0,1086.0,519,
5073,2018/12/14,922,60,273.0,243.0,351.0,584,
5074,2018/12/17,234,128,821.0,322.0,1225.0,528,
5075,2018/12/18,643,92,644.0,190.0,1259.0,505,
5076,2018/12/19,871,74,599.0,184.0,1296.0,520,
5077,2018/12/20,600,49,180.0,89.0,222.0,557,
5078,2018/12/21,100,93,252.0,155.0,273.0,746,
5079,2018/12/24,329,148,757.0,352.0,1271.0,534,
5080,2018/12/25,442,68,247.0,108.0,354.0,402,
5081,2018/12/26,644,79,254.0,133.0,257.0,672,
5082,2018/12/27,080,61,254.0,131.0,331.0,393,
5083,2018/12/28,234,96,661.0,269.0,1032.0,513,
5084,2019/01/04,804,65,593.0,232.0,967.0,602,
5085,2019/01/07,755,119,366.0,207.0,463.0,807,
5086,2019/01/08,088,69,357.0,145.0,431.0,518,
5087,2019/01/09,733,84,283.0,124.0,371.0,816,
5088,2019/01/10,654,59,558.0,138.0,1024.0,430,
5089,2019/01/11,953,66,498.0,142.0,1033.0,451,
5090,2019/01/14,650,46,417.0,122.0,793.0,388,
5091,2019/01/15,608,78,383.0,193.0,783.0,445,
5092,2019/01/16,704,71,417.0,225.0,704.0,407,
5093,2019/01/17,162,74,607.0,168.0,1260.0,583,
5094,2019/01/18,616,126,343.0,225.0,357.0,652,
5095,2019/01/21,702,109,628.0,214.0,1057.0,443,
5096,2019/01/22,637,40,431.0,123.0,719.0,551,
5097,2019/01/23,249,52,481.0,156.0,905.0,586,
5098,2019/01/24,547,57,421.0,138.0,813.0,415,
5099,2019/01/25,079,65,447.0,158.0,940.0,524,
5100,2019/01/28,647,117,589.0,252.0,946.0,515,
5101,2019/01/29,596,72,415.0,190.0,788.0,491,
5102,2019/01/30,603,129,556.0,265.0,992.0,433,
5103,2019/01/31,210,96,485.0,188.0,837.0,517,
5104,2019/02/01,049,85,531.0,259.0,945.0,459,
5105,2019/02/04,766,63,224.0,107.0,276.0,1055,
5106,2019/02/05,322,84,333.0,162.0,402.0,659,
5107,2019/02/06,660,128,323.0,239.0,433.0,374,
5108,2019/02/07,626,115,280.0,254.0,258.0,505,
5109,2019/02/08,684,51,535.0,136.0,1069.0,502,
5110,2019/02/11,077,93,238.0,135.0,321.0,608,
5111,2019/02/12,882,57,237.0,115.0,290.0,285,
5112,2019/02/13,087,80,508.0,169.0,989.0,480,
5113,2019/02/14,446,78,240.0,145.0,294.0,558,
5114,2019/02/15,771,86,308.0,188.0,339.0,500,
5115,2019/02/18,878,96,559.0,218.0,566.0,604,
5116,2019/02/19,991,107,418.0,203.0,564.0,381,
5117,2019/02/20,956,30,320.0,103.0,591.0,469,
5118,2019/02/21,831,110,588.0,296.0,1287.0,442,
5119,2019/02/22,672,77,595.0,177.0,1079.0,481,
5120,2019/02/25,661,174,424.0,298.0,427.0,543,
5121,2019/02/26,635,42,461.0,123.0,872.0,543,
5122,2019/02/27,663,89,334.0,228.0,387.0,507,
5123,2019/02/28,366,118,404.0,164.0,607.0,878,
5124,2019/03/01,958,60,413.0,132.0,885.0,507,
5125,2019/03/04,123,235,936.0,444.0,1337.0,607,
5126,2019/03/05,892,50,447.0,122.0,961.0,412,
5127,2019/03/06,637,69,502.0,199.0,1019.0,471,
5128,2019/03/07,757,47,229.0,118.0,272.0,450,
5129,2019/03/08,097,57,490.0,127.0,847.0,448,
5130,2019/03/11,302,123,621.0,294.0,1027.0,486,
5131,2019/03/12,030,67,314.0,163.0,325.0,511,
5132,2019/03/13,413,99,646.0,300.0,1076.0,678,
5133,2019/03/14,449,52,262.0,171.0,261.0,547,
5134,2019/03/15,652,60,515.0,135.0,1049.0,465,
5135,2019/03/18,631,145,986.0,274.0,1630.0,583,
5136,2019/03/19,998,57,227.0,148.0,242.0,397,
5137,2019/03/20,431,50,428.0,105.0,839.0,381,
5138,2019/03/21,378,68,467.0,172.0,833.0,432,
5139,2019/03/22,148,44,539.0,159.0,1146.0,478,
5140,2019/03/25,887,148,387.0,215.0,379.0,613,
5141,2019/03/26,556,92,268.0,212.0,291.0,549,
5142,2019/03/27,247,93,588.0,208.0,1207.0,648,
5143,2019/03/28,967,58,455.0,126.0,855.0,718,
5144,2019/03/29,960,43,498.0,168.0,1112.0,379,
5145,2019/04/01,373,133,336.0,219.0,326.0,559,
5146,2019/04/02,502,62,401.0,168.0,723.0,446,
5147,2019/04/03,942,42,599.0,91.0,912.0,456,
5148,2019/04/04,391,66,595.0,160.0,1214.0,367,
5149,2019/04/05,699,63,314.0,152.0,294.0,780,
5150,2019/04/08,169,88,765.0,254.0,1370.0,709,
5151,2019/04/09,745,61,386.0,123.0,668.0,536,
5152,2019/04/10,511,79,282.0,188.0,339.0,666,
5153,2019/04/11,026,44,403.0,121.0,838.0,468,
5154,2019/04/12,906,77,587.0,240.0,1095.0,539,
5155,2019/04/15,167,97,688.0,229.0,1235.0,497,
5156,2019/04/16,607,83,525.0,242.0,1064.0,475,
5157,2019/04/17,765,60,565.0,173.0,1072.0,434,
5158,2019/04/18,145,46,553.0,143.0,1141.0,417,
5159,2019/04/19,984,61,472.0,209.0,931.0,750,
5160,2019/04/22,764,82,686.0,161.0,1245.0,963,
5161,2019/04/23,452,75,570.0,156.0,1241.0,437,
5162,2019/04/24,152,63,614.0,139.0,1315.0,401,
5163,2019/04/25,830,130,602.0,299.0,1141.0,578,
5164,2019/04/26,166,79,310.0,160.0,340.0,585,
5165,2019/04/29,746,86,547.0,207.0,915.0,874,
5166,2019/04/30,619,111,573.0,304.0,1008.0,484,
5167,2019/05/01,335,82,235.0,167.0,240.0,352,
5168,2019/05/02,992,35,193.0,109.0,282.0,307,
5169,2019/05/03,349,68,579.0,208.0,965.0,609,
5170,2019/05/06,265,79,673.0,141.0,1248.0,480,
5171,2019/05/07,705,86,644.0,243.0,1054.0,577,
5172,2019/05/08,451,57,529.0,150.0,1013.0,503,
5173,2019/05/09,983,62,514.0,116.0,1120.0,466,
5174,2019/05/10,776,68,285.0,159.0,290.0,608,
5175,2019/05/13,482,65,661.0,145.0,1127.0,347,
5176,2019/05/14,856,64,444.0,170.0,849.0,456,
5177,2019/05/15,314,135,495.0,311.0,912.0,557,
5178,2019/05/16,129,110,566.0,322.0,1065.0,527,
5179,2019/05/17,647,105,525.0,215.0,978.0,678,
5180,2019/05/20,025,83,865.0,175.0,1498.0,577,
5181,2019/05/21,193,86,451.0,239.0,947.0,499,
5182,2019/05/22,522,300,688.0,664.0,568.0,724,
5183,2019/05/23,381,59,579.0,165.0,1218.0,323,
5184,2019/05/24,682,69,522.0,125.0,1150.0,295,
5185,2019/05/27,718,121,675.0,254.0,1177.0,906,
5186,2019/05/28,077,34,213.0,96.0,246.0,465,
5187,2019/05/29,779,69,263.0,139.0,298.0,368,
5188,2019/05/30,731,96,667.0,256.0,1282.0,578,
5189,2019/05/31,943,133,556.0,374.0,1022.0,520,
5190,2019/06/03,383,65,264.0,138.0,295.0,391,
5191,2019/06/04,755,65,222.0,94.0,247.0,582,
5192,2019/06/05,342,47,520.0,104.0,1125.0,497,
5193,2019/06/06,856,53,383.0,156.0,791.0,518,
5194,2019/06/07,397,61,396.0,165.0,826.0,461,
5195,2019/06/10,814,123,653.0,213.0,1032.0,442,
5196,2019/06/11,080,39,262.0,120.0,222.0,373,
5197,2019/06/12,246,148,526.0,295.0,1042.0,528,
5198,2019/06/13,560,105,355.0,175.0,635.0,356,
5199,2019/06/14,683,88,725.0,187.0,1401.0,371,
5200,2019/06/17,226,167,475.0,310.0,495.0,518,
5201,2019/06/18,055,61,253.0,117.0,295.0,452,
5202,2019/06/19,377,82,268.0,111.0,314.0,486,
5203,2019/06/20,942,41,463.0,129.0,941.0,499,
5204,2019/06/21,180,42,662.0,189.0,1486.0,365,
5205,2019/06/24,011,113,430.0,146.0,488.0,670,
5206,2019/06/25,957,49,430.0,152.0,718.0,367,
5207,2019/06/26,720,107,460.0,197.0,785.0,369,
5208,2019/06/27,928,102,491.0,270.0,852.0,740,
5209,2019/06/28,202,100,316.0,176.0,369.0,441,
5210,2019/07/01,937,55,488.0,143.0,807.0,625,
5211,2019/07/02,214,91,546.0,247.0,930.0,431,
5212,2019/07/03,297,61,645.0,160.0,1329.0,377,
5213,2019/07/04,951,41,399.0,104.0,781.0,374,
5214,2019/07/05,782,82,624.0,241.0,1357.0,443,
5215,2019/07/08,458,92,535.0,268.0,886.0,603,
5216,2019/07/09,739,50,454.0,167.0,892.0,778,
5217,2019/07/10,763,61,442.0,165.0,893.0,645,
5218,2019/07/11,736,68,472.0,153.0,873.0,760,
5219,2019/07/12,273,85,785.0,206.0,1648.0,628,
5220,2019/07/15,047,94,424.0,138.0,753.0,817,
5221,2019/07/16,502,71,462.0,192.0,828.0,334,
5222,2019/07/17,042,100,507.0,200.0,1177.0,559,
5223,2019/07/18,808,97,250.0,212.0,312.0,346,
5224,2019/07/19,503,86,461.0,248.0,939.0,381,
5225,2019/07/22,060,60,260.0,152.0,300.0,418,
5226,2019/07/23,463,71,545.0,197.0,1183.0,343,
5227,2019/07/24,799,69,281.0,97.0,270.0,607,
5228,2019/07/25,064,41,440.0,130.0,1031.0,371,
5229,2019/07/26,519,97,467.0,271.0,853.0,493,
5230,2019/07/29,477,64,224.0,139.0,271.0,591,
5231,2019/07/30,195,58,355.0,134.0,711.0,377,
5232,2019/07/31,980,68,560.0,177.0,1393.0,318,
5233,2019/08/01,079,65,472.0,188.0,973.0,367,
5234,2019/08/02,791,77,641.0,225.0,1383.0,474,
5235,2019/08/05,687,62,540.0,155.0,960.0,627,
5236,2019/08/06,912,70,493.0,229.0,1013.0,333,
5237,2019/08/07,975,73,412.0,157.0,861.0,413,
5238,2019/08/08,859,65,485.0,167.0,1008.0,569,
5239,2019/08/09,613,95,525.0,273.0,1201.0,457,
5240,2019/08/12,596,61,494.0,204.0,853.0,471,
5241,2019/08/13,426,91,543.0,233.0,971.0,494,
5242,2019/08/14,882,61,229.0,108.0,312.0,441,
5243,2019/08/15,557,51,208.0,139.0,190.0,466,
5244,2019/08/16,254,47,499.0,168.0,1168.0,418,
5245,2019/08/19,009,76,378.0,168.0,445.0,651,
5246,2019/08/20,554,102,241.0,217.0,239.0,278,
5247,2019/08/21,430,68,378.0,175.0,727.0,436,
5248,2019/08/22,297,57,466.0,148.0,1102.0,456,
5249,2019/08/23,633,62,284.0,137.0,361.0,771,
5250,2019/08/26,848,79,237.0,160.0,298.0,814,
5251,2019/08/27,680,44,427.0,119.0,764.0,329,
5252,2019/08/28,246,108,602.0,287.0,1075.0,588,
5253,2019/08/29,856,83,467.0,242.0,927.0,573,
5254,2019/08/30,043,57,392.0,125.0,771.0,442,
5255,2019/09/02,971,111,854.0,221.0,1696.0,731,
5256,2019/09/03,874,98,436.0,157.0,886.0,417,
5257,2019/09/04,012,71,402.0,147.0,806.0,413,
5258,2019/09/05,773,99,254.0,177.0,279.0,341,
5259,2019/09/06,489,53,431.0,168.0,890.0,556,
5260,2019/09/09,032,94,624.0,186.0,1087.0,607,
5261,2019/09/10,557,77,241.0,174.0,238.0,478,
5262,2019/09/11,169,55,569.0,222.0,1216.0,562,
5263,2019/09/12,304,62,440.0,175.0,842.0,410,
5264,2019/09/13,910,115,476.0,306.0,960.0,498,
5265,2019/09/16,133,68,275.0,130.0,442.0,627,
5266,2019/09/17,323,105,235.0,190.0,248.0,599,
5267,2019/09/18,786,50,414.0,109.0,911.0,545,
5268,2019/09/19,583,80,700.0,220.0,1586.0,368,
5269,2019/09/20,240,44,469.0,152.0,1017.0,386,
5270,2019/09/23,825,144,673.0,278.0,1064.0,607,
5271,2019/09/24,069,66,435.0,160.0,832.0,336,
5272,2019/09/25,665,66,190.0,102.0,222.0,329,
5273,2019/09/26,876,53,408.0,105.0,791.0,442,
5274,2019/09/27,286,58,546.0,186.0,1044.0,470,
5275,2019/09/30,766,57,251.0,138.0,306.0,779,
5276,2019/10/01,597,64,428.0,147.0,920.0,558,
5277,2019/10/02,715,104,489.0,323.0,1032.0,444,
5278,2019/10/03,635,60,512.0,183.0,940.0,464,
5279,2019/10/04,705,70,429.0,222.0,776.0,399,
5280,2019/10/07,902,85,547.0,181.0,951.0,426,
5281,2019/10/08,764,50,391.0,119.0,925.0,393,
5282,2019/10/09,361,48,528.0,175.0,1151.0,400,
5283,2019/10/10,191,54,334.0,115.0,531.0,373,
5284,2019/10/11,207,42,439.0,169.0,858.0,348,
5285,2019/10/14,163,119,603.0,286.0,1178.0,439,
5286,2019/10/15,393,84,371.0,193.0,435.0,485,
5287,2019/10/16,984,48,448.0,150.0,989.0,473,
5288,2019/10/17,814,68,520.0,254.0,962.0,476,
5289,2019/10/18,776,88,284.0,213.0,304.0,490,
5290,2019/10/21,808,123,306.0,239.0,313.0,538,
5291,2019/10/22,158,56,466.0,174.0,941.0,707,
5292,2019/10/23,822,95,303.0,189.0,407.0,654,
5293,2019/10/24,530,101,367.0,189.0,780.0,407,
5294,2019/10/25,175,96,504.0,215.0,1086.0,524,
5295,2019/10/28,762,84,781.0,187.0,1352.0,457,
5296,2019/10/29,716,74,494.0,294.0,909.0,481,
5297,2019/10/30,920,85,417.0,211.0,811.0,346,
5298,2019/10/31,134,70,547.0,194.0,1045.0,574,
5299,2019/11/01,317,113,743.0,390.0,1490.0,659,
5300,2019/11/04,465,66,622.0,204.0,962.0,397,
5301,2019/11/05,601,81,425.0,190.0,925.0,472,
5302,2019/11/06,219,86,763.0,351.0,1416.0,598,
5303,2019/11/07,612,128,723.0,299.0,1625.0,394,
5304,2019/11/08,153,78,938.0,261.0,1984.0,518,
5305,2019/11/11,544,126,478.0,232.0,402.0,1196,
5306,2019/11/12,961,50,581.0,165.0,1287.0,358,
5307,2019/11/13,828,175,202.0,249.0,260.0,541,
5308,2019/11/14,831,89,712.0,292.0,1572.0,473,
5309,2019/11/15,818,122,280.0,268.0,294.0,600,
5310,2019/11/18,275,94,858.0,277.0,1549.0,511,
5311,2019/11/19,695,36,420.0,133.0,841.0,337,
5312,2019/11/20,363,62,295.0,173.0,304.0,501,
5313,2019/11/21,204,66,452.0,163.0,938.0,422,
5314,2019/11/22,094,81,356.0,133.0,897.0,423,
5315,2019/11/25,962,90,747.0,224.0,1398.0,462,
5316,2019/11/26,118,125,295.0,317.0,366.0,429,
5317,2019/11/27,565,50,191.0,126.0,252.0,354,
5318,2019/11/28,491,69,463.0,140.0,1044.0,348,
5319,2019/11/29,339,90,330.0,221.0,299.0,730,
5320,2019/12/02,448,128,386.0,259.0,338.0,679,
5321,2019/12/03,242,60,367.0,137.0,600.0,511,
5322,2019/12/04,895,40,416.0,151.0,811.0,301,
5323,2019/12/05,340,119,528.0,222.0,944.0,296,
5324,2019/12/06,694,83,517.0,249.0,1196.0,429,
5325,2019/12/09,869,99,591.0,222.0,1020.0,661,
5326,2019/12/10,436,60,593.0,199.0,1254.0,650,
5327,2019/12/11,247,80,650.0,244.0,1403.0,666,
5328,2019/12/12,844,74,287.0,141.0,380.0,743,
5329,2019/12/13,865,83,680.0,228.0,1272.0,529,
5330,2019/12/16,491,83,645.0,198.0,1205.0,597,
5331,2019/12/17,392,82,662.0,216.0,1463.0,463,
5332,2019/12/18,626,93,284.0,206.0,319.0,487,
5333,2019/12/19,680,61,476.0,165.0,976.0,561,
5334,2019/12/20,325,162,631.0,372.0,1172.0,535,
5335,2019/12/23,349,103,857.0,262.0,1357.0,775,
5336,2019/12/24,079,62,405.0,119.0,886.0,467,
5337,2019/12/25,113,177,356.0,342.0,428.0,572,
5338,2019/12/26,914,82,598.0,275.0,1050.0,537,
5339,2019/12/27,475,72,574.0,239.0,1061.0,559,
5340,2019/12/30,721,246,1191.0,665.0,2298.0,615,
5341,2020/01/06,887,78,367.0,209.0,441.0,834,
5342,2020/01/07,109,96,501.0,283.0,914.0,427,
5343,2020/01/08,527,106,633.0,270.0,1099.0,698,
5344,2020/01/09,409,88,459.0,236.0,779.0,382,
5345,2020/01/10,785,48,578.0,181.0,1175.0,592,
5346,2020/01/13,705,112,558.0,297.0,919.0,543,
5347,2020/01/14,428,110,586.0,286.0,955.0,495,
5348,2020/01/15,565,40,227.0,111.0,285.0,511,
5349,2020/01/16,592,55,503.0,158.0,1206.0,448,
5350,2020/01/17,626,79,289.0,215.0,299.0,652,
5351,2020/01/20,485,83,639.0,209.0,1077.0,481,
5352,2020/01/21,069,47,504.0,179.0,1056.0,553,
5353,2020/01/22,444,289,,,,848,
5354,2020/01/23,366,40,235.0,130.0,261.0,647,
5355,2020/01/24,629,107,717.0,330.0,1221.0,746,
5356,2020/01/27,345,160,745.0,405.0,1022.0,780,
5357,2020/01/28,002,50,148.0,82.0,241.0,438,
5358,2020/01/29,312,101,956.0,292.0,1696.0,485,
5359,2020/01/30,472,63,624.0,172.0,1258.0,420,
5360,2020/01/31,436,59,694.0,238.0,1350.0,646,
5361,2020/02/03,272,98,570.0,188.0,783.0,448,
5362,2020/02/04,514,110,512.0,285.0,979.0,497,
5363,2020/02/05,108,142,579.0,351.0,1067.0,439,
5364,2020/02/06,577,59,261.0,122.0,374.0,497,
5365,2020/02/07,433,100,226.0,134.0,311.0,641,
5366,2020/02/10,516,118,643.0,311.0,1062.0,556,
5367,2020/02/11,720,80,461.0,242.0,884.0,390,
5368,2020/02/12,503,76,404.0,206.0,837.0,437,
5369,2020/02/13,123,148,957.0,425.0,1706.0,537,
5370,2020/02/14,006,55,235.0,137.0,306.0,486,
5371,2020/02/17,005,92,294.0,159.0,324.0,633,
5372,2020/02/18,386,58,451.0,208.0,953.0,393,
5373,2020/02/19,461,96,563.0,200.0,1173.0,510,
5374,2020/02/20,518,153,579.0,325.0,959.0,571,
5375,2020/02/21,206,65,477.0,250.0,954.0,429,
5376,2020/02/24,996,88,315.0,186.0,366.0,575,
5377,2020/02/25,445,65,201.0,184.0,238.0,409,
5378,2020/02/26,528,116,608.0,337.0,1089.0,533,
5379,2020/02/27,907,53,468.0,201.0,829.0,597,
5380,2020/02/28,780,75,467.0,172.0,979.0,469,
5381,2020/03/02,843,77,536.0,185.0,1028.0,518,
5382,2020/03/03,178,106,496.0,282.0,934.0,561,
5383,2020/03/04,452,78,533.0,144.0,1171.0,783,
5384,2020/03/05,073,51,517.0,122.0,1138.0,489,
5385,2020/03/06,162,59,689.0,179.0,1622.0,414,
5386,2020/03/09,921,149,800.0,310.0,1566.0,586,
5387,2020/03/10,372,100,640.0,237.0,1388.0,552,
5388,2020/03/11,168,117,542.0,336.0,1099.0,633,
5389,2020/03/12,233,67,286.0,130.0,377.0,621,
5390,2020/03/13,504,100,693.0,319.0,1264.0,514,
5391,2020/03/16,983,49,539.0,144.0,1147.0,490,
5392,2020/03/17,679,79,463.0,249.0,839.0,437,
5393,2020/03/18,738,94,526.0,239.0,1126.0,759,
5394,2020/03/19,376,66,598.0,206.0,1157.0,518,
5395,2020/03/20,397,69,682.0,278.0,1196.0,612,
5396,2020/03/23,063,90,608.0,160.0,1224.0,756,
5397,2020/03/24,477,34,200.0,141.0,235.0,619,
5398,2020/03/25,509,94,462.0,251.0,945.0,534,
5399,2020/03/26,930,121,511.0,201.0,954.0,413,
5400,2020/03/27,938,43,501.0,141.0,1017.0,439,
5401,2020/03/30,574,80,693.0,169.0,1034.0,599,
5402,2020/03/31,724,127,603.0,323.0,1152.0,1226,
5403,2020/04/01,176,43,488.0,139.0,996.0,402,
5404,2020/04/02,010,69,191.0,140.0,206.0,412,
5405,2020/04/03,802,80,455.0,237.0,997.0,560,
5406,2020/04/06,602,99,504.0,190.0,894.0,434,
5407,2020/04/07,221,121,312.0,175.0,399.0,463,
5408,2020/04/08,925,114,441.0,293.0,811.0,562,
5409,2020/04/09,505,90,197.0,133.0,234.0,380,
5410,2020/04/10,182,41,532.0,161.0,1149.0,452,
5411,2020/04/13,684,60,435.0,152.0,912.0,372,
5412,2020/04/14,909,77,226.0,174.0,215.0,386,
5413,2020/04/15,962,26,462.0,116.0,1021.0,344,
5414,2020/04/16,010,54,174.0,103.0,217.0,354,
5415,2020/04/17,391,68,570.0,179.0,1240.0,445,
5416,2020/04/20,950,37,431.0,112.0,853.0,576,
5417,2020/04/21,889,60,209.0,134.0,217.0,449,
5418,2020/04/22,489,54,361.0,164.0,830.0,330,
5419,2020/04/23,804,64,439.0,231.0,777.0,433,
5420,2020/04/24,654,34,315.0,96.0,681.0,404,
5421,2020/04/27,867,41,308.0,144.0,714.0,421,
5422,2020/04/28,843,33,271.0,98.0,572.0,441,
5423,2020/04/29,457,33,334.0,137.0,595.0,324,
5424,2020/04/30,054,32,302.0,76.0,788.0,312,
5425,2020/05/01,815,70,358.0,195.0,740.0,405,
5426,2020/05/04,534,40,376.0,121.0,761.0,382,
5427,2020/05/05,809,62,464.0,273.0,968.0,403,
5428,2020/05/06,348,81,317.0,105.0,590.0,330,
5429,2020/05/07,033,70,205.0,121.0,310.0,492,
5430,2020/05/08,278,59,402.0,150.0,848.0,413,
5431,2020/05/11,837,57,567.0,164.0,1033.0,585,
5432,2020/05/12,996,57,133.0,101.0,180.0,456,
5433,2020/05/13,860,37,357.0,118.0,750.0,373,
5434,2020/05/14,700,101,294.0,162.0,351.0,854,
5435,2020/05/15,325,74,450.0,310.0,854.0,483,
5436,2020/05/18,803,131,718.0,337.0,1242.0,488,
5437,2020/05/19,162,46,532.0,152.0,1168.0,352,
5438,2020/05/20,729,102,532.0,339.0,977.0,447,
5439,2020/05/21,684,60,420.0,171.0,899.0,377,
5440,2020/05/22,406,75,383.0,222.0,764.0,392,
5441,2020/05/25,663,78,298.0,145.0,270.0,610,
5442,2020/05/26,178,82,508.0,273.0,914.0,468,
5443,2020/05/27,551,106,305.0,243.0,398.0,805,
5444,2020/05/28,343,58,192.0,118.0,268.0,417,
5445,2020/05/29,892,71,602.0,186.0,1316.0,631,
5446,2020/06/01,536,101,705.0,234.0,1258.0,724,
5447,2020/06/02,202,62,239.0,173.0,319.0,713,
5448,2020/06/03,697,60,382.0,162.0,741.0,541,
5449,2020/06/04,432,81,599.0,191.0,1212.0,620,
5450,2020/06/05,863,124,737.0,310.0,1378.0,679,
5451,2020/06/08,507,117,578.0,285.0,928.0,581,
5452,2020/06/09,744,75,243.0,148.0,253.0,586,
5453,2020/06/10,774,77,276.0,165.0,387.0,466,
5454,2020/06/11,383,61,209.0,130.0,256.0,431,
5455,2020/06/12,078,53,432.0,139.0,942.0,525,
5456,2020/06/15,712,136,1002.0,409.0,2124.0,626,
5457,2020/06/16,826,110,597.0,370.0,1087.0,708,
5458,2020/06/17,153,79,717.0,187.0,1532.0,545,
5459,2020/06/18,365,74,481.0,189.0,871.0,578,
5460,2020/06/19,734,77,642.0,278.0,1363.0,650,
5461,2020/06/22,197,84,725.0,176.0,1275.0,562,
5462,2020/06/23,988,68,295.0,142.0,300.0,748,
5463,2020/06/24,550,51,244.0,121.0,286.0,545,
5464,2020/06/25,981,39,628.0,127.0,1457.0,402,
5465,2020/06/26,709,103,730.0,266.0,1148.0,964,
5466,2020/06/29,801,116,842.0,287.0,1555.0,624,
5467,2020/06/30,245,86,556.0,200.0,1073.0,491,
5468,2020/07/01,358,376,965.0,864.0,1565.0,674,
5469,2020/07/02,510,114,516.0,287.0,1005.0,471,
5470,2020/07/03,464,93,257.0,139.0,312.0,625,
5471,2020/07/06,337,127,454.0,252.0,515.0,809,
5472,2020/07/07,112,112,286.0,239.0,425.0,416,
5473,2020/07/08,024,97,518.0,188.0,1190.0,591,
5474,2020/07/09,339,102,332.0,211.0,301.0,638,
5475,2020/07/10,937,54,522.0,160.0,1011.0,395,
5476,2020/07/13,182,61,752.0,165.0,1459.0,562,
5477,2020/07/14,738,66,556.0,209.0,1111.0,599,
5478,2020/07/15,697,93,506.0,225.0,953.0,529,
5479,2020/07/16,699,84,281.0,150.0,324.0,795,
5480,2020/07/17,613,86,674.0,331.0,1414.0,581,
5481,2020/07/20,350,96,684.0,177.0,1198.0,493,
5482,2020/07/21,378,91,485.0,274.0,964.0,656,
5483,2020/07/22,637,112,864.0,378.0,1517.0,717,
5484,2020/07/23,097,48,441.0,152.0,818.0,518,
5485,2020/07/24,224,117,301.0,228.0,338.0,611,
5486,2020/07/27,495,74,694.0,281.0,1359.0,458,
5487,2020/07/28,008,73,249.0,134.0,311.0,601,
5488,2020/07/29,902,78,534.0,275.0,1042.0,622,
5489,2020/07/30,555,366,,,,644,
5490,2020/07/31,130,102,549.0,241.0,1133.0,428,
5491,2020/08/03,009,147,429.0,253.0,480.0,835,
5492,2020/08/04,113,136,295.0,282.0,396.0,437,
5493,2020/08/05,229,101,291.0,234.0,319.0,463,
5494,2020/08/06,796,52,478.0,160.0,951.0,499,
5495,2020/08/07,332,75,278.0,205.0,424.0,532,
5496,2020/08/10,681,102,674.0,182.0,1327.0,510,
5497,2020/08/11,871,56,542.0,162.0,1231.0,390,
5498,2020/08/12,640,43,316.0,114.0,806.0,530,
5499,2020/08/13,998,76,245.0,180.0,266.0,557,
5500,2020/08/14,132,83,768.0,251.0,1559.0,517,
5501,2020/08/17,946,64,585.0,216.0,1100.0,704,
5502,2020/08/18,858,82,324.0,197.0,305.0,573,
5503,2020/08/19,884,74,204.0,124.0,254.0,442,
5504,2020/08/20,611,118,244.0,199.0,366.0,709,
5505,2020/08/21,529,91,480.0,261.0,933.0,564,
5506,2020/08/24,317,141,819.0,332.0,1487.0,645,
5507,2020/08/25,226,160,337.0,363.0,395.0,573,
5508,2020/08/26,687,59,484.0,159.0,942.0,613,
5509,2020/08/27,267,69,546.0,188.0,1190.0,574,
5510,2020/08/28,930,63,575.0,198.0,1089.0,521,
5511,2020/08/31,443,151,345.0,287.0,321.0,659,
5512,2020/09/01,838,74,277.0,161.0,357.0,443,
5513,2020/09/02,995,66,220.0,154.0,303.0,478,
5514,2020/09/03,716,111,498.0,311.0,918.0,450,
5515,2020/09/04,445,79,223.0,167.0,234.0,448,
5516,2020/09/07,793,76,597.0,194.0,1044.0,533,
5517,2020/09/08,948,66,522.0,173.0,1000.0,525,
5518,2020/09/09,461,68,515.0,177.0,1036.0,462,
5519,2020/09/10,899,71,258.0,137.0,323.0,477,
5520,2020/09/11,195,64,500.0,196.0,1060.0,318,
5521,2020/09/14,046,105,481.0,211.0,978.0,693,
5522,2020/09/15,848,64,283.0,195.0,282.0,411,
5523,2020/09/16,927,123,564.0,363.0,1133.0,597,
5524,2020/09/17,376,55,549.0,183.0,1142.0,491,
5525,2020/09/18,432,82,568.0,177.0,1117.0,715,
5526,2020/09/21,240,201,543.0,265.0,1044.0,355,
5527,2020/09/22,208,52,336.0,184.0,803.0,515,
5528,2020/09/23,365,69,472.0,206.0,856.0,413,
5529,2020/09/24,660,161,348.0,203.0,392.0,246,
5530,2020/09/25,040,88,309.0,191.0,321.0,270,
5531,2020/09/28,932,100,652.0,148.0,1285.0,611,
5532,2020/09/29,969,50,294.0,122.0,310.0,513,
5533,2020/09/30,130,87,480.0,172.0,941.0,507,
5534,2020/10/01,659,60,372.0,144.0,734.0,568,
5535,2020/10/02,040,93,220.0,132.0,266.0,400,
5536,2020/10/05,160,97,664.0,207.0,1236.0,502,
5537,2020/10/06,472,71,559.0,244.0,1162.0,481,
5538,2020/10/07,944,58,234.0,143.0,324.0,626,
5539,2020/10/08,277,57,282.0,147.0,418.0,510,
5540,2020/10/09,820,86,370.0,204.0,757.0,457,
5541,2020/10/12,979,72,225.0,141.0,346.0,450,
5542,2020/10/13,300,120,258.0,149.0,272.0,602,
5543,2020/10/14,424,104,273.0,206.0,364.0,462,
5544,2020/10/15,650,56,363.0,131.0,811.0,434,
5545,2020/10/16,680,48,521.0,185.0,1042.0,551,
5546,2020/10/19,829,117,505.0,299.0,941.0,627,
5547,2020/10/20,963,100,729.0,328.0,1610.0,473,
5548,2020/10/21,777,429,,,,508,
5549,2020/10/22,118,130,288.0,325.0,372.0,597,
5550,2020/10/23,846,58,639.0,210.0,1225.0,529,
5551,2020/10/26,937,116,731.0,250.0,1232.0,751,
5552,2020/10/27,129,114,649.0,368.0,1241.0,434,
5553,2020/10/28,862,84,572.0,161.0,1267.0,437,
5554,2020/10/29,481,51,570.0,155.0,1107.0,443,
5555,2020/10/30,458,58,469.0,271.0,885.0,646,
5556,2020/11/02,761,60,564.0,142.0,1084.0,460,
5557,2020/11/03,210,86,467.0,192.0,856.0,442,
5558,2020/11/04,322,100,349.0,217.0,503.0,703,
5559,2020/11/05,993,64,256.0,196.0,356.0,615,
5560,2020/11/06,415,112,515.0,275.0,1051.0,499,
5561,2020/11/09,174,100,729.0,236.0,1689.0,499,
5562,2020/11/10,242,45,259.0,101.0,391.0,638,
5563,2020/11/11,287,51,501.0,134.0,1132.0,545,
5564,2020/11/12,475,57,600.0,245.0,911.0,617,
5565,2020/11/13,922,87,230.0,264.0,335.0,476,
5566,2020/11/16,842,92,761.0,183.0,1554.0,471,
5567,2020/11/17,136,80,579.0,275.0,1386.0,754,
5568,2020/11/18,346,76,470.0,216.0,1188.0,467,
5569,2020/11/19,000,345,,,,539,
5570,2020/11/20,321,108,819.0,276.0,1712.0,655,
5571,2020/11/23,014,75,572.0,196.0,1298.0,574,
5572,2020/11/24,998,72,241.0,132.0,264.0,400,
5573,2020/11/25,945,60,463.0,169.0,925.0,477,
5574,2020/11/26,171,54,319.0,122.0,615.0,380,
5575,2020/11/27,282,70,394.0,234.0,520.0,523,
5576,2020/11/30,571,75,773.0,181.0,1318.0,382,
5577,2020/12/01,659,68,392.0,217.0,748.0,540,
5578,2020/12/02,729,98,542.0,351.0,1103.0,550,
5579,2020/12/03,275,78,712.0,225.0,1265.0,417,
5580,2020/12/04,201,77,518.0,173.0,1003.0,385,
5581,2020/12/07,314,215,822.0,468.0,1323.0,514,
5582,2020/12/08,898,69,295.0,162.0,331.0,486,
5583,2020/12/09,693,85,574.0,174.0,1374.0,400,
5584,2020/12/10,823,120,629.0,306.0,1238.0,549,
5585,2020/12/11,831,117,727.0,372.0,1649.0,560,
5586,2020/12/14,688,195,334.0,287.0,324.0,595,
5587,2020/12/15,377,82,273.0,155.0,312.0,545,
5588,2020/12/16,364,53,547.0,151.0,1138.0,551,
5589,2020/12/17,711,106,308.0,199.0,488.0,507,
5590,2020/12/18,017,81,611.0,205.0,1284.0,538,
5591,2020/12/21,421,116,901.0,314.0,1679.0,746,
5592,2020/12/22,689,98,473.0,184.0,868.0,492,
5593,2020/12/23,485,59,472.0,151.0,1045.0,429,
5594,2020/12/24,316,148,714.0,378.0,1213.0,504,
5595,2020/12/25,588,69,247.0,152.0,262.0,494,
5596,2020/12/28,925,183,839.0,409.0,1199.0,657,
5597,2020/12/29,439,87,668.0,317.0,1224.0,834,
5598,2020/12/30,013,98,675.0,201.0,1488.0,530,
5599,2021/01/04,489,139,474.0,240.0,929.0,426,
5600,2021/01/05,715,133,620.0,343.0,1128.0,566,
5601,2021/01/06,325,139,613.0,392.0,1107.0,462,
5602,2021/01/07,762,73,511.0,132.0,1164.0,502,
5603,2021/01/08,229,87,257.0,199.0,357.0,682,
5604,2021/01/11,051,81,695.0,173.0,1369.0,496,
5605,2021/01/12,197,86,601.0,187.0,1162.0,473,
5606,2021/01/13,517,134,687.0,306.0,1328.0,489,
5607,2021/01/14,053,48,586.0,126.0,1193.0,388,
5608,2021/01/15,740,64,497.0,173.0,1011.0,749,
5609,2021/01/18,240,89,950.0,243.0,1532.0,390,
5610,2021/01/19,355,119,328.0,220.0,340.0,689,
5611,2021/01/20,294,70,619.0,212.0,1257.0,596,
5612,2021/01/21,923,115,611.0,337.0,1136.0,556,
5613,2021/01/22,635,71,528.0,211.0,1058.0,822,
5614,2021/01/25,196,102,781.0,283.0,1679.0,672,
5615,2021/01/26,240,70,507.0,165.0,995.0,363,
5616,2021/01/27,602,79,477.0,195.0,960.0,612,
5617,2021/01/28,951,45,586.0,157.0,1286.0,387,
5618,2021/01/29,698,78,476.0,208.0,939.0,578,
5619,2021/02/01,514,153,734.0,389.0,1345.0,723,
5620,2021/02/02,509,77,619.0,237.0,979.0,636,
5621,2021/02/03,398,72,545.0,242.0,1126.0,468,
5622,2021/02/04,704,75,430.0,188.0,815.0,511,
5623,2021/02/05,281,71,734.0,208.0,1678.0,624,
5624,2021/02/08,357,178,1003.0,412.0,1625.0,702,
5625,2021/02/09,486,78,788.0,232.0,1566.0,452,
5626,2021/02/10,843,74,502.0,172.0,900.0,530,
5627,2021/02/11,641,62,540.0,140.0,1145.0,918,
5628,2021/02/12,000,301,,,,758,
5629,2021/02/15,744,76,281.0,131.0,320.0,758,
5630,2021/02/16,785,59,511.0,162.0,1032.0,496,
5631,2021/02/17,003,77,189.0,114.0,227.0,464,
5632,2021/02/18,912,109,991.0,427.0,2078.0,603,
5633,2021/02/19,154,72,557.0,135.0,1186.0,546,
5634,2021/02/22,179,82,655.0,193.0,1216.0,855,
5635,2021/02/23,862,52,880.0,202.0,1610.0,495,
5636,2021/02/24,385,152,1148.0,465.0,2020.0,354,
5637,2021/02/25,997,80,210.0,145.0,208.0,578,
5638,2021/02/26,298,110,591.0,337.0,1220.0,693,
5639,2021/03/01,246,147,1107.0,405.0,1613.0,871,
5640,2021/03/02,934,84,543.0,172.0,991.0,567,
5641,2021/03/03,291,98,730.0,253.0,1548.0,502,
5642,2021/03/04,931,101,762.0,232.0,1660.0,457,
5643,2021/03/05,831,127,907.0,439.0,1766.0,415,
5644,2021/03/08,097,123,539.0,187.0,1062.0,707,
5645,2021/03/09,807,56,636.0,207.0,1173.0,474,
5646,2021/03/10,566,132,267.0,197.0,317.0,975,
5647,2021/03/11,767,85,342.0,174.0,461.0,511,
5648,2021/03/12,759,50,503.0,171.0,950.0,450,
5649,2021/03/15,351,164,1551.0,271.0,2893.0,540,
5650,2021/03/16,642,99,967.0,204.0,1787.0,674,
5651,2021/03/17,881,56,206.0,160.0,352.0,424,
5652,2021/03/18,347,84,491.0,213.0,1034.0,592,
5653,2021/03/19,989,74,353.0,169.0,400.0,553,
5654,2021/03/22,048,81,490.0,166.0,1008.0,664,
5655,2021/03/23,369,189,679.0,523.0,1132.0,473,
5656,2021/03/24,876,43,532.0,141.0,955.0,525,
5657,2021/03/25,548,48,572.0,184.0,1007.0,403,
5658,2021/03/26,020,60,224.0,148.0,309.0,694,
5659,2021/03/29,574,72,597.0,157.0,1063.0,503,
5660,2021/03/30,526,109,594.0,248.0,1078.0,506,
5661,2021/03/31,985,58,618.0,150.0,1148.0,511,
5662,2021/04/01,655,65,237.0,99.0,356.0,642,
5663,2021/04/02,933,82,371.0,173.0,474.0,1081,
5664,2021/04/05,415,168,742.0,450.0,1269.0,557,
5665,2021/04/06,053,62,506.0,115.0,1015.0,456,
5666,2021/04/07,742,117,765.0,259.0,1599.0,656,
5667,2021/04/08,611,105,270.0,189.0,461.0,631,
5668,2021/04/09,684,127,655.0,182.0,1131.0,581,
5669,2021/04/12,178,204,944.0,531.0,1853.0,893,
5670,2021/04/13,136,135,744.0,273.0,1447.0,518,
5671,2021/04/14,680,77,373.0,146.0,831.0,365,
5672,2021/04/15,016,96,556.0,150.0,1032.0,452,
5673,2021/04/16,623,129,689.0,397.0,1520.0,649,
5674,2021/04/19,750,117,555.0,177.0,1131.0,582,
5675,2021/04/20,526,115,545.0,301.0,944.0,477,
5676,2021/04/21,258,113,685.0,357.0,1216.0,580,
5677,2021/04/22,148,74,656.0,196.0,1275.0,470,
5678,2021/04/23,762,102,643.0,160.0,1201.0,499,
5679,2021/04/26,109,172,650.0,375.0,1242.0,788,
5680,2021/04/27,053,52,498.0,153.0,940.0,412,
5681,2021/04/28,537,96,696.0,213.0,1317.0,631,
5682,2021/04/29,755,56,304.0,142.0,348.0,588,
5683,2021/04/30,050,86,306.0,184.0,356.0,405,
5684,2021/05/03,971,95,703.0,211.0,1284.0,502,
5685,2021/05/04,465,80,472.0,140.0,873.0,464,
5686,2021/05/05,782,104,617.0,173.0,1258.0,533,
5687,2021/05/06,475,90,578.0,246.0,1035.0,559,
5688,2021/05/07,068,69,462.0,139.0,880.0,645,
5689,2021/05/10,860,106,539.0,186.0,964.0,480,
5690,2021/05/11,753,139,713.0,313.0,1334.0,456,
5691,2021/05/12,265,62,641.0,177.0,1306.0,397,
5692,2021/05/13,958,75,620.0,188.0,1101.0,694,
5693,2021/05/14,863,105,782.0,335.0,1554.0,664,
5694,2021/05/17,615,136,854.0,338.0,1357.0,527,
5695,2021/05/18,270,81,531.0,175.0,1121.0,545,
5696,2021/05/19,855,84,339.0,162.0,293.0,573,
5697,2021/05/20,130,99,443.0,168.0,929.0,443,
5698,2021/05/21,151,115,287.0,132.0,516.0,529,
5699,2021/05/24,052,130,705.0,201.0,1258.0,578,
5700,2021/05/25,369,176,657.0,474.0,1160.0,494,
5701,2021/05/26,576,71,638.0,214.0,1266.0,593,
5702,2021/05/27,635,82,519.0,192.0,1126.0,517,
5703,2021/05/28,282,76,267.0,141.0,453.0,422,
5704,2021/05/31,493,86,632.0,283.0,1295.0,708,
5705,2021/06/01,117,172,328.0,335.0,463.0,527,
5706,2021/06/02,948,79,433.0,160.0,879.0,567,
5707,2021/06/03,633,91,369.0,151.0,449.0,628,
5708,2021/06/04,227,137,357.0,301.0,528.0,540,
5709,2021/06/07,118,367,785.0,705.0,883.0,822,
5710,2021/06/08,841,109,498.0,177.0,942.0,363,
5711,2021/06/09,736,79,596.0,220.0,1225.0,488,
5712,2021/06/10,746,56,500.0,171.0,952.0,511,
5713,2021/06/11,695,107,506.0,174.0,986.0,465,
5714,2021/06/14,901,109,574.0,209.0,1092.0,519,
5715,2021/06/15,108,145,736.0,425.0,1376.0,432,
5716,2021/06/16,553,150,233.0,163.0,350.0,554,
5717,2021/06/17,089,107,579.0,208.0,1370.0,485,
5718,2021/06/18,752,113,771.0,189.0,1524.0,381,
5719,2021/06/21,367,177,751.0,268.0,1251.0,557,
5720,2021/06/22,400,127,205.0,133.0,264.0,706,
5721,2021/06/23,836,48,563.0,198.0,1204.0,443,
5722,2021/06/24,153,144,688.0,217.0,1377.0,512,
5723,2021/06/25,093,108,524.0,182.0,1009.0,406,
5724,2021/06/28,479,147,785.0,327.0,1351.0,573,
5725,2021/06/29,736,126,539.0,236.0,1002.0,481,
5726,2021/06/30,389,116,580.0,252.0,1095.0,457,
5727,2021/07/01,472,76,778.0,273.0,1544.0,469,
5728,2021/07/02,759,117,494.0,216.0,1003.0,535,
5729,2021/07/05,591,107,699.0,185.0,1277.0,442,
5730,2021/07/06,641,103,504.0,117.0,1237.0,341,
5731,2021/07/07,888,505,,,,672,
5732,2021/07/08,758,153,514.0,292.0,893.0,656,
5733,2021/07/09,292,74,277.0,157.0,467.0,524,
5734,2021/07/12,768,164,479.0,184.0,842.0,534,
5735,2021/07/13,293,74,428.0,200.0,1042.0,485,
5736,2021/07/14,740,149,386.0,116.0,901.0,540,
5737,2021/07/15,920,140,465.0,253.0,952.0,380,
5738,2021/07/16,090,131,453.0,244.0,445.0,988,
5739,2021/07/19,415,211,778.0,459.0,1435.0,640,
5740,2021/07/20,900,143,250.0,136.0,308.0,602,
5741,2021/07/21,803,78,494.0,227.0,1016.0,321,
5742,2021/07/22,764,108,432.0,143.0,887.0,655,
5743,2021/07/23,378,150,567.0,308.0,1069.0,572,
5744,2021/07/26,388,201,231.0,160.0,339.0,539,
5745,2021/07/27,556,134,160.0,173.0,192.0,834,
5746,2021/07/28,614,160,407.0,269.0,821.0,490,
5747,2021/07/29,764,125,492.0,157.0,898.0,315,
5748,2021/07/30,704,144,458.0,271.0,755.0,378,
5749,2021/08/02,239,259,764.0,366.0,1360.0,897,
5750,2021/08/03,240,253,619.0,412.0,1063.0,449,
5751,2021/08/04,696,117,208.0,115.0,259.0,550,
5752,2021/08/05,345,91,413.0,264.0,689.0,462,
5753,2021/08/06,163,254,583.0,282.0,1209.0,512,
5754,2021/08/09,419,287,575.0,298.0,993.0,909,
5755,2021/08/10,599,148,145.0,82.0,206.0,600,
5756,2021/08/11,261,151,601.0,195.0,1414.0,393,
5757,2021/08/12,745,142,358.0,171.0,833.0,375,
5758,2021/08/13,707,241,250.0,147.0,289.0,447,
5759,2021/08/16,746,247,707.0,264.0,1231.0,645,
5760,2021/08/17,630,233,503.0,203.0,911.0,403,
5761,2021/08/18,144,229,289.0,108.0,353.0,686,
5762,2021/08/19,034,160,436.0,147.0,909.0,476,
5763,2021/08/20,862,166,609.0,230.0,1216.0,473,
5764,2021/08/23,128,316,799.0,396.0,1457.0,909,
5765,2021/08/24,841,120,677.0,214.0,1200.0,390,
5766,2021/08/25,760,69,406.0,175.0,812.0,291,
5767,2021/08/26,987,159,549.0,200.0,1031.0,644,
5768,2021/08/27,413,214,480.0,318.0,981.0,591,
5769,2021/08/30,412,350,754.0,311.0,1328.0,451,
5770,2021/08/31,335,78,225.0,253.0,299.0,514,
5771,2021/09/01,502,360,435.0,228.0,813.0,379,
5772,2021/09/02,933,193,252.0,110.0,313.0,534,
5773,2021/09/03,099,390,255.0,154.0,357.0,502,
5774,2021/09/06,595,321,277.0,136.0,340.0,409,
5775,2021/09/07,059,293,692.0,211.0,1412.0,399,
5776,2021/09/08,547,294,468.0,145.0,874.0,473,
5777,2021/09/09,916,99,506.0,333.0,1027.0,438,
5778,2021/09/10,931,241,610.0,203.0,1436.0,440,
5779,2021/09/13,040,424,199.0,168.0,189.0,496,
5780,2021/09/14,468,70,496.0,278.0,939.0,403,
5781,2021/09/15,032,428,435.0,205.0,973.0,629,
5782,2021/09/16,662,213,208.0,129.0,303.0,362,
5783,2021/09/17,714,153,733.0,372.0,1423.0,454,
5784,2021/09/20,723,192,725.0,450.0,1318.0,571,
5785,2021/09/21,114,101,248.0,245.0,319.0,337,
5786,2021/09/22,708,63,355.0,162.0,721.0,349,
5787,2021/09/23,975,69,361.0,152.0,752.0,550,
5788,2021/09/24,262,47,275.0,121.0,476.0,382,
5789,2021/09/27,275,78,796.0,283.0,1488.0,381,
5790,2021/09/28,226,108,220.0,239.0,267.0,528,
5791,2021/09/29,610,121,391.0,237.0,713.0,416,
5792,2021/09/30,606,78,409.0,216.0,462.0,523,
5793,2021/10/01,910,123,494.0,260.0,1011.0,494,
5794,2021/10/04,876,52,501.0,136.0,833.0,458,
5795,2021/10/05,033,58,294.0,166.0,420.0,674,
5796,2021/10/06,649,60,707.0,268.0,1167.0,849,
5797,2021/10/07,716,86,522.0,349.0,1084.0,477,
5798,2021/10/08,071,42,685.0,142.0,1356.0,397,
5799,2021/10/11,473,80,551.0,165.0,1141.0,741,
5800,2021/10/12,461,56,545.0,184.0,1176.0,338,
5801,2021/10/13,642,52,556.0,182.0,1175.0,499,
5802,2021/10/14,019,59,387.0,115.0,849.0,406,
5803,2021/10/15,968,53,385.0,177.0,798.0,401,
5804,2021/10/18,527,121,808.0,379.0,1356.0,654,
5805,2021/10/19,491,42,466.0,128.0,978.0,785,
5806,2021/10/20,353,41,229.0,125.0,305.0,1393,
5807,2021/10/21,722,132,265.0,192.0,367.0,1370,
5808,2021/10/22,426,122,608.0,291.0,1098.0,1194,
5809,2021/10/25,970,73,764.0,234.0,1301.0,3420,
5810,2021/10/26,495,51,630.0,187.0,1353.0,787,
5811,2021/10/27,488,45,291.0,108.0,327.0,630,
5812,2021/10/28,187,54,522.0,180.0,1164.0,479,
5813,2021/10/29,236,119,793.0,390.0,1528.0,717,
5814,2021/11/01,042,99,912.0,196.0,1596.0,1010,
5815,2021/11/02,265,56,627.0,217.0,1307.0,2070,
5816,2021/11/03,188,56,214.0,139.0,378.0,1785,
5817,2021/11/04,063,75,434.0,118.0,904.0,453,
5818,2021/11/05,169,59,680.0,258.0,1487.0,509,
5819,2021/11/08,576,96,683.0,155.0,1257.0,815,
5820,2021/11/09,024,55,469.0,156.0,980.0,687,
5821,2021/11/10,905,75,394.0,196.0,782.0,893,
5822,2021/11/11,748,59,511.0,205.0,974.0,549,
5823,2021/11/12,635,116,608.0,234.0,1251.0,547,
5824,2021/11/15,245,89,824.0,284.0,1621.0,549,
5825,2021/11/16,313,100,270.0,193.0,375.0,564,
5826,2021/11/17,967,62,491.0,185.0,914.0,442,
5827,2021/11/18,802,62,408.0,262.0,871.0,392,
5828,2021/11/19,571,67,677.0,234.0,1490.0,499,
5829,2021/11/22,363,88,249.0,147.0,303.0,591,
5830,2021/11/23,549,58,394.0,147.0,885.0,428,
5831,2021/11/24,448,93,357.0,239.0,324.0,479,
5832,2021/11/25,357,149,867.0,440.0,1472.0,651,
5833,2021/11/26,931,51,566.0,196.0,1237.0,450,
5834,2021/11/29,935,131,643.0,298.0,1090.0,434,
5835,2021/11/30,840,85,497.0,169.0,1065.0,572,
5836,2021/12/01,126,114,619.0,406.0,1366.0,631,
5837,2021/12/02,398,63,487.0,200.0,931.0,859,
5838,2021/12/03,856,85,626.0,246.0,1235.0,480,
5839,2021/12/06,075,90,581.0,157.0,1116.0,578,
5840,2021/12/07,871,41,489.0,139.0,1141.0,305,
5841,2021/12/08,570,26,383.0,88.0,814.0,329,
5842,2021/12/09,398,80,488.0,213.0,885.0,342,
5843,2021/12/10,540,69,459.0,144.0,1042.0,474,
5844,2021/12/13,418,169,750.0,358.0,1305.0,653,
5845,2021/12/14,702,51,426.0,173.0,891.0,389,
5846,2021/12/15,728,156,606.0,382.0,1060.0,493,
5847,2021/12/16,074,54,499.0,144.0,1072.0,481,
5848,2021/12/17,050,49,218.0,129.0,292.0,411,
5849,2021/12/20,245,87,666.0,274.0,1160.0,672,
5850,2021/12/21,858,37,226.0,126.0,268.0,609,
5851,2021/12/22,365,105,587.0,257.0,1045.0,515,
5852,2021/12/23,486,73,650.0,202.0,1194.0,684,
5853,2021/12/24,069,55,554.0,179.0,1179.0,682,
5854,2021/12/27,692,85,685.0,233.0,1418.0,566,
5855,2021/12/28,553,80,255.0,137.0,340.0,603,
5856,2021/12/29,737,64,258.0,140.0,359.0,891,
5857,2021/12/30,131,121,446.0,248.0,657.0,590,
5858,2022/01/04,394,74,547.0,226.0,1126.0,599,
5859,2022/01/05,917,169,550.0,338.0,973.0,715,
5860,2022/01/06,201,41,441.0,179.0,968.0,812,
5861,2022/01/07,698,38,429.0,155.0,870.0,575,
5862,2022/01/10,758,112,795.0,299.0,1421.0,596,
5863,2022/01/11,906,87,470.0,222.0,910.0,389,
5864,2022/01/12,372,102,622.0,240.0,1166.0,506,
5865,2022/01/13,387,61,552.0,159.0,1128.0,627,
5866,2022/01/14,946,66,719.0,222.0,1444.0,807,
5867,2022/01/17,529,195,816.0,362.0,1357.0,1021,
5868,2022/01/18,118,267,489.0,547.0,392.0,759,
5869,2022/01/19,330,119,240.0,191.0,299.0,672,
5870,2022/01/20,739,49,531.0,232.0,1060.0,562,
5871,2022/01/21,597,77,556.0,189.0,943.0,760,
5872,2022/01/24,207,104,635.0,220.0,957.0,606,
5873,2022/01/25,607,85,375.0,145.0,702.0,319,
5874,2022/01/26,988,72,261.0,157.0,306.0,586,
5875,2022/01/27,995,49,177.0,101.0,252.0,456,
5876,2022/01/28,355,105,346.0,216.0,326.0,852,
5877,2022/01/31,125,225,875.0,426.0,1408.0,759,
5878,2022/02/01,372,91,662.0,261.0,1274.0,538,
5879,2022/02/02,160,44,405.0,101.0,889.0,599,
5880,2022/02/03,839,76,744.0,230.0,1602.0,647,
5881,2022/02/04,094,87,561.0,215.0,1206.0,567,
5882,2022/02/07,138,125,952.0,287.0,1735.0,1082,
5883,2022/02/08,355,114,269.0,207.0,275.0,527,
5884,2022/02/09,008,40,250.0,142.0,379.0,452,
5885,2022/02/10,577,68,274.0,143.0,396.0,848,
5886,2022/02/11,888,453,,,,912,
5887,2022/02/14,973,79,674.0,174.0,1408.0,632,
5888,2022/02/15,280,61,486.0,137.0,921.0,430,
5889,2022/02/16,494,117,268.0,136.0,303.0,390,
5890,2022/02/17,719,198,535.0,281.0,933.0,583,
5891,2022/02/18,098,98,759.0,275.0,1682.0,821,
5892,2022/02/21,991,82,440.0,176.0,577.0,479,
5893,2022/02/22,481,48,568.0,138.0,1092.0,477,
5894,2022/02/23,520,68,431.0,179.0,786.0,482,
5895,2022/02/24,811,116,261.0,188.0,460.0,678,
5896,2022/02/25,951,52,592.0,194.0,1206.0,500,
5897,2022/02/28,358,520,1304.0,1054.0,1798.0,771,
5898,2022/03/01,463,113,696.0,258.0,1340.0,638,
5899,2022/03/02,735,108,878.0,331.0,1595.0,548,
5900,2022/03/03,907,139,572.0,261.0,971.0,496,
5901,2022/03/04,432,77,548.0,198.0,1195.0,530,
5902,2022/03/07,493,75,708.0,224.0,1297.0,715,
5903,2022/03/08,348,71,557.0,212.0,1081.0,852,
5904,2022/03/09,516,134,561.0,308.0,1112.0,732,
5905,2022/03/10,920,196,519.0,216.0,945.0,575,
5906,2022/03/11,790,67,462.0,153.0,927.0,615,
5907,2022/03/14,552,67,262.0,151.0,376.0,603,
5908,2022/03/15,805,106,576.0,265.0,1028.0,552,
5909,2022/03/16,567,155,436.0,288.0,730.0,650,
5910,2022/03/17,798,256,627.0,276.0,1402.0,778,
5911,2022/03/18,529,90,581.0,329.0,1148.0,681,
5912,2022/03/21,133,94,310.0,124.0,558.0,940,
5913,2022/03/22,428,78,537.0,297.0,972.0,579,
5914,2022/03/23,028,113,446.0,103.0,792.0,456,
5915,2022/03/24,959,90,192.0,148.0,218.0,421,
5916,2022/03/25,928,311,639.0,440.0,1212.0,730,
5917,2022/03/28,943,122,716.0,246.0,1316.0,876,
5918,2022/03/29,515,145,243.0,218.0,306.0,650,
5919,2022/03/30,522,122,298.0,183.0,391.0,776,
5920,2022/03/31,733,47,353.0,146.0,441.0,812,
5921,2022/04/01,194,236,536.0,227.0,1090.0,835,
5922,2022/04/04,060,88,264.0,149.0,314.0,658,
5923,2022/04/05,106,88,542.0,274.0,992.0,546,
5924,2022/04/06,922,104,238.0,206.0,282.0,581,
5925,2022/04/07,622,371,282.0,238.0,439.0,548,
5926,2022/04/08,683,81,590.0,198.0,1308.0,1201,
5927,2022/04/11,391,106,766.0,266.0,1638.0,480,
5928,2022/04/12,338,82,210.0,143.0,265.0,448,
5929,2022/04/13,882,64,297.0,164.0,358.0,474,
5930,2022/04/14,859,179,419.0,151.0,983.0,418,
5931,2022/04/15,451,75,981.0,205.0,2052.0,431,
5932,2022/04/18,950,91,714.0,264.0,1302.0,513,
5933,2022/04/19,124,98,515.0,269.0,1024.0,472,
5934,2022/04/20,162,43,602.0,168.0,1438.0,428,
5935,2022/04/21,040,69,214.0,121.0,257.0,657,
5936,2022/04/22,193,127,651.0,310.0,1257.0,628,
5937,2022/04/25,696,74,339.0,215.0,351.0,783,
5938,2022/04/26,939,53,298.0,144.0,268.0,665,
5939,2022/04/27,183,120,650.0,237.0,1524.0,587,
5940,2022/04/28,621,118,553.0,249.0,1079.0,890,
5941,2022/04/29,226,173,406.0,326.0,404.0,571,
5942,2022/05/02,468,107,720.0,368.0,1193.0,794,
5943,2022/05/03,985,61,444.0,126.0,944.0,552,
5944,2022/05/04,394,173,702.0,251.0,1183.0,563,
5945,2022/05/05,655,203,250.0,89.0,338.0,858,
5946,2022/05/06,529,132,680.0,376.0,1186.0,678,
5947,2022/05/09,283,128,740.0,269.0,1401.0,731,
5948,2022/05/10,408,112,383.0,233.0,702.0,509,
5949,2022/05/11,713,107,760.0,323.0,1568.0,525,
5950,2022/05/12,264,78,703.0,189.0,1387.0,511,
5951,2022/05/13,612,96,675.0,272.0,1336.0,481,
5952,2022/05/16,981,65,664.0,167.0,1542.0,655,
5953,2022/05/17,150,71,458.0,134.0,1102.0,489,
5954,2022/05/18,007,116,318.0,213.0,342.0,433,
5955,2022/05/19,603,81,428.0,224.0,905.0,390,
5956,2022/05/20,941,47,544.0,149.0,1157.0,541,
5957,2022/05/23,319,157,1124.0,485.0,1900.0,679,
5958,2022/05/24,123,145,600.0,428.0,1022.0,824,
5959,2022/05/25,940,59,363.0,115.0,876.0,592,
5960,2022/05/26,544,61,312.0,100.0,464.0,720,
5961,2022/05/27,431,55,554.0,197.0,1286.0,582,
5962,2022/05/30,250,84,576.0,179.0,1035.0,485,
5963,2022/05/31,790,51,464.0,131.0,929.0,436,
5964,2022/06/01,030,43,218.0,122.0,314.0,541,
5965,2022/06/02,044,121,325.0,156.0,393.0,605,
5966,2022/06/03,677,88,208.0,120.0,284.0,889,
5967,2022/06/06,739,101,672.0,275.0,1232.0,747,
5968,2022/06/07,936,93,700.0,236.0,1733.0,585,
5969,2022/06/08,640,63,517.0,190.0,927.0,660,
5970,2022/06/09,415,134,593.0,400.0,1111.0,492,
5971,2022/06/10,274,109,759.0,298.0,1553.0,747,
5972,2022/06/13,272,80,400.0,158.0,586.0,589,
5973,2022/06/14,753,74,603.0,249.0,1139.0,610,
5974,2022/06/15,492,55,555.0,182.0,1193.0,523,
5975,2022/06/16,597,45,501.0,198.0,1067.0,537,
5976,2022/06/17,087,65,468.0,159.0,1091.0,630,
5977,2022/06/20,112,148,366.0,256.0,454.0,609,
5978,2022/06/21,445,57,150.0,150.0,192.0,535,
5979,2022/06/22,377,104,283.0,138.0,395.0,681,
5980,2022/06/23,844,72,228.0,115.0,327.0,726,
5981,2022/06/24,959,83,456.0,148.0,591.0,582,
5982,2022/06/27,953,100,713.0,213.0,1353.0,600,
5983,2022/06/28,098,181,502.0,186.0,1107.0,652,
5984,2022/06/29,483,78,446.0,154.0,811.0,557,
5985,2022/06/30,134,69,434.0,161.0,981.0,676,
5986,2022/07/01,089,174,463.0,163.0,951.0,622,
5987,2022/07/04,671,67,632.0,240.0,1279.0,738,
5988,2022/07/05,640,58,338.0,103.0,713.0,686,
5989,2022/07/06,771,74,246.0,152.0,393.0,365,
5990,2022/07/07,628,78,581.0,261.0,1224.0,669,
5991,2022/07/08,641,55,573.0,169.0,1338.0,556,
5992,2022/07/11,606,85,347.0,200.0,510.0,514,
5993,2022/07/12,043,66,386.0,150.0,715.0,576,
5994,2022/07/13,689,56,315.0,138.0,698.0,562,
5995,2022/07/14,949,90,280.0,128.0,295.0,522,
5996,2022/07/15,359,73,583.0,231.0,1057.0,469,
5997,2022/07/18,994,77,203.0,149.0,252.0,754,
5998,2022/07/19,459,112,751.0,360.0,1301.0,538,
5999,2022/07/20,941,55,539.0,198.0,1103.0,504,
6000,2022/07/21,217,268,1015.0,467.0,2198.0,683,
6001,2022/07/22,414,85,306.0,186.0,290.0,560,
6002,2022/07/25,370,68,730.0,209.0,1346.0,524,
6003,2022/07/26,208,35,430.0,195.0,904.0,476,
6004,2022/07/27,047,92,638.0,203.0,1258.0,600,
6005,2022/07/28,691,185,583.0,191.0,1341.0,465,
6006,2022/07/29,705,135,517.0,358.0,929.0,380,
6007,2022/08/01,827,105,649.0,283.0,1249.0,717,
6008,2022/08/02,890,62,592.0,232.0,1188.0,446,
6009,2022/08/03,818,139,313.0,295.0,345.0,526,
6010,2022/08/04,475,70,396.0,187.0,783.0,544,
6011,2022/08/05,509,93,534.0,266.0,986.0,819,
6012,2022/08/08,546,149,485.0,155.0,1067.0,695,
6013,2022/08/09,498,67,489.0,248.0,1138.0,683,
6014,2022/08/10,257,75,542.0,231.0,1167.0,552,
6015,2022/08/11,802,56,371.0,176.0,797.0,546,
6016,2022/08/12,731,121,704.0,316.0,1322.0,576,
6017,2022/08/15,033,89,341.0,143.0,405.0,1145,
6018,2022/08/16,624,102,633.0,279.0,1156.0,626,
6019,2022/08/17,287,180,630.0,132.0,1193.0,569,
6020,2022/08/18,302,99,419.0,214.0,784.0,459,
6021,2022/08/19,462,79,565.0,152.0,1176.0,607,
6022,2022/08/22,849,74,505.0,171.0,1093.0,605,
6023,2022/08/23,048,46,497.0,154.0,921.0,647,
6024,2022/08/24,877,82,286.0,165.0,353.0,675,
6025,2022/08/25,252,66,238.0,137.0,407.0,517,
6026,2022/08/26,514,129,547.0,355.0,1154.0,624,
6027,2022/08/29,988,87,310.0,134.0,320.0,718,
6028,2022/08/30,879,67,678.0,258.0,1199.0,619,
6029,2022/08/31,685,284,409.0,167.0,834.0,369,
6030,2022/09/01,353,66,260.0,152.0,308.0,573,
6031,2022/09/02,347,68,555.0,254.0,1122.0,657,
6032,2022/09/05,591,81,729.0,225.0,1312.0,771,
6033,2022/09/06,114,89,227.0,211.0,261.0,482,
6034,2022/09/07,892,48,429.0,157.0,1080.0,358,
6035,2022/09/08,020,131,229.0,185.0,289.0,551,
6036,2022/09/09,566,86,174.0,116.0,236.0,1442,
6037,2022/09/12,411,91,255.0,175.0,340.0,685,
6038,2022/09/13,170,171,397.0,158.0,907.0,371,
6039,2022/09/14,318,145,532.0,362.0,1216.0,511,
6040,2022/09/15,988,56,219.0,147.0,281.0,626,
6041,2022/09/16,979,56,338.0,148.0,410.0,767,
6042,2022/09/19,445,176,254.0,180.0,258.0,630,
6043,2022/09/20,232,36,292.0,147.0,468.0,679,
6044,2022/09/21,281,30,519.0,126.0,1226.0,419,
6045,2022/09/22,595,33,256.0,128.0,267.0,522,
6046,2022/09/23,278,42,467.0,172.0,945.0,691,
6047,2022/09/26,222,648,,,,759,
6048,2022/09/27,443,84,204.0,149.0,270.0,440,
6049,2022/09/28,727,214,330.0,292.0,360.0,479,
6050,2022/09/29,274,85,664.0,282.0,1492.0,504,
6051,2022/09/30,125,116,503.0,308.0,1030.0,503,
6052,2022/10/03,394,68,689.0,281.0,1327.0,588,
6053,2022/10/04,009,100,283.0,172.0,365.0,560,
6054,2022/10/05,146,53,426.0,136.0,1104.0,625,
6055,2022/10/06,432,69,398.0,164.0,996.0,416,
6056,2022/10/07,031,62,523.0,178.0,1161.0,468,
6057,2022/10/10,139,62,766.0,251.0,1793.0,601,
6058,2022/10/11,601,73,355.0,135.0,781.0,335,
6059,2022/10/12,630,86,469.0,208.0,942.0,429,
6060,2022/10/13,280,39,387.0,119.0,930.0,392,
6061,2022/10/14,595,97,255.0,183.0,310.0,593,
6062,2022/10/17,763,108,570.0,229.0,1012.0,713,
6063,2022/10/18,809,82,564.0,281.0,1222.0,378,
6064,2022/10/19,002,100,194.0,177.0,219.0,385,
6065,2022/10/20,804,47,337.0,180.0,720.0,544,
6066,2022/10/21,570,93,415.0,157.0,949.0,505,
6067,2022/10/24,030,112,261.0,217.0,365.0,445,
6068,2022/10/25,046,184,417.0,178.0,873.0,474,
6069,2022/10/26,605,85,418.0,164.0,920.0,491,
6070,2022/10/27,850,64,476.0,188.0,1006.0,635,
6071,2022/10/28,849,83,436.0,152.0,1116.0,490,
6072,2022/10/31,986,66,462.0,150.0,890.0,544,
6073,2022/11/01,281,36,490.0,134.0,1143.0,432,
6074,2022/11/02,746,76,451.0,203.0,990.0,504,
6075,2022/11/03,065,43,359.0,94.0,793.0,536,
6076,2022/11/04,763,63,437.0,207.0,952.0,539,
6077,2022/11/07,089,100,1088.0,308.0,2183.0,672,
6078,2022/11/08,800,87,352.0,210.0,459.0,1166,
6079,2022/11/09,054,57,446.0,164.0,1090.0,879,
6080,2022/11/10,394,163,575.0,230.0,1092.0,553,
6081,2022/11/11,754,56,424.0,126.0,908.0,525,
6082,2022/11/14,659,202,533.0,167.0,991.0,628,
6083,2022/11/15,641,90,485.0,166.0,1003.0,613,
6084,2022/11/16,824,108,553.0,252.0,1077.0,585,
6085,2022/11/17,930,185,422.0,265.0,969.0,437,
6086,2022/11/18,947,52,549.0,210.0,1145.0,512,
6087,2022/11/21,590,65,657.0,221.0,1449.0,592,
6088,2022/11/22,348,65,412.0,166.0,817.0,593,
6089,2022/11/23,533,54,247.0,111.0,297.0,697,
6090,2022/11/24,438,99,385.0,156.0,751.0,580,
6091,2022/11/25,424,338,261.0,193.0,318.0,558,
6092,2022/11/28,754,78,574.0,194.0,1017.0,588,
6093,2022/11/29,386,66,533.0,216.0,1204.0,386,
6094,2022/11/30,589,107,546.0,296.0,899.0,522,
6095,2022/12/01,978,88,548.0,169.0,986.0,546,
6096,2022/12/02,447,91,246.0,188.0,310.0,622,
6097,2022/12/05,468,127,806.0,414.0,1402.0,580,
6098,2022/12/06,658,61,483.0,150.0,1009.0,556,
6099,2022/12/07,745,103,650.0,259.0,1456.0,566,
6100,2022/12/08,671,201,420.0,138.0,957.0,490,
6101,2022/12/09,742,79,684.0,247.0,1428.0,980,
6102,2022/12/12,636,276,317.0,149.0,350.0,774,
6103,2022/12/13,638,95,700.0,307.0,1198.0,535,
6104,2022/12/14,799,54,141.0,98.0,233.0,1036,
6105,2022/12/15,613,219,615.0,279.0,1318.0,731,
6106,2022/12/16,559,97,243.0,152.0,270.0,536,
6107,2022/12/19,460,103,545.0,192.0,1047.0,655,
6108,2022/12/20,229,106,266.0,165.0,350.0,556,
6109,2022/12/21,947,72,473.0,203.0,949.0,561,
6110,2022/12/22,035,73,456.0,161.0,1002.0,564,
6111,2022/12/23,329,131,589.0,275.0,1137.0,750,
6112,2022/12/26,857,80,648.0,183.0,1231.0,555,
6113,2022/12/27,929,115,286.0,260.0,284.0,686,
6114,2022/12/28,958,385,613.0,250.0,1226.0,593,
6115,2022/12/29,194,82,500.0,242.0,952.0,666,
6116,2022/12/30,953,106,865.0,273.0,1947.0,633,
6117,2023/01/04,091,55,483.0,140.0,1190.0,436,
6118,2023/01/05,433,258,294.0,112.0,261.0,651,
6119,2023/01/06,185,167,687.0,224.0,1309.0,565,
6120,2023/01/09,661,67,280.0,163.0,418.0,688,
6121,2023/01/10,203,64,416.0,173.0,797.0,436,
6122,2023/01/11,895,77,476.0,169.0,1056.0,624,
6123,2023/01/12,055,75,233.0,96.0,337.0,744,
6124,2023/01/13,118,150,308.0,360.0,357.0,576,
6125,2023/01/16,169,98,779.0,283.0,1514.0,802,
6126,2023/01/17,625,152,566.0,297.0,1127.0,647,
6127,2023/01/18,963,116,772.0,272.0,1635.0,559,
6128,2023/01/19,611,102,277.0,202.0,402.0,640,
6129,2023/01/20,630,88,541.0,244.0,1052.0,588,
6130,2023/01/23,606,132,427.0,222.0,599.0,597,
6131,2023/01/24,167,95,403.0,164.0,1028.0,810,
6132,2023/01/25,252,80,237.0,144.0,339.0,499,
6133,2023/01/26,637,171,473.0,200.0,1089.0,755,
6134,2023/01/27,310,125,455.0,283.0,904.0,753,
6135,2023/01/30,108,134,614.0,366.0,1041.0,631,
6136,2023/01/31,482,232,479.0,151.0,1092.0,521,
6137,2023/02/01,226,175,325.0,347.0,363.0,746,
6138,2023/02/02,596,65,426.0,211.0,845.0,539,
6139,2023/02/03,566,61,217.0,130.0,299.0,820,
6140,2023/02/06,514,150,695.0,362.0,1331.0,709,
6141,2023/02/07,168,166,626.0,390.0,1120.0,553,
6142,2023/02/08,716,102,472.0,317.0,871.0,670,
6143,2023/02/09,310,99,410.0,211.0,797.0,404,
6144,2023/02/10,470,67,450.0,136.0,1132.0,494,
6145,2023/02/13,309,148,547.0,246.0,988.0,799,
6146,2023/02/14,727,101,250.0,194.0,262.0,568,
6147,2023/02/15,268,103,566.0,266.0,1180.0,510,
6148,2023/02/16,657,48,447.0,165.0,815.0,458,
6149,2023/02/17,986,40,519.0,157.0,1130.0,523,
6150,2023/02/20,800,97,320.0,224.0,355.0,808,
6151,2023/02/21,520,78,411.0,172.0,770.0,549,
6152,2023/02/22,460,70,406.0,188.0,819.0,494,
6153,2023/02/23,909,71,203.0,171.0,247.0,571,
6154,2023/02/24,432,69,509.0,212.0,1028.0,620,
6155,2023/02/27,424,99,325.0,217.0,336.0,643,
6156,2023/02/28,715,258,624.0,445.0,1283.0,706,
6157,2023/03/01,989,78,279.0,216.0,400.0,548,
6158,2023/03/02,474,45,204.0,120.0,269.0,679,
6159,2023/03/03,609,72,497.0,243.0,974.0,696,
6160,2023/03/06,145,313,691.0,189.0,1435.0,1260,
6161,2023/03/07,276,84,501.0,222.0,1169.0,1035,
6162,2023/03/08,175,107,523.0,245.0,1094.0,682,
6163,2023/03/09,092,107,418.0,168.0,974.0,888,
6164,2023/03/10,429,154,556.0,296.0,935.0,1571,
6165,2023/03/13,674,133,558.0,193.0,1264.0,999,
6166,2023/03/14,144,61,193.0,126.0,332.0,858,
6167,2023/03/15,134,76,662.0,184.0,1386.0,601,
6168,2023/03/16,232,61,313.0,123.0,525.0,600,
6169,2023/03/17,161,78,219.0,102.0,446.0,534,
6170,2023/03/20,675,99,467.0,146.0,858.0,718,
6171,2023/03/21,337,66,263.0,172.0,348.0,484,
6172,2023/03/22,928,120,442.0,305.0,894.0,699,
6173,2023/03/23,325,158,515.0,382.0,1084.0,534,
6174,2023/03/24,484,177,287.0,189.0,313.0,1345,
6175,2023/03/27,321,366,780.0,376.0,1361.0,909,
6176,2023/03/28,137,67,485.0,190.0,1104.0,628,
6177,2023/03/29,320,98,408.0,271.0,795.0,378,
6178,2023/03/30,839,51,564.0,195.0,1189.0,710,
6179,2023/03/31,694,85,485.0,281.0,1147.0,874,
6180,2023/04/03,009,127,347.0,177.0,426.0,926,
6181,2023/04/04,911,139,383.0,253.0,509.0,582,
6182,2023/04/05,644,120,212.0,160.0,259.0,616,
6183,2023/04/06,258,253,561.0,285.0,1151.0,710,
6184,2023/04/07,278,78,534.0,239.0,1193.0,650,
6185,2023/04/10,847,122,421.0,162.0,984.0,982,
6186,2023/04/11,600,56,180.0,112.0,186.0,598,
6187,2023/04/12,890,111,869.0,295.0,2200.0,510,
6188,2023/04/13,101,146,255.0,223.0,328.0,546,
6189,2023/04/14,543,58,491.0,148.0,965.0,658,
6190,2023/04/17,072,66,529.0,247.0,977.0,845,
6191,2023/04/18,188,204,290.0,134.0,407.0,740,
6192,2023/04/19,733,61,216.0,106.0,317.0,983,
6193,2023/04/20,423,115,528.0,289.0,1092.0,800,
6194,2023/04/21,962,55,524.0,182.0,1197.0,634,
6195,2023/04/24,178,298,769.0,429.0,1405.0,943,
6196,2023/04/25,273,71,583.0,221.0,1474.0,833,
6197,2023/04/26,799,58,194.0,94.0,199.0,705,
6198,2023/04/27,958,79,488.0,208.0,994.0,559,
6199,2023/04/28,953,90,485.0,203.0,1055.0,739,
6200,2023/05/01,237,291,730.0,227.0,1479.0,1249,
6201,2023/05/02,372,290,555.0,228.0,1169.0,417,
6202,2023/05/03,828,108,239.0,266.0,271.0,778,
6203,2023/05/04,019,60,424.0,149.0,1042.0,731,
6204,2023/05/05,788,66,224.0,115.0,274.0,697,
6205,2023/05/08,734,78,583.0,210.0,1222.0,1168,
6206,2023/05/09,675,65,421.0,151.0,867.0,913,
6207,2023/05/10,746,51,422.0,222.0,1049.0,898,
6208,2023/05/11,218,84,506.0,246.0,1205.0,801,
6209,2023/05/12,140,46,471.0,151.0,1128.0,943,
6210,2023/05/15,055,99,272.0,154.0,399.0,1567,
6211,2023/05/16,464,50,195.0,143.0,222.0,820,
6212,2023/05/17,620,80,328.0,223.0,705.0,731,
6213,2023/05/18,350,213,386.0,134.0,980.0,640,
6214,2023/05/19,138,61,570.0,233.0,1472.0,718,
6215,2023/05/22,292,74,385.0,181.0,576.0,1015,
6216,2023/05/23,931,82,610.0,247.0,1494.0,648,
6217,2023/05/24,584,74,455.0,176.0,989.0,527,
6218,2023/05/25,908,94,566.0,338.0,1225.0,651,
6219,2023/05/26,277,59,232.0,156.0,393.0,1134,
6220,2023/05/29,022,75,247.0,127.0,395.0,1151,
6221,2023/05/30,041,45,335.0,96.0,762.0,608,
6222,2023/05/31,047,75,369.0,173.0,918.0,477,
6223,2023/06/01,608,67,371.0,210.0,875.0,468,
6224,2023/06/02,322,210,247.0,156.0,320.0,550,
6225,2023/06/05,753,115,771.0,332.0,1403.0,1877,
6226,2023/06/06,076,70,301.0,132.0,756.0,470,
6227,2023/06/07,995,60,215.0,150.0,256.0,626,
6228,2023/06/08,232,75,200.0,120.0,335.0,701,
6229,2023/06/09,583,95,857.0,240.0,1668.0,855,
6230,2023/06/12,088,101,341.0,208.0,549.0,1522,
6231,2023/06/13,370,37,424.0,119.0,1012.0,542,
6232,2023/06/14,809,98,566.0,394.0,1431.0,931,
6233,2023/06/15,469,76,410.0,215.0,923.0,586,
6234,2023/06/16,377,208,300.0,177.0,366.0,914,
6235,2023/06/19,893,96,658.0,306.0,1187.0,937,
6236,2023/06/20,499,88,204.0,141.0,302.0,689,
6237,2023/06/21,941,204,485.0,190.0,1040.0,562,
6238,2023/06/22,357,243,463.0,242.0,962.0,480,
6239,2023/06/23,781,41,480.0,124.0,1195.0,472,
6240,2023/06/26,600,101,300.0,203.0,286.0,1379,
6241,2023/06/27,305,86,492.0,194.0,935.0,459,
6242,2023/06/28,342,60,504.0,100.0,1079.0,756,
6243,2023/06/29,795,202,362.0,158.0,835.0,393,
6244,2023/06/30,455,235,289.0,125.0,416.0,885,
6245,2023/07/03,430,136,520.0,226.0,1033.0,842,
6246,2023/07/04,921,105,585.0,289.0,1361.0,521,
6247,2023/07/05,574,81,494.0,205.0,995.0,550,
6248,2023/07/06,893,70,445.0,230.0,991.0,492,
6249,2023/07/07,637,205,584.0,196.0,1064.0,659,
6250,2023/07/10,888,453,,,,1269,
6251,2023/07/11,688,55,178.0,106.0,266.0,624,
6252,2023/07/12,339,100,313.0,248.0,348.0,646,
6253,2023/07/13,112,101,264.0,219.0,375.0,604,
6254,2023/07/14,642,70,573.0,133.0,1213.0,509,
6255,2023/07/17,974,77,462.0,156.0,1043.0,866,
6256,2023/07/18,097,96,450.0,188.0,860.0,995,
6257,2023/07/19,857,123,380.0,107.0,808.0,500,
6258,2023/07/20,430,75,268.0,163.0,578.0,452,
6259,2023/07/21,831,158,619.0,339.0,1233.0,641,
6260,2023/07/24,785,57,379.0,120.0,813.0,734,
6261,2023/07/25,023,55,383.0,145.0,971.0,893,
6262,2023/07/26,199,81,233.0,156.0,357.0,1149,
6263,2023/07/27,243,96,482.0,119.0,1068.0,459,
6264,2023/07/28,558,203,218.0,142.0,219.0,734,
6265,2023/07/31,353,106,291.0,178.0,358.0,862,
6266,2023/08/01,684,120,542.0,229.0,1130.0,583,
6267,2023/08/02,507,90,402.0,238.0,831.0,876,
6268,2023/08/03,427,165,545.0,308.0,1310.0,466,
6269,2023/08/04,485,161,567.0,177.0,1179.0,428,
6270,2023/08/07,555,454,,,,780,
6271,2023/08/08,422,233,240.0,180.0,320.0,773,
6272,2023/08/09,840,52,361.0,103.0,789.0,406,
6273,2023/08/10,692,91,380.0,138.0,869.0,392,
6274,2023/08/11,485,72,540.0,158.0,916.0,389,
6275,2023/08/14,622,128,312.0,204.0,459.0,742,
6276,2023/08/15,747,81,218.0,138.0,350.0,581,
6277,2023/08/16,748,72,484.0,215.0,1075.0,662,
6278,2023/08/17,068,52,343.0,119.0,826.0,520,
6279,2023/08/18,035,49,487.0,160.0,1005.0,646,
6280,2023/08/21,846,113,725.0,230.0,1368.0,781,
6281,2023/08/22,935,114,496.0,237.0,928.0,423,
6282,2023/08/23,326,263,488.0,300.0,1034.0,725,
6283,2023/08/24,758,85,468.0,261.0,951.0,665,
6284,2023/08/25,901,96,572.0,209.0,1057.0,490,
6285,2023/08/28,075,181,475.0,118.0,972.0,784,
6286,2023/08/29,672,59,363.0,170.0,907.0,448,
6287,2023/08/30,216,144,544.0,312.0,1217.0,542,
6288,2023/08/31,052,69,356.0,113.0,761.0,458,
6289,2023/09/01,781,158,568.0,126.0,1169.0,614,
6290,2023/09/04,940,86,601.0,195.0,1354.0,818,
6291,2023/09/05,007,96,246.0,157.0,328.0,349,
6292,2023/09/06,117,263,433.0,487.0,571.0,765,
6293,2023/09/07,164,95,493.0,248.0,975.0,464,
6294,2023/09/08,928,103,450.0,329.0,1048.0,598,
6295,2023/09/11,286,168,631.0,224.0,1271.0,599,
6296,2023/09/12,917,126,524.0,322.0,1039.0,436,
6297,2023/09/13,751,71,584.0,168.0,1298.0,907,
6298,2023/09/14,580,62,407.0,176.0,873.0,601,
6299,2023/09/15,579,173,470.0,217.0,901.0,712,
6300,2023/09/18,577,77,325.0,138.0,356.0,702,
6301,2023/09/19,484,48,223.0,122.0,327.0,436,
6302,2023/09/20,669,113,270.0,180.0,277.0,460,
6303,2023/09/21,876,47,473.0,198.0,998.0,473,
6304,2023/09/22,017,265,402.0,195.0,934.0,542,
6305,2023/09/25,951,96,602.0,221.0,1238.0,945,
6306,2023/09/26,251,75,432.0,123.0,1028.0,795,
6307,2023/09/27,305,67,467.0,234.0,935.0,418,
6308,2023/09/28,184,58,445.0,163.0,1092.0,474,
6309,2023/09/29,103,177,482.0,265.0,985.0,503,
6310,2023/10/02,951,81,533.0,165.0,1094.0,700,
6311,2023/10/03,220,73,224.0,139.0,254.0,510,
6312,2023/10/04,484,72,197.0,140.0,280.0,590,
6313,2023/10/05,068,229,380.0,151.0,748.0,551,
6314,2023/10/06,235,92,529.0,227.0,1160.0,727,
6315,2023/10/09,209,92,419.0,142.0,888.0,800,
6316,2023/10/10,414,108,198.0,151.0,238.0,520,
6317,2023/10/11,590,286,371.0,152.0,914.0,508,
6318,2023/10/12,550,88,233.0,122.0,343.0,442,
6319,2023/10/13,549,156,677.0,338.0,1481.0,963,
6320,2023/10/16,149,70,618.0,187.0,1418.0,701,
6321,2023/10/17,844,45,270.0,107.0,408.0,892,
6322,2023/10/18,373,110,368.0,254.0,449.0,593,
6323,2023/10/19,985,36,472.0,134.0,1064.0,584,
6324,2023/10/20,712,91,635.0,267.0,1407.0,635,
6325,2023/10/23,110,190,297.0,218.0,328.0,826,
6326,2023/10/24,509,88,409.0,257.0,783.0,797,
6327,2023/10/25,880,68,231.0,157.0,342.0,444,
6328,2023/10/26,878,72,192.0,127.0,215.0,537,
6329,2023/10/27,374,103,587.0,297.0,1025.0,593,
6330,2023/10/30,400,90,259.0,175.0,295.0,1054,
6331,2023/10/31,645,93,428.0,155.0,780.0,565,
6332,2023/11/01,208,74,425.0,228.0,977.0,636,
6333,2023/11/02,840,73,508.0,194.0,1079.0,535,
6334,2023/11/03,006,59,251.0,114.0,254.0,395,
6335,2023/11/06,282,73,317.0,138.0,497.0,551,
6336,2023/11/07,595,58,260.0,184.0,287.0,481,
6337,2023/11/08,114,245,253.0,277.0,338.0,654,
6338,2023/11/09,866,63,244.0,150.0,340.0,1050,
6339,2023/11/10,060,188,259.0,153.0,313.0,448,
6340,2023/11/13,566,69,222.0,116.0,272.0,671,
6341,2023/11/14,208,54,373.0,190.0,838.0,408,
6342,2023/11/15,802,93,404.0,224.0,968.0,491,
6343,2023/11/16,105,350,428.0,279.0,927.0,419,
6344,2023/11/17,158,71,416.0,170.0,1034.0,541,
6345,2023/11/20,502,92,577.0,271.0,1000.0,784,
6346,2023/11/21,109,125,456.0,293.0,870.0,653,
6347,2023/11/22,584,65,390.0,142.0,932.0,557,
6348,2023/11/23,443,64,171.0,135.0,254.0,457,
6349,2023/11/24,470,376,405.0,139.0,945.0,495,
6350,2023/11/27,770,110,340.0,223.0,403.0,456,
6351,2023/11/28,041,46,415.0,122.0,915.0,421,
6352,2023/11/29,949,302,194.0,127.0,254.0,431,
6353,2023/11/30,060,35,257.0,117.0,296.0,360,
6354,2023/12/01,082,69,646.0,174.0,1609.0,399,
6355,2023/12/04,511,197,375.0,228.0,537.0,793,
6356,2023/12/05,557,85,234.0,180.0,278.0,476,
6357,2023/12/06,204,112,553.0,237.0,1128.0,742,
6358,2023/12/07,384,383,335.0,185.0,820.0,587,
6359,2023/12/08,183,117,652.0,200.0,1419.0,450,
6360,2023/12/11,558,477,289.0,167.0,251.0,1116,
6361,2023/12/12,544,78,249.0,149.0,376.0,765,
6362,2023/12/13,104,131,460.0,329.0,841.0,968,
6363,2023/12/14,169,58,433.0,272.0,1201.0,582,
6364,2023/12/15,230,77,457.0,186.0,992.0,713,
6365,2023/12/18,532,76,653.0,167.0,1377.0,861,
6366,2023/12/19,118,213,299.0,357.0,379.0,516,
6367,2023/12/20,153,118,764.0,243.0,1740.0,659,
6368,2023/12/21,304,332,421.0,249.0,855.0,791,
6369,2023/12/22,850,60,520.0,150.0,999.0,534,
6370,2023/12/25,049,132,496.0,243.0,1031.0,1340,
6371,2023/12/26,906,89,443.0,216.0,868.0,567,
6372,2023/12/27,451,126,747.0,285.0,1650.0,671,
6373,2023/12/28,090,454,405.0,256.0,514.0,628,
6374,2023/12/29,429,121,495.0,298.0,1106.0,1226,
6375,2024/01/04,013,87,654.0,175.0,1415.0,750,
6376,2024/01/05,491,372,576.0,210.0,1257.0,502,
6377,2024/01/08,565,87,268.0,139.0,346.0,851,
6378,2024/01/09,389,43,431.0,154.0,930.0,501,
6379,2024/01/10,460,110,395.0,168.0,819.0,389,
6380,2024/01/11,341,103,525.0,186.0,1079.0,452,
6381,2024/01/12,919,125,223.0,190.0,271.0,519,
6382,2024/01/15,833,96,238.0,139.0,333.0,1179,
6383,2024/01/16,780,33,381.0,166.0,944.0,422,
6384,2024/01/17,320,93,402.0,240.0,817.0,655,
6385,2024/01/18,604,131,373.0,151.0,818.0,617,
6386,2024/01/19,091,73,730.0,212.0,1512.0,446,
6387,2024/01/22,385,137,1017.0,388.0,1942.0,596,
6388,2024/01/23,715,122,589.0,287.0,1104.0,487,
6389,2024/01/24,725,133,531.0,294.0,1036.0,546,
6390,2024/01/25,796,46,337.0,140.0,866.0,553,
6391,2024/01/26,101,245,248.0,241.0,306.0,504,
6392,2024/01/29,419,101,641.0,317.0,1139.0,830,
6393,2024/01/30,802,89,535.0,287.0,1286.0,514,
6394,2024/01/31,723,169,675.0,400.0,1201.0,541,
6395,2024/02/01,310,180,637.0,394.0,1093.0,608,
6396,2024/02/02,546,84,473.0,142.0,987.0,520,
6397,2024/02/05,458,83,502.0,282.0,1034.0,831,
6398,2024/02/06,945,192,377.0,232.0,946.0,560,
6399,2024/02/07,791,49,480.0,144.0,1079.0,427,
6400,2024/02/08,948,80,421.0,151.0,909.0,571,
6401,2024/02/09,706,68,376.0,145.0,839.0,644,
6402,2024/02/12,916,408,575.0,404.0,1175.0,1839,
6403,2024/02/13,055,64,191.0,151.0,298.0,737,
6404,2024/02/14,692,176,372.0,127.0,916.0,370,
6405,2024/02/15,963,102,655.0,335.0,1576.0,587,
6406,2024/02/16,394,132,653.0,285.0,1285.0,512,
6407,2024/02/19,920,116,518.0,311.0,975.0,585,
6408,2024/02/20,541,125,568.0,221.0,1298.0,439,
6409,2024/02/21,105,110,533.0,308.0,943.0,594,
6410,2024/02/22,633,45,232.0,149.0,320.0,818,
6411,2024/02/23,834,58,413.0,136.0,822.0,720,
6412,2024/02/26,834,395,497.0,194.0,872.0,1070,
6413,2024/02/27,358,332,910.0,758.0,1391.0,814,
6414,2024/02/28,983,54,619.0,188.0,1459.0,477,
6415,2024/02/29,414,94,198.0,166.0,265.0,520,
6416,2024/03/01,367,61,389.0,185.0,838.0,728,
6417,2024/03/04,017,348,596.0,284.0,1245.0,728,
6418,2024/03/05,566,53,141.0,98.0,221.0,507,
6419,2024/03/06,395,84,436.0,208.0,1028.0,567,
6420,2024/03/07,956,118,440.0,214.0,1036.0,1223,
6421,2024/03/08,810,136,517.0,296.0,1030.0,449,
6422,2024/03/11,366,155,241.0,234.0,351.0,674,
6423,2024/03/12,494,115,183.0,160.0,351.0,400,
6424,2024/03/13,388,73,239.0,160.0,309.0,916,
6425,2024/03/14,833,180,376.0,339.0,398.0,1121,
6426,2024/03/15,957,117,393.0,193.0,893.0,533,
6427,2024/03/18,378,362,650.0,311.0,1235.0,738,
6428,2024/03/19,991,49,230.0,93.0,338.0,435,
6429,2024/03/20,978,86,411.0,175.0,903.0,361,
6430,2024/03/21,495,71,421.0,179.0,933.0,420,
6431,2024/03/22,059,69,469.0,222.0,1090.0,738,
6432,2024/03/25,391,95,769.0,202.0,1519.0,592,
6433,2024/03/26,504,84,413.0,219.0,876.0,507,
6434,2024/03/27,346,273,449.0,188.0,1015.0,739,
6435,2024/03/28,578,83,411.0,189.0,893.0,456,
6436,2024/03/29,150,176,380.0,159.0,986.0,466,
6437,2024/04/01,603,380,568.0,311.0,1154.0,1455,
6438,2024/04/02,440,84,289.0,202.0,357.0,550,
6439,2024/04/03,992,112,190.0,109.0,318.0,457,
6440,2024/04/04,965,42,340.0,113.0,814.0,376,
6441,2024/04/05,639,75,782.0,244.0,1923.0,744,
6442,2024/04/08,881,104,271.0,122.0,383.0,635,
6443,2024/04/09,018,82,516.0,181.0,1108.0,678,
6444,2024/04/10,668,48,171.0,126.0,220.0,449,
6445,2024/04/11,627,101,405.0,216.0,908.0,688,
6446,2024/04/12,490,423,378.0,216.0,856.0,479,
6447,2024/04/15,089,245,800.0,370.0,1970.0,789,
6448,2024/04/16,081,75,548.0,141.0,1205.0,418,
6449,2024/04/17,180,115,615.0,215.0,1314.0,463,
6450,2024/04/18,736,70,349.0,177.0,818.0,830,
6451,2024/04/19,910,146,702.0,331.0,1356.0,454,
6452,2024/04/22,941,105,672.0,187.0,1580.0,555,
6453,2024/04/23,806,64,435.0,199.0,970.0,417,
6454,2024/04/24,975,123,313.0,170.0,777.0,581,
6455,2024/04/25,981,62,604.0,258.0,1568.0,346,
6456,2024/04/26,279,147,947.0,347.0,1350.0,448,
6457,2024/04/29,898,71,380.0,216.0,552.0,1046,
6458,2024/04/30,020,83,195.0,122.0,234.0,431,
6459,2024/05/01,907,240,434.0,188.0,962.0,525,
6460,2024/05/02,313,100,228.0,250.0,294.0,435,
6461,2024/05/03,666,426,,,,603,
6462,2024/05/06,827,118,532.0,265.0,1110.0,527,
6463,2024/05/07,282,398,261.0,126.0,433.0,505,
6464,2024/05/08,412,90,411.0,197.0,965.0,433,
6465,2024/05/09,271,304,604.0,258.0,1349.0,1003,
6466,2024/05/10,473,57,480.0,150.0,1080.0,450,
6467,2024/05/13,186,115,591.0,191.0,1234.0,516,
6468,2024/05/14,772,49,289.0,153.0,466.0,366,
6469,2024/05/15,219,108,578.0,242.0,1316.0,479,
6470,2024/05/16,943,212,546.0,194.0,1117.0,419,
6471,2024/05/17,872,149,534.0,180.0,1248.0,470,
6472,2024/05/20,156,418,628.0,238.0,1278.0,550,
6473,2024/05/21,526,506,399.0,305.0,914.0,513,
6474,2024/05/22,719,84,392.0,250.0,833.0,379,
6475,2024/05/23,268,72,548.0,220.0,1077.0,410,
6476,2024/05/24,267,70,592.0,197.0,1271.0,382,
6477,2024/05/27,161,66,273.0,112.0,501.0,532,
6478,2024/05/28,564,167,252.0,109.0,593.0,370,
6479,2024/05/29,419,152,511.0,346.0,985.0,678,
6480,2024/05/30,933,441,249.0,143.0,398.0,745,
6481,2024/05/31,904,42,350.0,189.0,780.0,434,
6482,2024/06/03,199,132,331.0,176.0,491.0,1008,
6483,2024/06/04,478,59,261.0,141.0,741.0,453,
6484,2024/06/05,712,83,543.0,222.0,1137.0,437,
6485,2024/06/06,781,70,517.0,172.0,1396.0,518,
6486,2024/06/07,455,69,165.0,115.0,280.0,593,
6487,2024/06/10,760,441,337.0,115.0,759.0,556,
6488,2024/06/11,529,404,412.0,283.0,873.0,617,
6489,2024/06/12,788,263,205.0,126.0,251.0,696,
6490,2024/06/13,435,62,316.0,120.0,745.0,417,
6491,2024/06/14,632,244,513.0,141.0,1405.0,456,
6492,2024/06/17,421,289,535.0,230.0,1164.0,662,
6493,2024/06/18,119,430,260.0,261.0,269.0,687,
6494,2024/06/19,665,248,171.0,110.0,243.0,357,
6495,2024/06/20,017,83,384.0,154.0,827.0,402,
6496,2024/06/21,668,87,171.0,126.0,235.0,498,
6497,2024/06/24,484,77,339.0,209.0,368.0,549,
6498,2024/06/25,018,245,508.0,188.0,1141.0,530,
6499,2024/06/26,426,144,567.0,251.0,1020.0,494,
6500,2024/06/27,280,38,491.0,136.0,1319.0,395,
6501,2024/06/28,364,112,424.0,161.0,936.0,422,
6502,2024/07/01,724,264,774.0,391.0,1381.0,891,
6503,2024/07/02,732,178,613.0,193.0,1398.0,368,
6504,2024/07/03,094,155,294.0,97.0,748.0,343,
6505,2024/07/04,575,178,182.0,94.0,227.0,513,
6506,2024/07/05,993,66,232.0,117.0,255.0,457,
6507,2024/07/08,810,152,649.0,342.0,1201.0,471,
6508,2024/07/09,273,192,456.0,143.0,1068.0,313,
6509,2024/07/10,224,174,227.0,184.0,306.0,439,
6510,2024/07/11,335,86,318.0,258.0,308.0,469,
6511,2024/07/12,475,112,470.0,221.0,964.0,409,
6512,2024/07/15,098,463,607.0,223.0,1473.0,503,
6513,2024/07/16,884,195,218.0,146.0,271.0,392,
6514,2024/07/17,100,487,254.0,173.0,306.0,862,
6515,2024/07/18,864,83,384.0,134.0,877.0,382,
6516,2024/07/19,086,242,414.0,138.0,934.0,355,
6517,2024/07/22,937,99,487.0,189.0,1068.0,559,
6518,2024/07/23,620,63,231.0,179.0,622.0,352,
6519,2024/07/24,643,301,376.0,100.0,872.0,425,
6520,2024/07/25,503,71,426.0,221.0,844.0,338,
6521,2024/07/26,498,68,391.0,173.0,1023.0,378,
6522,2024/07/29,853,85,1227.0,186.0,2324.0,498,
6523,2024/07/30,343,66,195.0,127.0,248.0,309,
6524,2024/07/31,392,248,363.0,148.0,854.0,372,
6525,2024/08/01,098,293,515.0,155.0,1206.0,407,
6526,2024/08/02,127,322,617.0,299.0,1283.0,487,
6527,2024/08/05,280,160,639.0,206.0,1489.0,454,
6528,2024/08/06,802,147,649.0,401.0,1229.0,422,
6529,2024/08/07,862,224,478.0,145.0,1006.0,530,
6530,2024/08/08,036,248,399.0,156.0,826.0,411,
6531,2024/08/09,270,32,427.0,137.0,953.0,361,
6532,2024/08/12,580,144,429.0,123.0,774.0,404,
6533,2024/08/13,701,54,318.0,125.0,688.0,395,
6534,2024/08/14,051,59,399.0,122.0,922.0,417,
6535,2024/08/15,337,70,256.0,149.0,337.0,354,
6536,2024/08/16,322,83,306.0,166.0,418.0,673,
6537,2024/08/19,684,193,533.0,167.0,1042.0,506,
6538,2024/08/20,772,47,205.0,93.0,307.0,348,
6539,2024/08/21,803,98,472.0,243.0,1099.0,350,
6540,2024/08/22,801,153,699.0,258.0,1551.0,310,
6541,2024/08/23,067,66,313.0,134.0,649.0,350,
6542,2024/08/26,900,153,292.0,166.0,342.0,715,
6543,2024/08/27,376,54,372.0,138.0,716.0,336,
6544,2024/08/28,656,52,168.0,100.0,205.0,343,
6545,2024/08/29,355,131,293.0,188.0,284.0,549,
6546,2024/08/30,864,105,377.0,158.0,933.0,471,
6547,2024/09/02,398,72,692.0,319.0,1355.0,552,
6548,2024/09/03,216,252,502.0,223.0,1060.0,397,
6549,2024/09/04,385,232,729.0,307.0,1454.0,477,
6550,2024/09/05,666,323,,,,498,
6551,2024/09/06,827,259,766.0,696.0,1271.0,582,
6552,2024/09/09,500,79,292.0,151.0,354.0,669,
6553,2024/09/10,811,490,273.0,188.0,420.0,682,
6554,2024/09/11,508,75,396.0,178.0,749.0,398,
6555,2024/09/12,527,103,442.0,193.0,907.0,398,
6556,2024/09/13,215,156,445.0,206.0,967.0,400,
6557,2024/09/16,319,249,603.0,418.0,1328.0,584,
6558,2024/09/17,669,73,198.0,153.0,229.0,419,
6559,2024/09/18,430,90,296.0,185.0,633.0,435,
6560,2024/09/19,297,88,434.0,221.0,1018.0,449,
6561,2024/09/20,776,94,200.0,124.0,208.0,368,
6562,2024/09/23,808,299,326.0,405.0,313.0,473,
6563,2024/09/24,844,217,328.0,115.0,441.0,633,
6564,2024/09/25,835,483,726.0,214.0,1701.0,397,
6565,2024/09/26,841,42,369.0,175.0,929.0,277,
6566,2024/09/27,171,55,292.0,107.0,526.0,408,
6567,2024/09/30,549,354,590.0,173.0,1152.0,510,
6568,2024/10/01,484,331,360.0,306.0,541.0,437,
6569,2024/10/02,190,122,473.0,122.0,1090.0,348,
6570,2024/10/03,097,63,332.0,112.0,730.0,292,
6571,2024/10/04,610,95,449.0,240.0,860.0,514,
6572,2024/10/07,477,76,234.0,140.0,265.0,851,
6573,2024/10/08,014,57,406.0,126.0,953.0,401,
6574,2024/10/09,113,129,266.0,258.0,324.0,532,
6575,2024/10/10,264,68,465.0,130.0,968.0,403,
6576,2024/10/11,751,118,561.0,161.0,1426.0,444,
6577,2024/10/14,202,76,221.0,174.0,301.0,457,
6578,2024/10/15,582,134,445.0,127.0,1133.0,331,
6579,2024/10/16,983,33,494.0,126.0,1292.0,374,
6580,2024/10/17,546,47,315.0,120.0,716.0,504,
6581,2024/10/18,411,89,259.0,187.0,442.0,541,
6582,2024/10/21,934,306,544.0,183.0,1039.0,464,
6583,2024/10/22,731,573,426.0,217.0,1010.0,441,
6584,2024/10/23,691,51,400.0,135.0,1060.0,429,
6585,2024/10/24,021,29,397.0,105.0,1017.0,389,
6586,2024/10/25,783,66,370.0,128.0,944.0,322,
6587,2024/10/28,830,117,486.0,248.0,1013.0,429,
6588,2024/10/29,161,52,198.0,83.0,350.0,318,
6589,2024/10/30,060,497,340.0,182.0,282.0,308,
6590,2024/10/31,133,330,289.0,158.0,477.0,809,
6591,2024/11/01,241,472,562.0,192.0,1226.0,459,
6592,2024/11/04,187,347,537.0,160.0,1212.0,966,
6593,2024/11/05,290,165,392.0,136.0,868.0,377,
6594,2024/11/06,359,80,415.0,262.0,907.0,556,
6595,2024/11/07,395,42,342.0,160.0,820.0,454,
6596,2024/11/08,984,65,407.0,176.0,968.0,521,
6597,2024/11/11,230,75,446.0,131.0,924.0,443,
6598,2024/11/12,518,346,398.0,234.0,748.0,485,
6599,2024/11/13,091,193,500.0,139.0,1157.0,394,
6600,2024/11/14,530,99,453.0,239.0,1007.0,348,
6601,2024/11/15,091,95,452.0,114.0,1160.0,428,
6602,2024/11/18,035,506,876.0,223.0,2077.0,461,
6603,2024/11/19,956,39,289.0,112.0,639.0,337,
6604,2024/11/20,406,54,340.0,156.0,688.0,451,
6605,2024/11/21,138,152,561.0,323.0,1308.0,554,
6606,2024/11/22,147,589,599.0,245.0,1324.0,635,
6607,2024/11/25,566,151,286.0,180.0,284.0,596,
6608,2024/11/26,814,78,365.0,202.0,802.0,381,
6609,2024/11/27,638,163,454.0,250.0,1002.0,439,
6610,2024/11/28,878,30,185.0,124.0,256.0,441,
6611,2024/11/29,656,299,240.0,153.0,269.0,390,
6612,2024/12/02,175,126,598.0,231.0,1155.0,579,
6613,2024/12/03,340,544,341.0,104.0,783.0,481,
6614,2024/12/04,179,113,372.0,155.0,942.0,391,
6615,2024/12/05,710,121,425.0,255.0,866.0,385,
6616,2024/12/06,281,662,540.0,206.0,1356.0,567,
6617,2024/12/09,692,54,521.0,158.0,1103.0,561,
6618,2024/12/10,205,57,352.0,164.0,778.0,342,
6619,2024/12/11,431,138,483.0,130.0,1145.0,426,
6620,2024/12/12,989,531,262.0,166.0,402.0,397,
6621,2024/12/13,409,91,449.0,249.0,975.0,777,
6622,2024/12/16,632,46,574.0,159.0,1222.0,600,
6623,2024/12/17,264,76,535.0,156.0,1143.0,441,
6624,2024/12/18,108,137,659.0,391.0,1326.0,424,
6625,2024/12/19,873,74,360.0,170.0,863.0,432,
6626,2024/12/20,052,98,386.0,116.0,838.0,588,
6627,2024/12/23,495,187,500.0,236.0,1135.0,456,
6628,2024/12/24,496,68,377.0,174.0,950.0,475,
6629,2024/12/25,404,90,193.0,167.0,319.0,443,
6630,2024/12/26,315,224,742.0,536.0,1358.0,488,
6631,2024/12/27,953,272,580.0,184.0,1153.0,465,
6632,2024/12/30,303,620,378.0,303.0,518.0,626,
6633,2025/01/06,188,172,274.0,170.0,466.0,939,
6634,2025/01/07,238,202,481.0,227.0,1174.0,469,
6635,2025/01/08,462,112,553.0,174.0,1141.0,391,
6636,2025/01/09,207,630,424.0,193.0,896.0,446,
6637,2025/01/10,669,88,145.0,151.0,210.0,512,
6638,2025/01/13,265,55,497.0,159.0,1078.0,367,
6639,2025/01/14,606,139,239.0,191.0,339.0,466,
6640,2025/01/15,216,111,576.0,270.0,1285.0,513,
6641,2025/01/16,100,73,170.0,149.0,207.0,718,
6642,2025/01/17,944,289,189.0,97.0,299.0,623,
6643,2025/01/20,672,61,505.0,145.0,994.0,482,
6644,2025/01/21,496,65,379.0,191.0,812.0,386,
6645,2025/01/22,842,45,455.0,110.0,1001.0,616,
6646,2025/01/23,239,137,415.0,167.0,938.0,709,
6647,2025/01/24,557,122,203.0,155.0,242.0,506,
6648,2025/01/27,169,195,530.0,298.0,1103.0,679,
6649,2025/01/28,763,266,380.0,179.0,777.0,482,
6650,2025/01/29,314,136,346.0,295.0,749.0,421,
6651,2025/01/30,577,161,195.0,99.0,263.0,509,
6652,2025/01/31,020,56,176.0,147.0,267.0,893,
6653,2025/02/03,168,323,694.0,501.0,1161.0,529,
6654,2025/02/04,799,141,154.0,96.0,244.0,692,
6655,2025/02/05,973,57,320.0,125.0,743.0,412,
6656,2025/02/06,033,183,191.0,164.0,355.0,674,
6657,2025/02/07,100,68,192.0,106.0,236.0,896,
6658,2025/02/10,249,116,520.0,213.0,1087.0,497,
6659,2025/02/11,086,27,288.0,104.0,655.0,381,
6660,2025/02/12,427,111,479.0,303.0,873.0,490,
6661,2025/02/13,354,158,310.0,156.0,701.0,1133,
6662,2025/02/14,720,86,435.0,192.0,889.0,415,
6663,2025/02/17,796,58,442.0,154.0,922.0,511,
6664,2025/02/18,804,165,368.0,207.0,732.0,421,
6665,2025/02/19,157,75,539.0,171.0,1323.0,324,
6666,2025/02/20,770,47,245.0,187.0,358.0,418,
6667,2025/02/21,531,104,542.0,242.0,1064.0,461,
6668,2025/02/24,423,137,606.0,279.0,1139.0,584,
6669,2025/02/25,185,63,378.0,138.0,952.0,452,
6670,2025/02/26,996,107,222.0,219.0,274.0,537,
6671,2025/02/27,372,94,541.0,230.0,1247.0,394,
6672,2025/02/28,394,92,522.0,232.0,1071.0,468,
6673,2025/03/03,422,84,300.0,221.0,378.0,839,
6674,2025/03/04,638,91,454.0,213.0,883.0,447,
6675,2025/03/05,052,45,382.0,104.0,844.0,398,
6676,2025/03/06,417,151,596.0,322.0,1294.0,624,
6677,2025/03/07,128,116,489.0,345.0,1103.0,903,
6678,2025/03/10,959,53,216.0,172.0,320.0,559,
6679,2025/03/11,036,79,451.0,170.0,1046.0,472,
6680,2025/03/12,312,226,723.0,582.0,1345.0,468,
6681,2025/03/13,946,71,363.0,185.0,890.0,475,
6682,2025/03/14,766,105,196.0,96.0,302.0,728,
6683,2025/03/17,187,70,564.0,163.0,1314.0,731,
6684,2025/03/18,150,69,387.0,93.0,904.0,448,
6685,2025/03/19,099,226,203.0,140.0,319.0,532,
6686,2025/03/20,320,297,594.0,672.0,929.0,569,
6687,2025/03/21,146,58,575.0,182.0,1191.0,423,
6688,2025/03/24,948,61,421.0,159.0,999.0,689,
6689,2025/03/25,990,355,162.0,126.0,242.0,341,
6690,2025/03/26,029,82,380.0,198.0,878.0,688,
6691,2025/03/27,725,110,516.0,280.0,1036.0,586,
6692,2025/03/28,730,166,422.0,200.0,950.0,454,
6693,2025/03/31,337,181,312.0,172.0,372.0,533,
6694,2025/04/01,515,84,210.0,197.0,236.0,334,
6695,2025/04/02,964,82,449.0,152.0,925.0,425,
6696,2025/04/03,129,165,458.0,353.0,1009.0,412,
6697,2025/04/04,214,140,485.0,248.0,1043.0,420,
6698,2025/04/07,623,167,598.0,296.0,1096.0,475,
6699,2025/04/08,457,167,420.0,160.0,826.0,415,
6700,2025/04/09,046,133,320.0,163.0,689.0,500,
6701,2025/04/10,467,160,348.0,250.0,777.0,367,
6702,2025/04/11,543,59,306.0,97.0,757.0,364,
6703,2025/04/14,313,150,281.0,212.0,353.0,473,
6704,2025/04/15,574,69,296.0,136.0,738.0,1109,
6705,2025/04/16,629,97,470.0,245.0,1025.0,469,
6706,2025/04/17,249,59,439.0,137.0,1008.0,414,
6707,2025/04/18,440,121,266.0,194.0,355.0,417,
6708,2025/04/21,637,82,530.0,192.0,1015.0,434,
6709,2025/04/22,020,100,125.0,87.0,214.0,460,
6710,2025/04/23,896,148,286.0,122.0,694.0,491,
6711,2025/04/24,978,58,458.0,151.0,972.0,447,
6712,2025/04/25,446,65,198.0,114.0,234.0,555,
6713,2025/04/28,718,262,512.0,264.0,1119.0,620,
6714,2025/04/29,253,102,482.0,146.0,1241.0,414,
6715,2025/04/30,878,194,200.0,130.0,243.0,322,
6716,2025/05/01,752,107,477.0,140.0,1065.0,323,
6717,2025/05/02,652,161,466.0,123.0,1116.0,340,
6718,2025/05/05,133,58,279.0,118.0,411.0,901,
6719,2025/05/06,157,78,531.0,165.0,1105.0,380,
6720,2025/05/07,990,99,252.0,141.0,337.0,387,
6721,2025/05/08,990,88,280.0,192.0,399.0,334,
6722,2025/05/09,190,394,835.0,262.0,1724.0,574,
6723,2025/05/12,502,83,511.0,182.0,966.0,547,
6724,2025/05/13,152,74,675.0,225.0,1488.0,433,
6725,2025/05/14,122,109,285.0,217.0,368.0,587,
6726,2025/05/15,371,218,395.0,239.0,1053.0,485,
6727,2025/05/16,611,103,255.0,191.0,364.0,836,
6728,2025/05/19,870,95,404.0,156.0,925.0,335,
6729,2025/05/20,263,56,345.0,101.0,907.0,312,
6730,2025/05/21,355,113,171.0,159.0,253.0,962,
6731,2025/05/22,680,40,314.0,116.0,733.0,411,
6732,2025/05/23,752,81,577.0,207.0,1150.0,527,
6733,2025/05/26,902,188,491.0,206.0,927.0,500,
6734,2025/05/27,238,94,372.0,162.0,966.0,411,
6735,2025/05/28,564,226,389.0,127.0,803.0,460,
6736,2025/05/29,849,65,377.0,155.0,928.0,528,
6737,2025/05/30,549,44,431.0,148.0,1049.0,449,
6738,2025/06/02,898,71,249.0,185.0,350.0,562,
6739,2025/06/03,800,63,233.0,148.0,252.0,742,
6740,2025/06/04,819,138,539.0,362.0,1039.0,545,
6741,2025/06/05,066,63,239.0,151.0,365.0,578,
6742,2025/06/06,227,279,291.0,266.0,330.0,756,
6743,2025/06/09,490,47,377.0,143.0,845.0,560,
6744,2025/06/10,284,43,401.0,131.0,871.0,445,
6745,2025/06/11,918,159,350.0,161.0,751.0,437,
6746,2025/06/12,535,39,194.0,121.0,332.0,463,
6747,2025/06/13,069,60,413.0,188.0,953.0,583,
6748,2025/06/16,040,108,206.0,135.0,273.0,510,
6749,2025/06/17,482,116,484.0,164.0,1003.0,349,
6750,2025/06/18,120,350,358.0,256.0,730.0,507,
6751,2025/06/19,695,45,350.0,123.0,680.0,419,
6752,2025/06/20,536,59,438.0,157.0,965.0,455,
6753,2025/06/23,870,56,403.0,157.0,889.0,475,
6754,2025/06/24,652,76,422.0,117.0,951.0,527,
6755,2025/06/25,306,106,379.0,178.0,765.0,328,
6756,2025/06/26,458,201,359.0,228.0,803.0,900,
6757,2025/06/27,621,240,517.0,272.0,1156.0,434,
6758,2025/06/30,149,74,615.0,180.0,1225.0,618,
6759,2025/07/01,307,80,451.0,208.0,956.0,361,
6760,2025/07/02,897,34,324.0,106.0,657.0,559,
6761,2025/07/03,108,106,566.0,444.0,1078.0,462,
6762,2025/07/04,407,88,568.0,235.0,1181.0,368,
6763,2025/07/07,190,92,635.0,244.0,1442.0,681,
6764,2025/07/08,614,90,383.0,253.0,876.0,479,
6765,2025/07/09,843,41,327.0,129.0,823.0,404,
6766,2025/07/10,364,130,398.0,173.0,948.0,423,
6767,2025/07/11,324,150,443.0,236.0,872.0,570,
6768,2025/07/14,588,160,232.0,170.0,334.0,822,
6769,2025/07/15,548,73,392.0,160.0,954.0,410,
6770,2025/07/16,693,71,571.0,229.0,1422.0,796,
6771,2025/07/17,442,57,147.0,104.0,292.0,427,
6772,2025/07/18,601,126,355.0,158.0,824.0,607,
6773,2025/07/21,224,103,200.0,205.0,320.0,390,
6774,2025/07/22,168,153,379.0,327.0,841.0,366,
6775,2025/07/23,801,80,539.0,194.0,1194.0,318,
6776,2025/07/24,671,229,401.0,124.0,1080.0,324,
6777,2025/07/25,294,84,445.0,184.0,1005.0,408,
6778,2025/07/28,648,223,651.0,293.0,1302.0,607,
6779,2025/07/29,524,159,790.0,274.0,971.0,426,
6780,2025/07/30,491,72,382.0,151.0,994.0,470,
6781,2025/07/31,244,77,206.0,154.0,273.0,777,
6782,2025/08/01,808,154,266.0,279.0,255.0,670,
6783,2025/08/04,856,189,390.0,198.0,933.0,566,
6784,2025/08/05,361,79,496.0,182.0,1135.0,401,
6785,2025/08/06,300,236,203.0,153.0,247.0,685,
6786,2025/08/07,207,47,361.0,195.0,811.0,384,
6787,2025/08/08,657,43,314.0,111.0,752.0,475,
6788,2025/08/11,090,79,252.0,155.0,355.0,620,
6789,2025/08/12,462,110,459.0,168.0,1151.0,319,
6790,2025/08/13,766,32,121.0,83.0,168.0,473,
6791,2025/08/14,142,58,390.0,122.0,988.0,336,
6792,2025/08/15,486,67,523.0,230.0,1109.0,459,
6793,2025/08/18,776,87,232.0,223.0,314.0,530,
6794,2025/08/19,631,152,323.0,111.0,946.0,404,
6795,2025/08/20,218,106,501.0,261.0,1085.0,447,
6796,2025/08/21,741,179,597.0,213.0,1287.0,443,
6797,2025/08/22,461,113,550.0,235.0,1210.0,427,
6798,2025/08/25,313,120,253.0,276.0,346.0,513,
6799,2025/08/26,650,63,296.0,122.0,699.0,390,
6800,2025/08/27,038,101,389.0,132.0,972.0,428,
6801,2025/08/28,186,43,509.0,190.0,1275.0,368,
6802,2025/08/29,805,81,377.0,218.0,766.0,534,
6803,2025/09/01,229,115,281.0,222.0,409.0,839,
6804,2025/09/02,275,49,527.0,179.0,1202.0,546,
6805,2025/09/03,806,48,363.0,236.0,888.0,458,
6806,2025/09/04,131,227,228.0,159.0,422.0,375,
6807,2025/09/05,856,66,345.0,189.0,845.0,420,
6808,2025/09/08,572,74,692.0,185.0,1277.0,460,
6809,2025/09/09,891,166,410.0,153.0,1007.0,388,
6810,2025/09/10,777,434,,,,664,
6811,2025/09/11,827,496,562.0,411.0,1081.0,490,
6812,2025/09/12,411,73,215.0,170.0,374.0,502,
6813,2025/09/15,573,70,629.0,170.0,1183.0,441,
6814,2025/09/16,672,41,400.0,128.0,982.0,263,
6815,2025/09/17,578,46,414.0,148.0,889.0,375,
6816,2025/09/18,368,93,455.0,225.0,1107.0,409,
6817,2025/09/19,630,96,374.0,230.0,823.0,400,
6818,2025/09/22,064,66,416.0,133.0,921.0,443,
6819,2025/09/23,072,274,324.0,171.0,735.0,339,
6820,2025/09/24,055,134,195.0,108.0,260.0,485,
6821,2025/09/25,439,156,420.0,237.0,932.0,500,
6822,2025/09/26,049,257,384.0,178.0,1006.0,523,
6823,2025/09/29,789,144,362.0,177.0,756.0,494,
6824,2025/09/30,194,88,453.0,209.0,1032.0,412,
6825,2025/10/01,213,128,472.0,248.0,1089.0,472,
6826,2025/10/02,936,89,504.0,165.0,1185.0,452,
6827,2025/10/03,279,67,479.0,214.0,1190.0,400,
6828,2025/10/06,523,122,552.0,263.0,1042.0,671,
6829,2025/10/07,654,42,395.0,143.0,926.0,502,
6830,2025/10/08,404,52,207.0,111.0,280.0,448,
6831,2025/10/09,636,185,139.0,97.0,229.0,367,
6832,2025/10/10,708,77,332.0,177.0,774.0,394,
6833,2025/10/13,278,87,510.0,220.0,995.0,400,
6834,2025/10/14,404,331,121.0,101.0,237.0,342,
6835,2025/10/15,374,94,416.0,213.0,912.0,431,
6836,2025/10/16,157,137,466.0,223.0,1117.0,429,
6837,2025/10/17,729,111,433.0,273.0,907.0,484,
6838,2025/10/20,518,157,497.0,258.0,885.0,626,
6839,2025/10/21,204,177,347.0,186.0,920.0,623,
6840,2025/10/22,139,216,463.0,187.0,1266.0,422,
6841,2025/10/23,209,65,412.0,226.0,924.0,717,
6842,2025/10/24,472,97,652.0,212.0,1389.0,413,
6843,2025/10/27,631,99,641.0,210.0,1424.0,470,
6844,2025/10/28,656,55,173.0,124.0,240.0,428,
6845,2025/10/29,652,154,415.0,129.0,993.0,329,
6846,2025/10/30,013,51,467.0,138.0,1224.0,374,
6847,2025/10/31,395,143,375.0,190.0,912.0,417,
6848,2025/11/03,810,397,721.0,392.0,1375.0,509,
6849,2025/11/04,684,151,465.0,186.0,1030.0,430,
6850,2025/11/05,344,61,149.0,115.0,312.0,572,
6851,2025/11/06,199,256,192.0,148.0,311.0,854,
6852,2025/11/07,289,129,574.0,246.0,1256.0,447,
6853,2025/11/10,256,106,468.0,247.0,1036.0,450,
6854,2025/11/11,758,426,332.0,187.0,697.0,430,
6855,2025/11/12,663,272,147.0,112.0,217.0,462,
6856,2025/11/13,790,186,348.0,138.0,709.0,429,
6857,2025/11/14,706,87,309.0,137.0,670.0,390,
6858,2025/11/17,567,334,481.0,255.0,838.0,415,
6859,2025/11/18,143,141,397.0,134.0,1005.0,368,
6860,2025/11/19,379,410,318.0,146.0,720.0,301,
6861,2025/11/20,909,98,244.0,159.0,318.0,561,
6862,2025/11/21,619,113,474.0,314.0,976.0,466,
6863,2025/11/24,836,119,556.0,241.0,1156.0,489,
6864,2025/11/25,873,202,380.0,190.0,878.0,394,
6865,2025/11/26,106,165,308.0,169.0,659.0,397,
6866,2025/11/27,861,54,468.0,137.0,1210.0,331,
6867,2025/11/28,656,459,224.0,178.0,289.0,481,
6868,2025/12/01,886,62,281.0,191.0,336.0,444,
6869,2025/12/02,584,60,382.0,147.0,855.0,354,
6870,2025/12/03,156,95,439.0,196.0,1049.0,450,
6871,2025/12/04,973,814,358.0,100.0,748.0,327,
6872,2025/12/05,835,96,857.0,253.0,1892.0,406,
6873,2025/12/08,412,224,574.0,257.0,1150.0,441,
6874,2025/12/09,735,207,494.0,190.0,1137.0,291,
6875,2025/12/10,983,310,501.0,195.0,1218.0,440,
6876,2025/12/11,270,39,376.0,128.0,905.0,339,
6877,2025/12/12,567,115,391.0,198.0,755.0,376,
6878,2025/12/15,355,177,270.0,227.0,328.0,727,
6879,2025/12/16,003,393,180.0,106.0,281.0,450,
6880,2025/12/17,249,394,433.0,170.0,970.0,436,
6881,2025/12/18,558,182,140.0,131.0,233.0,437,
6882,2025/12/19,837,404,484.0,175.0,1029.0,692,
6883,2025/12/22,919,185,227.0,253.0,358.0,536,
6884,2025/12/23,112,99,235.0,236.0,446.0,308,
6885,2025/12/24,862,53,474.0,124.0,1234.0,352,
6886,2025/12/25,319,383,491.0,252.0,1066.0,401,
6887,2025/12/26,395,58,534.0,218.0,1169.0,394,
6888,2025/12/29,089,341,743.0,301.0,1636.0,550,
6889,2025/12/30,921,265,697.0,313.0,1468.0,609,
6890,2026/01/05,622,441,365.0,242.0,583.0,808,
6891,2026/01/06,696,55,190.0,132.0,298.0,434,
6892,2026/01/07,620,782,445.0,237.0,962.0,484,
6893,2026/01/08,649,53,471.0,151.0,994.0,397,
6894,2026/01/09,673,554,452.0,163.0,1022.0,453,
6895,2026/01/12,982,360,503.0,142.0,1136.0,436,
6896,2026/01/13,784,89,429.0,156.0,848.0,380,
6897,2026/01/14,325,138,416.0,313.0,869.0,472,
6898,2026/01/15,345,150,377.0,276.0,671.0,891,
6899,2026/01/16,597,574,352.0,173.0,819.0,395,
6900,2026/01/19,590,63,501.0,233.0,967.0,559,
6901,2026/01/20,932,520,387.0,138.0,968.0,519,
6902,2026/01/21,949,94,152.0,114.0,218.0,404,
6903,2026/01/22,527,594,517.0,261.0,1047.0,469,
6904,2026/01/23,443,61,146.0,158.0,195.0,336,
6905,2026/01/26,643,383,577.0,196.0,1151.0,425,
6906,2026/01/27,073,34,324.0,84.0,784.0,324,
6907,2026/01/28,447,65,211.0,134.0,220.0,649,
6908,2026/01/29,461,141,384.0,171.0,968.0,381,
6909,2026/01/30,388,70,168.0,124.0,242.0,600,
6910,2026/02/02,037,267,498.0,122.0,1005.0,643,
6911,2026/02/03,105,256,338.0,233.0,788.0,380,
6912,2026/02/04,160,451,371.0,134.0,829.0,500,
6913,2026/02/05,470,39,348.0,121.0,865.0,343,
6914,2026/02/06,388,67,134.0,143.0,271.0,465,
6915,2026/02/09,316,255,776.0,477.0,1225.0,580,
6916,2026/02/10,293,53,350.0,155.0,862.0,343,
6917,2026/02/11,224,82,240.0,223.0,260.0,525,
6918,2026/02/12,827,78,532.0,237.0,1029.0,404,
6919,2026/02/13,493,495,583.0,206.0,1176.0,359,
6920,2026/02/16,758,112,478.0,225.0,818.0,671,
6921,2026/02/17,269,91,451.0,206.0,1104.0,484,
6922,2026/02/18,979,144,156.0,113.0,231.0,395,
6923,2026/02/19,135,72,462.0,180.0,1050.0,369,
6924,2026/02/20,918,76,381.0,218.0,1042.0,482,
